id,item_type,provenance_status,valid_before,failures_before
007104ed-b4e4-4735-b7ac-c16bc214c1eb,regulation,verified,True,[]
007f42b1-265a-4504-8bd1-ea1557d410ad,framework,quarantined,False,"[{'claim': 'The FNTOP produced 12 technology-based strategies for freight safety and mobility, 6 of which were advanced to Concept of Operations.', 'reason': 'fact_below_authority_floor', 'priority': 'LOW', 'criterion': 3, 'floor_max': 2, 'item_type': 'framework', 'floor_basis': 'item_type_unconditional', 'floor_scope': 'default', 'source_tier_derived': 4}, {'claim': 'The Texas Freight Network Technology and Operations Plan (FNTOP) was published December 2020.', 'reason': 'fact_below_authority_floor', 'priority': 'LOW', 'criterion': 3, 'floor_max': 2, 'item_type': 'framework', 'floor_basis': 'item_type_unconditional', 'floor_scope': 'default', 'source_tier_derived': 4}, {'claim': ""The 2018 Texas Freight Mobility Plan (TFMP) provided Texas with a blueprint for facilitating continued economic growth through a comprehensive, multimodal strategy for addressing freight transportation. One major recommendation from the TFMP is for the TxDOT to develop and implement a statewide, technology-based freight safety and operations program... Based on this recommendation, the Freight Planning Branch within TxDOT's (TxDOT) Transportation Planning and Programming Division developed the Texas Freight Network Technology and Operations Plan (FNTOP), which outlines 12 technology based strategies, six of which were advanced to Concept of Operations, to help improve freight transportation safety and mobility in Texas."", 'reason': 'fact_below_authority_floor', 'priority': 'LOW', 'criterion': 3, 'floor_max': 2, 'item_type': 'framework', 'floor_basis': 'item_type_unconditional', 'floor_scope': 'default', 'source_tier_derived': 4}, {'reason': 'missing_required_slot', 'slot_key': 'primary_deadline', 'criterion': 5, 'item_type': 'framework'}]"
01126119-5005-4617-b7a5-0f1e37f1bedb,initiative,verified,True,[]
02ad37c7-8a11-434b-8626-55e92087fbc9,research_finding,quarantined,False,"[{'reason': 'gate_a_unproven_or_stale', 'criterion': 7}]"
03b5f234-3624-4fef-acec-922bd75bb46e,regulation,quarantined,False,"[{'claim': ""Per LR Class News 03/2026: 'shipping companies must also ensure that their ships connect to shore power systems whenever compatible facilities are available.'"", 'reason': 'fact_below_authority_floor', 'priority': 'CRITICAL', 'criterion': 3, 'floor_max': 2, 'item_type': 'regulation', 'floor_basis': 'priority', 'floor_scope': 'default', 'source_tier_derived': 4}, {'claim': ""Per LR: RFNBOs 'must achieve 70% or greater greenhouse gas reduction, measured under EU methodologies.'"", 'reason': 'fact_below_authority_floor', 'priority': 'CRITICAL', 'criterion': 3, 'floor_max': 2, 'item_type': 'regulation', 'floor_basis': 'priority', 'floor_scope': 'default', 'source_tier_derived': 4}, {'claim': ""LR GHG reduction threshold for biogas: 'It achieves 50% to 65% GHG reduction depending on production date.'"", 'reason': 'fact_below_authority_floor', 'priority': 'CRITICAL', 'criterion': 3, 'floor_max': 2, 'item_type': 'regulation', 'floor_basis': 'priority', 'floor_scope': 'default', 'source_tier_derived': 4}, {'claim': ""Per LR Class News 03/2026: 'The regulation does not require verification of actual ship emissions. Instead, compliance is presumed if the ship uses an approved energy source that meets the zero emission definition and, where relevant, uses best available technology to reduce nitrous oxide (N₂O). The regulation focuses on fuel properties, not measured output.'"", 'reason': 'fact_below_authority_floor', 'priority': 'CRITICAL', 'criterion': 3, 'floor_max': 2, 'item_type': 'regulation', 'floor_basis': 'priority', 'floor_scope': 'default', 'source_tier_derived': 4}, {'claim': ""Per LR Class News 03/2026: 'The following requirements apply regardless of whether ships operate entirely within the fjords or only transit them.'"", 'reason': 'fact_below_authority_floor', 'priority': 'CRITICAL', 'criterion': 3, 'floor_max': 2, 'item_type': 'regulation', 'floor_basis': 'priority', 'floor_scope': 'default', 'source_tier_derived': 4}, {'claim': ""DNV recommended that cruise operators consider 'aligning this with the planning for compliance with FuelEU Maritime. The reduced carbon in the regulated fjords could be used in a pooling strategy for vessels operating in EU waters.'"", 'reason': 'fact_below_authority_floor', 'priority': 'CRITICAL', 'criterion': 3, 'floor_max': 2, 'item_type': 'regulation', 'floor_basis': 'priority', 'floor_scope': 'default', 'source_tier_derived': 4}, {'claim': ""DNV's expert analysis (January 2024) noted that 'a supply chain for the needed amount of zero-carbon fuels will not be in place by 2026 and needs time to gradually develop.'"", 'reason': 'fact_below_authority_floor', 'priority': 'CRITICAL', 'criterion': 3, 'floor_max': 2, 'item_type': 'regulation', 'floor_basis': 'priority', 'floor_scope': 'default', 'source_tier_derived': 4}, {'claim': 'NOx Tier III requirements effective for ships ≥1,000 GT in the World Heritage fjords from 1 January 2025.', 'reason': 'fact_below_authority_floor', 'priority': 'CRITICAL', 'criterion': 3, 'floor_max': 2, 'item_type': 'regulation', 'floor_basis': 'priority', 'floor_scope': 'default', 'source_tier_derived': 7}, {'claim': ""For small vessels (<10,000 GT): 'Battery power is a good alternative for vessels under 10,000 GT and ... access to shore power is crucial to meeting the zero-emissions requirement.'"", 'reason': 'fact_below_authority_floor', 'priority': 'CRITICAL', 'criterion': 3, 'floor_max': 2, 'item_type': 'regulation', 'floor_basis': 'priority', 'floor_scope': 'default', 'source_tier_derived': None}, {'claim': 'In 2022, Havila Voyages ran a demonstration of a passenger ship operating solely on batteries in Geirangerfjord.', 'reason': 'fact_below_authority_floor', 'priority': 'CRITICAL', 'criterion': 3, 'floor_max': 2, 'item_type': 'regulation', 'floor_basis': 'priority', 'floor_scope': 'default', 'source_tier_derived': 7}, {'claim': ""'Use of hydrogen and ammonia technology as an alternative to conventional fuel is not accessible by smaller passenger vessels,' per NMA as cited by Nautilus International."", 'reason': 'fact_below_authority_floor', 'priority': 'CRITICAL', 'criterion': 3, 'floor_max': 2, 'item_type': 'regulation', 'floor_basis': 'priority', 'floor_scope': 'default', 'source_tier_derived': None}, {'reason': 'unlabeled_assertion', 'criterion': 4, 'section_row_id': '7e0ea0fd-bc49-4356-9269-96e261c39c98'}, {'reason': 'missing_required_slot', 'slot_key': 'primary_deadline', 'criterion': 5, 'item_type': 'regulation'}, {'reason': 'gate_a_unproven_or_stale', 'criterion': 7}]"
053123bc-2c11-45ec-a5a1-83828b666b11,regional_data,quarantined,False,"[{'reason': 'no_section_content', 'criterion': 2}, {'reason': 'gate_a_unproven_or_stale', 'criterion': 7}]"
0554d47e-3e90-40cb-aced-fcfb42ff793d,framework,unverified,False,"[{'reason': 'no_section_content', 'criterion': 2}, {'reason': 'missing_full_brief', 'criterion': 6}]"
05b786f8-8753-4e81-923e-ee9d76c56609,tool,unverified,False,"[{'reason': 'source_not_active', 'status': 'suspended', 'criterion': 1, 'source_id': '4fdb662c-3ab1-4987-b754-5530c9e511e1'}, {'reason': 'no_section_content', 'criterion': 2}, {'reason': 'missing_full_brief', 'criterion': 6}]"
05e2d1c1-7e87-443a-9178-a475d4d6c3b9,regulation,quarantined,False,"[{'claim': ""[primary_deadline] 'The second funding call, which also provides funding for operationally-critical hydrogen refuelling infrastructure, ends in August 2022.'"", 'reason': 'fact_below_authority_floor', 'priority': 'LOW', 'criterion': 3, 'floor_max': 2, 'item_type': 'regulation', 'floor_basis': 'item_type_unconditional', 'floor_scope': 'default', 'source_tier_derived': 3}, {'claim': '[primary_deadline] The second KsNI funding call, which also provides funding for operationally-critical hydrogen refuelling infrastructure, ended in August 2022.', 'reason': 'fact_below_authority_floor', 'priority': 'LOW', 'criterion': 3, 'floor_max': 2, 'item_type': 'regulation', 'floor_basis': 'item_type_unconditional', 'floor_scope': 'default', 'source_tier_derived': 3}, {'claim': ""'For trucks weighing over 12 tonnes, their number of electric trucks in Germany will increase twenty-fold as a result of the funding.'"", 'reason': 'fact_below_authority_floor', 'priority': 'LOW', 'criterion': 3, 'floor_max': 2, 'item_type': 'regulation', 'floor_basis': 'item_type_unconditional', 'floor_scope': 'default', 'source_tier_derived': 3}, {'claim': ""'The KsNI funding guideline is coordinated by NOW GmbH. Applications are approved by the Federal Office for Goods Transport.'"", 'reason': 'fact_below_authority_floor', 'priority': 'LOW', 'criterion': 3, 'floor_max': 2, 'item_type': 'regulation', 'floor_basis': 'item_type_unconditional', 'floor_scope': 'default', 'source_tier_derived': 3}, {'claim': ""The KsNI guideline funds 'commercial vehicles with alternative, climate-protecting drives and the associated refuelling and charging infrastructure.' Under the first call, 'around 300 projects worth about 190 million euros were approved.'"", 'reason': 'fact_below_authority_floor', 'priority': 'LOW', 'criterion': 3, 'floor_max': 2, 'item_type': 'regulation', 'floor_basis': 'item_type_unconditional', 'floor_scope': 'default', 'source_tier_derived': 3}, {'claim': ""'With around 158 million euros, the BMDV is funding the procurement of 1,217 climate-friendly commercial vehicles with electric and hydrogen drive systems.' Electric vehicles by category: N1 (up to 3.5 t): 321; N2 (3.5–12 t): 161; N3 (over 12 t): 439. Hydrogen vehicles: N1: 105; N2: 4; N3: 181."", 'reason': 'fact_below_authority_floor', 'priority': 'LOW', 'criterion': 3, 'floor_max': 2, 'item_type': 'regulation', 'floor_basis': 'item_type_unconditional', 'floor_scope': 'default', 'source_tier_derived': 3}, {'claim': 'KsNI applications are approved by the Federal Office for Goods Transport (Bundesamt für Güterverkehr, BAG). The programme is coordinated by NOW GmbH.', 'reason': 'fact_below_authority_floor', 'priority': 'LOW', 'criterion': 3, 'floor_max': 2, 'item_type': 'regulation', 'floor_basis': 'item_type_unconditional', 'floor_scope': 'default', 'source_tier_derived': 3}, {'claim': ""Through the BMDV KsNI programme, 'over 1,200 vehicles with electric and hydrogen drives have been procured and almost 1,500 charging points have been facilitated' under the first call alone."", 'reason': 'fact_below_authority_floor', 'priority': 'LOW', 'criterion': 3, 'floor_max': 2, 'item_type': 'regulation', 'floor_basis': 'item_type_unconditional', 'floor_scope': 'default', 'source_tier_derived': 3}, {'claim': '[primary_deadline] KsNI second funding call closed August 2022.', 'reason': 'fact_below_authority_floor', 'priority': 'LOW', 'criterion': 3, 'floor_max': 2, 'item_type': 'regulation', 'floor_basis': 'item_type_unconditional', 'floor_scope': 'default', 'source_tier_derived': 3}, {'reason': 'unlabeled_assertion', 'criterion': 4, 'section_row_id': '9aeef696-6b40-4655-9a53-42a76e0d528a'}, {'reason': 'gate_a_unproven_or_stale', 'criterion': 7}]"
0658844a-5f65-4444-89fb-bf73a22bafc6,regional_data,verified,True,[]
0781a8c0-5e17-4841-819c-fe9cd91eff15,tool,quarantined,False,"[{'reason': 'no_section_content', 'criterion': 2}, {'reason': 'gate_a_unproven_or_stale', 'criterion': 7}]"
0841c98d-dee1-4d81-956f-a8b0754db62c,guidance,unverified,False,"[{'reason': 'no_section_content', 'criterion': 2}, {'reason': 'missing_full_brief', 'criterion': 6}]"
08b0a1b3-ff0f-4bcb-9b8e-bc05a7c2cb47,framework,quarantined,False,"[{'claim': ""SDG 9 is framed as: 'Build resilient infrastructure, promote inclusive and sustainable industrialization and foster innovation.' It carries 8 targets."", 'reason': 'fact_below_authority_floor', 'priority': 'LOW', 'criterion': 3, 'floor_max': 2, 'item_type': 'framework', 'floor_basis': 'item_type_unconditional', 'floor_scope': 'default', 'source_tier_derived': 3}, {'claim': ""SDG 13 is framed as: 'Take urgent action to combat climate change and its impacts.' It carries 5 targets."", 'reason': 'fact_below_authority_floor', 'priority': 'LOW', 'criterion': 3, 'floor_max': 2, 'item_type': 'framework', 'floor_basis': 'item_type_unconditional', 'floor_scope': 'default', 'source_tier_derived': 3}, {'claim': ""The 2030 Agenda explicitly states: 'sustainable transport systems, along with universal access to affordable, reliable, sustainable and modern energy services, quality and resilient infrastructure, and other policies that increase productive capacities, would build strong economic foundations for all countries.'"", 'reason': 'fact_below_authority_floor', 'priority': 'LOW', 'criterion': 3, 'floor_max': 2, 'item_type': 'framework', 'floor_basis': 'item_type_unconditional', 'floor_scope': 'default', 'source_tier_derived': 4}, {'claim': 'Transport contributes directly to SDG 9.1 (sustainable infrastructure) and indirectly to SDG 13.1 (climate change adaptation) and SDG 13.2 (climate change mitigation).', 'reason': 'fact_below_authority_floor', 'priority': 'LOW', 'criterion': 3, 'floor_max': 2, 'item_type': 'framework', 'floor_basis': 'item_type_unconditional', 'floor_scope': 'default', 'source_tier_derived': 4}, {'claim': ""The importance of transport for climate action is recognized under the UNFCCC: 'the transport sector will be playing a particularly important role in the achievement of the Paris Agreement, given the fact close to a quarter of energy-related global greenhouse gas emissions come from transport and that these emissions are projected to grow substantially in the years to come.'"", 'reason': 'fact_below_authority_floor', 'priority': 'LOW', 'criterion': 3, 'floor_max': 2, 'item_type': 'framework', 'floor_basis': 'item_type_unconditional', 'floor_scope': 'default', 'source_tier_derived': 3}, {'claim': 'Sustainable transport saw the largest rise (96 per cent) in climate finance flows reaching an annual average of $1.3 trillion in the biennium 2021–2022, a 63 per cent increase from 2019 to 2020.', 'reason': 'fact_below_authority_floor', 'priority': 'LOW', 'criterion': 3, 'floor_max': 2, 'item_type': 'framework', 'floor_basis': 'item_type_unconditional', 'floor_scope': 'default', 'source_tier_derived': 3}, {'claim': ""Target 9.1 indicator 9.1.2 is 'Passenger and freight volumes, by mode of transport.'"", 'reason': 'fact_below_authority_floor', 'priority': 'LOW', 'criterion': 3, 'floor_max': 2, 'item_type': 'framework', 'floor_basis': 'item_type_unconditional', 'floor_scope': 'default', 'source_tier_derived': 3}, {'claim': ""From 2015 to 2023, global maritime freight volumes in terms of goods loaded grew from 10.3 to 11.6 billion tons, with developing countries' share increasing from 49 to 54 per cent."", 'reason': 'fact_below_authority_floor', 'priority': 'LOW', 'criterion': 3, 'floor_max': 2, 'item_type': 'framework', 'floor_basis': 'item_type_unconditional', 'floor_scope': 'default', 'source_tier_derived': 3}, {'claim': 'In 2024, global CO2 emissions from fuel combustion and industrial processes reached a record 37.6 gigatons, a 0.8 per cent increase from 2023.', 'reason': 'fact_below_authority_floor', 'priority': 'LOW', 'criterion': 3, 'floor_max': 2, 'item_type': 'framework', 'floor_basis': 'item_type_unconditional', 'floor_scope': 'default', 'source_tier_derived': 3}, {'claim': '[effective_date] The United Nations Decade of Sustainable Transport was declared by the United Nations General Assembly in 2023 (resolution A/RES/78/148) to start in 2026.', 'reason': 'fact_below_authority_floor', 'priority': 'LOW', 'criterion': 3, 'floor_max': 2, 'item_type': 'framework', 'floor_basis': 'item_type_unconditional', 'floor_scope': 'default', 'source_tier_derived': 3}, {'claim': 'The UN Decade of Sustainable Transport 2026–2035 was launched at the UN Headquarters on 10 December 2025.', 'reason': 'fact_below_authority_floor', 'priority': 'LOW', 'criterion': 3, 'floor_max': 2, 'item_type': 'framework', 'floor_basis': 'item_type_unconditional', 'floor_scope': 'default', 'source_tier_derived': 3}, {'claim': 'UN Decade of Sustainable Transport Annual Stocktake re-check window: July 2026.', 'reason': 'fact_below_authority_floor', 'priority': 'LOW', 'criterion': 3, 'floor_max': 2, 'item_type': 'framework', 'floor_basis': 'item_type_unconditional', 'floor_scope': 'default', 'source_tier_derived': 3}, {'claim': 'An Open Stage Café event at the International Transport Forum Summit 2026 is scheduled for 7 May 2026 in Leipzig, Germany, linked to the UN Decade of Sustainable Transport.', 'reason': 'fact_below_authority_floor', 'priority': 'LOW', 'criterion': 3, 'floor_max': 2, 'item_type': 'framework', 'floor_basis': 'item_type_unconditional', 'floor_scope': 'default', 'source_tier_derived': 3}, {'claim': ""SDG 9.4 sets a target for Member States to 'upgrade infrastructure and retrofit industries to make them sustainable.'"", 'reason': 'fact_below_authority_floor', 'priority': 'LOW', 'criterion': 3, 'floor_max': 2, 'item_type': 'framework', 'floor_basis': 'item_type_unconditional', 'floor_scope': 'default', 'source_tier_derived': 3}, {'claim': ""SDG 13.2's indicator is 'Total greenhouse gas emissions per year' at national level."", 'reason': 'fact_below_authority_floor', 'priority': 'LOW', 'criterion': 3, 'floor_max': 2, 'item_type': 'framework', 'floor_basis': 'item_type_unconditional', 'floor_scope': 'default', 'source_tier_derived': 3}, {'claim': 'Transport contributes directly to SDG 9.1 (sustainable infrastructure) and indirectly to SDG 13.1 (adaptation) and SDG 13.2 (mitigation).', 'reason': 'fact_below_authority_floor', 'priority': 'LOW', 'criterion': 3, 'floor_max': 2, 'item_type': 'framework', 'floor_basis': 'item_type_unconditional', 'floor_scope': 'default', 'source_tier_derived': 4}, {'claim': 'Sustainable transport saw the largest rise (96 per cent) in climate finance flows.', 'reason': 'fact_below_authority_floor', 'priority': 'LOW', 'criterion': 3, 'floor_max': 2, 'item_type': 'framework', 'floor_basis': 'item_type_unconditional', 'floor_scope': 'default', 'source_tier_derived': 3}, {'claim': 'The number of people affected by disasters surged by more than two thirds, from 1,158 per 100,000 population in the period 2005–2014 to 2,028 in the period 2014–2023.', 'reason': 'fact_below_authority_floor', 'priority': 'LOW', 'criterion': 3, 'floor_max': 2, 'item_type': 'framework', 'floor_basis': 'item_type_unconditional', 'floor_scope': 'default', 'source_tier_derived': 3}, {'claim': 'Small island developing States and landlocked developing countries remained marginalized owing to infrastructure and cost barriers in maritime freight access.', 'reason': 'fact_below_authority_floor', 'priority': 'LOW', 'criterion': 3, 'floor_max': 2, 'item_type': 'framework', 'floor_basis': 'item_type_unconditional', 'floor_scope': 'default', 'source_tier_derived': 3}, {'claim': ""SLOCAT's news feed includes: 'The Freight Sector Has a Blind Spot. This New Global Survey Wants to Fix It.'"", 'reason': 'fact_below_authority_floor', 'priority': 'LOW', 'criterion': 3, 'floor_max': 2, 'item_type': 'framework', 'floor_basis': 'item_type_unconditional', 'floor_scope': 'default', 'source_tier_derived': 4}, {'claim': 'The Implementation Plan for the UN Decade of Sustainable Transport (2026–2035) was launched on 10 December 2025.', 'reason': 'fact_below_authority_floor', 'priority': 'LOW', 'criterion': 3, 'floor_max': 2, 'item_type': 'framework', 'floor_basis': 'item_type_unconditional', 'floor_scope': 'default', 'source_tier_derived': 3}, {'claim': 'UN Decade of Sustainable Transport formally begins 2026, with Implementation Plan launched 10 December 2025.', 'reason': 'fact_below_authority_floor', 'priority': 'LOW', 'criterion': 3, 'floor_max': 2, 'item_type': 'framework', 'floor_basis': 'item_type_unconditional', 'floor_scope': 'default', 'source_tier_derived': 3}, {'reason': 'gate_a_unproven_or_stale', 'criterion': 7}]"
0980d468-79aa-4343-b353-7bd6d5b75c2b,market_signal,quarantined,False,"[{'reason': 'gate_a_unproven_or_stale', 'criterion': 7}]"
09bdd3a0-4cd2-4ce5-8f7a-79454ae4f381,regulation,unverified,False,"[{'url': 'https://transport.ec.europa.eu/news-events/news/landmark-agreement-towards-achieving-net-zero-emissions-global-shipping-2050-2025-04-11_en', 'reason': 'ungrounded_url', 'criterion': 2}, {'url': 'https://blogs.worldbank.org/en/transport/new-climate-deal-shipping-three-decades-zero', 'reason': 'ungrounded_url', 'criterion': 2}, {'url': 'https://globalmaritimeforum.org/news/a-guide-to-the-imos-net-zero-framework', 'reason': 'ungrounded_url', 'criterion': 2}, {'url': 'https://odsorient.com/en/imo-co%e2%82%82-regulations-2026-that-will-change-for-exporters-2', 'reason': 'ungrounded_url', 'criterion': 2}, {'url': 'https://ammoniaenergy.org/articles/mepc-83-global-shipping-gets-its-first-ever-emissions-pricing-mechanism', 'reason': 'ungrounded_url', 'criterion': 2}, {'url': 'https://dnv.com/news/2025/imo-mepc-83-ghg-requirements-approved-taking-effect-from-2028', 'reason': 'ungrounded_url', 'criterion': 2}, {'url': 'https://transport.ec.europa.eu/news-events/news/landmark-agreement-towards-achieving-net-zero-emissions-global-shipping-2050-2025-04-11_en', 'reason': 'ungrounded_url', 'criterion': 2}, {'url': 'https://imo.org/en/mediacentre/pressbriefings/pages/imo-approves-netzero-regulations.aspx', 'reason': 'ungrounded_url', 'criterion': 2}, {'url': 'https://imo.org/en/ourwork/environment/pages/mid--and-long-term-ghg-reduction-measures.aspx', 'reason': 'ungrounded_url', 'criterion': 2}, {'url': 'https://iddri.org/en/publications-and-events/blog-post/shipping-transition-imos-timely-negotiations-net-zero-future', 'reason': 'ungrounded_url', 'criterion': 2}, {'url': 'https://globalmaritimeforum.org/insight/the-implications-of-the-imo-revised-ghg-strategy-for-shipping', 'reason': 'ungrounded_url', 'criterion': 2}, {'url': 'https://wwwcdn.imo.org/localresources/en/knowledgecentre/indexofimoresolutions/mepcdocuments/mepc.377(80', 'reason': 'ungrounded_url', 'criterion': 2}, {'url': 'https://imo.org/en/mediacentre/pressbriefings/pages/imo-approves-netzero-regulations.aspx', 'reason': 'ungrounded_url', 'criterion': 2}, {'url': 'https://imo.org/en/mediacentre/pressbriefings/pages/revised-ghg-reduction-strategy-for-global-shipping-adopted-.aspx', 'reason': 'ungrounded_url', 'criterion': 2}, {'url': 'https://imo.org/en/mediacentre/meetingsummaries/pages/mepc-83rd-session.aspx', 'reason': 'ungrounded_url', 'criterion': 2}, {'url': 'https://imo.org/en/mediacentre/meetingsummaries/pages/mepc-83rd-session.aspx', 'reason': 'ungrounded_url', 'criterion': 2}, {'url': 'https://britanniapandi.com/2025/06/regulatory-overview-of-carbon-intensity-indicator-cii-and-energy-efficiency-existing-ship-index-eexi', 'reason': 'ungrounded_url', 'criterion': 2}, {'url': 'https://safety4sea.com/mepc-80-agrees-on-revised-ghg-strategy', 'reason': 'ungrounded_url', 'criterion': 2}, {'url': 'https://dnv.com/news/2025/imo-mepc-83-ghg-requirements-approved-taking-effect-from-2028', 'reason': 'ungrounded_url', 'criterion': 2}, {'url': 'https://iumi.com/newsletter-june-2025/mepc-83-update', 'reason': 'ungrounded_url', 'criterion': 2}, {'reason': 'unlabeled_assertion', 'criterion': 4, 'section_row_id': '175b0692-1bb8-402c-b45b-272b4d942dc0'}, {'reason': 'unlabeled_assertion', 'criterion': 4, 'section_row_id': '80d9d553-cfdd-469a-ba19-b44433cd6bf9'}, {'reason': 'unlabeled_assertion', 'criterion': 4, 'section_row_id': 'c10ec576-9f22-4119-9f02-fcadcafeb261'}, {'reason': 'unlabeled_assertion', 'criterion': 4, 'section_row_id': '7a3dbb09-cab0-4043-8472-4b6c53108f51'}, {'reason': 'unlabeled_assertion', 'criterion': 4, 'section_row_id': '19bbf575-4923-4c4a-9a15-742008fca658'}, {'reason': 'unlabeled_assertion', 'criterion': 4, 'section_row_id': '6cfffd3e-ab71-4b01-b47f-8f9f63cb9d36'}, {'reason': 'missing_required_slot', 'slot_key': 'effective_date', 'criterion': 5, 'item_type': 'regulation'}, {'reason': 'missing_required_slot', 'slot_key': 'primary_deadline', 'criterion': 5, 'item_type': 'regulation'}, {'reason': 'missing_required_slot', 'slot_key': 'jurisdictional_scope', 'criterion': 5, 'item_type': 'regulation'}, {'reason': 'missing_required_slot', 'slot_key': 'penalty_summary', 'criterion': 5, 'item_type': 'regulation'}, {'reason': 'missing_full_brief', 'criterion': 6}]"
09f8d920-068e-49ff-8973-b1344c0d9701,initiative,verified,True,[]
0a8b8ef0-0c6c-406c-a5b5-321709fa5237,market_signal,verified,True,[]
0af6afdf-cfba-4562-87ce-ea4e012f7889,initiative,verified,True,[]
0b6537ea-1c85-41b9-81ed-1486fd72ea18,regulation,verified,True,[]
0c03b4bd-98f0-4513-9176-c4b656db8803,framework,quarantined,False,"[{'reason': 'no_section_content', 'criterion': 2}, {'reason': 'gate_a_unproven_or_stale', 'criterion': 7}]"
0c2c1ec1-abc9-40df-b6ed-e8eee6bdee29,research_finding,verified,True,[]
0c9b2364-468e-48fe-8360-fc5338f24598,regulation,verified,True,[]
0e6e82cb-84fc-49ab-8078-c6500e13ee82,research_finding,verified,True,[]
0ea6a710-5dc0-4f31-b857-5c0bf6825770,regulation,quarantined,False,"[{'claim': '[effective_date] Since November 2024, State Driver Licensing Agencies (including NY DMV) must now query the Clearinghouse before issuing, renewing, or upgrading CDLs. Drivers with unresolved violations cannot obtain or renew their CDL.', 'reason': 'fact_below_authority_floor', 'priority': 'CRITICAL', 'criterion': 3, 'floor_max': 2, 'item_type': 'regulation', 'floor_basis': 'priority', 'floor_scope': 'default', 'source_tier_derived': None}, {'claim': 'Brake violations top the list for Out-of-Service orders nationwide, and New York is no exception. Lighting defects are the easiest to catch and the easiest to prevent.', 'reason': 'fact_below_authority_floor', 'priority': 'CRITICAL', 'criterion': 3, 'floor_max': 2, 'item_type': 'regulation', 'floor_basis': 'priority', 'floor_scope': 'default', 'source_tier_derived': None}, {'claim': '[effective_date] NY DMV must query Clearinghouse at CDL issuance/renewal/upgrade since November 2024.', 'reason': 'fact_below_authority_floor', 'priority': 'CRITICAL', 'criterion': 3, 'floor_max': 2, 'item_type': 'regulation', 'floor_basis': 'priority', 'floor_scope': 'default', 'source_tier_derived': None}, {'claim': '[primary_deadline] Every USDOT number holder must file a biennial update with the FMCSA every two years.', 'reason': 'fact_below_authority_floor', 'priority': 'CRITICAL', 'criterion': 3, 'floor_max': 2, 'item_type': 'regulation', 'floor_basis': 'priority', 'floor_scope': 'default', 'source_tier_derived': None}, {'claim': '[penalty_summary] Starting operations before your certificate is issued can result in denial of your application and civil or criminal penalties.', 'reason': 'fact_below_authority_floor', 'priority': 'CRITICAL', 'criterion': 3, 'floor_max': 2, 'item_type': 'regulation', 'floor_basis': 'priority', 'floor_scope': 'default', 'source_tier_derived': None}, {'claim': '[jurisdictional_scope] Under federal rules, any vehicle used in interstate commerce with a gross vehicle weight rating or gross combination weight rating of 10,001 pounds or more requires a USDOT number.', 'reason': 'fact_below_authority_floor', 'priority': 'CRITICAL', 'criterion': 3, 'floor_max': 2, 'item_type': 'regulation', 'floor_basis': 'priority', 'floor_scope': 'default', 'source_tier_derived': None}, {'claim': '[jurisdictional_scope] Carriers operating exclusively within New York under intrastate authority are not subject to UCR, but the moment you add interstate operations, the annual fee applies.', 'reason': 'fact_below_authority_floor', 'priority': 'CRITICAL', 'criterion': 3, 'floor_max': 2, 'item_type': 'regulation', 'floor_basis': 'priority', 'floor_scope': 'default', 'source_tier_derived': None}, {'claim': '[jurisdictional_scope] You must register for a HUT certificate of registration even if the vehicle is registered in another state and only passes through New York occasionally.', 'reason': 'fact_below_authority_floor', 'priority': 'CRITICAL', 'criterion': 3, 'floor_max': 2, 'item_type': 'regulation', 'floor_basis': 'priority', 'floor_scope': 'default', 'source_tier_derived': None}, {'claim': '[jurisdictional_scope] Any commercial vehicle with GVWR or GCWR of 10,001 lbs or more operating in New York (interstate or intrastate) requires a USDOT number.', 'reason': 'fact_below_authority_floor', 'priority': 'CRITICAL', 'criterion': 3, 'floor_max': 2, 'item_type': 'regulation', 'floor_basis': 'priority', 'floor_scope': 'default', 'source_tier_derived': None}, {'claim': '[primary_deadline] Each vehicle operating solely under intrastate property authority must also carry a New York State Intrastate Vehicle Identification Receipt, which costs $10 per vehicle and must be renewed annually.', 'reason': 'fact_below_authority_floor', 'priority': 'CRITICAL', 'criterion': 3, 'floor_max': 2, 'item_type': 'regulation', 'floor_basis': 'priority', 'floor_scope': 'default', 'source_tier_derived': None}, {'claim': '[effective_date] ELDT requirement effective February 7, 2022 for first-time CDL applicants.', 'reason': 'fact_below_authority_floor', 'priority': 'CRITICAL', 'criterion': 3, 'floor_max': 2, 'item_type': 'regulation', 'floor_basis': 'priority', 'floor_scope': 'default', 'source_tier_derived': None}, {'claim': '[penalty_summary] UCR non-registration can lead to fines up to $1,000 per truck.', 'reason': 'fact_below_authority_floor', 'priority': 'CRITICAL', 'criterion': 3, 'floor_max': 2, 'item_type': 'regulation', 'floor_basis': 'priority', 'floor_scope': 'default', 'source_tier_derived': None}, {'claim': 'All property carriers applying for intrastate operating authority must already have a USDOT number before applying.', 'reason': 'fact_below_authority_floor', 'priority': 'CRITICAL', 'criterion': 3, 'floor_max': 2, 'item_type': 'regulation', 'floor_basis': 'priority', 'floor_scope': 'default', 'source_tier_derived': None}, {'claim': '[primary_deadline] The HUT tax is calculated based on weight and mileage traveled on New York roads, and returns must be filed quarterly.', 'reason': 'fact_below_authority_floor', 'priority': 'CRITICAL', 'criterion': 3, 'floor_max': 2, 'item_type': 'regulation', 'floor_basis': 'priority', 'floor_scope': 'default', 'source_tier_derived': None}, {'claim': 'Pre-employment query required before hiring any CDL driver; annual query required for all current CDL drivers.', 'reason': 'fact_below_authority_floor', 'priority': 'CRITICAL', 'criterion': 3, 'floor_max': 2, 'item_type': 'regulation', 'floor_basis': 'priority', 'floor_scope': 'default', 'source_tier_derived': None}, {'claim': 'If you plan to haul property for hire within New York, you need New York State intrastate operating authority in addition to your USDOT number.', 'reason': 'fact_below_authority_floor', 'priority': 'CRITICAL', 'criterion': 3, 'floor_max': 2, 'item_type': 'regulation', 'floor_basis': 'priority', 'floor_scope': 'default', 'source_tier_derived': None}, {'claim': 'The HUT applies to trucks and tractors with a gross weight over 18,000 pounds that travel on New York highways.', 'reason': 'fact_below_authority_floor', 'priority': 'CRITICAL', 'criterion': 3, 'floor_max': 2, 'item_type': 'regulation', 'floor_basis': 'priority', 'floor_scope': 'default', 'source_tier_derived': None}, {'claim': '[effective_date] ""Since January 2020, employers must use the FMCSA Drug & Alcohol Clearinghouse to check driver violation histories. This applies to all CDL drivers subject to USDOT drug and alcohol testing.""', 'reason': 'fact_below_authority_floor', 'priority': 'CRITICAL', 'criterion': 3, 'floor_max': 2, 'item_type': 'regulation', 'floor_basis': 'priority', 'floor_scope': 'default', 'source_tier_derived': None}, {'claim': '[effective_date] Since February 7, 2022, first-time Class A or Class B CDL applicants, drivers upgrading from Class B to Class A, and first-time H, P, or S endorsement applicants must complete Entry-Level Driver Training from an FMCSA-registered provider.', 'reason': 'fact_below_authority_floor', 'priority': 'CRITICAL', 'criterion': 3, 'floor_max': 2, 'item_type': 'regulation', 'floor_basis': 'priority', 'floor_scope': 'default', 'source_tier_derived': None}, {'claim': 'ELD compliance or proper paper logs covering the current status plus the previous 7 days are verified at inspections.', 'reason': 'fact_below_authority_floor', 'priority': 'CRITICAL', 'criterion': 3, 'floor_max': 2, 'item_type': 'regulation', 'floor_basis': 'priority', 'floor_scope': 'default', 'source_tier_derived': None}, {'claim': 'Employers must report positive tests, refusals, and actual knowledge of drug/alcohol use within 3 business days.', 'reason': 'fact_below_authority_floor', 'priority': 'CRITICAL', 'criterion': 3, 'floor_max': 2, 'item_type': 'regulation', 'floor_basis': 'priority', 'floor_scope': 'default', 'source_tier_derived': None}, {'claim': '[primary_deadline] Annual vehicle inspection required for all CMVs over 10,001 lbs GVWR under 49 CFR 396.17. Inspection report must be carried in-vehicle at all times.', 'reason': 'fact_below_authority_floor', 'priority': 'CRITICAL', 'criterion': 3, 'floor_max': 2, 'item_type': 'regulation', 'floor_basis': 'priority', 'floor_scope': 'default', 'source_tier_derived': None}, {'claim': 'General inspector qualifications are defined in 49 CFR 396.19. Brake inspector qualifications are defined in 49 CFR 396.25.', 'reason': 'fact_below_authority_floor', 'priority': 'CRITICAL', 'criterion': 3, 'floor_max': 2, 'item_type': 'regulation', 'floor_basis': 'priority', 'floor_scope': 'default', 'source_tier_derived': None}, {'claim': 'Vehicles over 18,000 lbs must pass a Heavy Vehicle Inspection at a DMV-licensed station.', 'reason': 'fact_below_authority_floor', 'priority': 'CRITICAL', 'criterion': 3, 'floor_max': 2, 'item_type': 'regulation', 'floor_basis': 'priority', 'floor_scope': 'default', 'source_tier_derived': None}, {'claim': 'Minimum liability insurance: General freight (non-hazmat) vehicles 10,001 lbs GVWR or more: $750,000; household goods: $750,000; oil transport: $1,000,000; hazmat: $5,000,000; passenger carriers 16+ capacity: $5,000,000; passenger carriers under 16 capacity: $1,500,000.', 'reason': 'fact_below_authority_floor', 'priority': 'CRITICAL', 'criterion': 3, 'floor_max': 2, 'item_type': 'regulation', 'floor_basis': 'priority', 'floor_scope': 'default', 'source_tier_derived': None}, {'claim': 'For-hire interstate carriers with vehicles under 10,001 lbs GVWR: $300,000 minimum in bodily injury and property damage coverage.', 'reason': 'fact_below_authority_floor', 'priority': 'CRITICAL', 'criterion': 3, 'floor_max': 2, 'item_type': 'regulation', 'floor_basis': 'priority', 'floor_scope': 'default', 'source_tier_derived': None}, {'claim': 'Proof of insurance must be filed with FMCSA (Form BMC-91 or BMC-91X) for for-hire carriers.', 'reason': 'fact_below_authority_floor', 'priority': 'CRITICAL', 'criterion': 3, 'floor_max': 2, 'item_type': 'regulation', 'floor_basis': 'priority', 'floor_scope': 'default', 'source_tier_derived': None}, {'claim': 'NYS legal size/weight limits: gross vehicle weight 80,000 lbs; single axle 22,400 lbs; tandem axle 36,000 lbs; width 8.5 feet (102 inches); height 13.5 feet; overall length 65 feet for single vehicles.', 'reason': 'fact_below_authority_floor', 'priority': 'CRITICAL', 'criterion': 3, 'floor_max': 2, 'item_type': 'regulation', 'floor_basis': 'priority', 'floor_scope': 'default', 'source_tier_derived': None}, {'claim': 'Vehicles exceeding standard limits in NYC require separate permits from NYC DOT in addition to NYSDOT permits.', 'reason': 'fact_below_authority_floor', 'priority': 'CRITICAL', 'criterion': 3, 'floor_max': 2, 'item_type': 'regulation', 'floor_basis': 'priority', 'floor_scope': 'default', 'source_tier_derived': None}, {'claim': 'Each type of operating authority costs a non-refundable $300 filing fee.', 'reason': 'fact_below_authority_floor', 'priority': 'CRITICAL', 'criterion': 3, 'floor_max': 2, 'item_type': 'regulation', 'floor_basis': 'priority', 'floor_scope': 'default', 'source_tier_derived': None}, {'claim': 'Processing takes roughly four to six weeks for long-haul authority if the application is complete. During that window, FMCSA publishes the application for a 10-day protest period; proof of insurance and a BOC-3 form must be submitted before the authority becomes active.', 'reason': 'fact_below_authority_floor', 'priority': 'CRITICAL', 'criterion': 3, 'floor_max': 2, 'item_type': 'regulation', 'floor_basis': 'priority', 'floor_scope': 'default', 'source_tier_derived': None}, {'claim': 'For 2026, UCR fee brackets: 0–2 vehicles $46; 3–5 vehicles $138; 6–20 vehicles $276; 21–100 vehicles $963; 101–1,000 vehicles $4,592; 1,001+ vehicles $44,836. Brokers and leasing companies pay the lowest tier regardless of fleet size.', 'reason': 'fact_below_authority_floor', 'priority': 'CRITICAL', 'criterion': 3, 'floor_max': 2, 'item_type': 'regulation', 'floor_basis': 'priority', 'floor_scope': 'default', 'source_tier_derived': None}, {'claim': ""Interstate carriers based in New York with vehicles over 26,000 lbs GVW (or 3+ axles regardless of weight) traveling in two or more jurisdictions register through NY DMV's International Registration Bureau for IRP plates and cab cards. Annual renewal required."", 'reason': 'fact_below_authority_floor', 'priority': 'CRITICAL', 'criterion': 3, 'floor_max': 2, 'item_type': 'regulation', 'floor_basis': 'priority', 'floor_scope': 'default', 'source_tier_derived': None}, {'claim': 'For vehicles traveling across state lines and weighing over 26,000 pounds, New York requires participation in IFTA. Quarterly filing required.', 'reason': 'fact_below_authority_floor', 'priority': 'CRITICAL', 'criterion': 3, 'floor_max': 2, 'item_type': 'regulation', 'floor_basis': 'priority', 'floor_scope': 'default', 'source_tier_derived': None}, {'claim': 'For trucks and tractors, the HUT decal goes on the body near the front license plate. Trailers carrying automotive fuel display the decal near the rear plate.', 'reason': 'fact_below_authority_floor', 'priority': 'CRITICAL', 'criterion': 3, 'floor_max': 2, 'item_type': 'regulation', 'floor_basis': 'priority', 'floor_scope': 'default', 'source_tier_derived': None}, {'claim': 'The HUT does not apply to vehicles with a gross weight of 18,000 lbs or under.', 'reason': 'fact_below_authority_floor', 'priority': 'CRITICAL', 'criterion': 3, 'floor_max': 2, 'item_type': 'regulation', 'floor_basis': 'priority', 'floor_scope': 'default', 'source_tier_derived': None}, {'claim': '[penalty_summary] Deactivated USDOT number: civil penalties up to $1,000/day, capped at $10,000, plus prohibition on operating commercial vehicles until current.', 'reason': 'fact_below_authority_floor', 'priority': 'CRITICAL', 'criterion': 3, 'floor_max': 2, 'item_type': 'regulation', 'floor_basis': 'priority', 'floor_scope': 'default', 'source_tier_derived': None}, {'claim': '[penalty_summary] UCR non-compliance for interstate carriers: Failure to register can lead to fines up to $1,000 per truck.', 'reason': 'fact_below_authority_floor', 'priority': 'CRITICAL', 'criterion': 3, 'floor_max': 2, 'item_type': 'regulation', 'floor_basis': 'priority', 'floor_scope': 'default', 'source_tier_derived': None}, {'claim': 'Carriers operating exclusively within New York under intrastate authority are not subject to UCR.', 'reason': 'fact_below_authority_floor', 'priority': 'CRITICAL', 'criterion': 3, 'floor_max': 2, 'item_type': 'regulation', 'floor_basis': 'priority', 'floor_scope': 'default', 'source_tier_derived': None}, {'claim': 'The Highway Use Tax does not apply to vehicles with a gross weight of 18,000 lbs or under.', 'reason': 'fact_below_authority_floor', 'priority': 'CRITICAL', 'criterion': 3, 'floor_max': 2, 'item_type': 'regulation', 'floor_basis': 'priority', 'floor_scope': 'default', 'source_tier_derived': None}, {'claim': 'Drivers who held a CDL before February 7, 2022 are grandfathered from the Entry-Level Driver Training requirement. Drivers with a CLP issued before that date who obtained their CDL before the CLP expired are also exempt.', 'reason': 'fact_below_authority_floor', 'priority': 'CRITICAL', 'criterion': 3, 'floor_max': 2, 'item_type': 'regulation', 'floor_basis': 'priority', 'floor_scope': 'default', 'source_tier_derived': None}, {'claim': 'NYS Household Goods Regulations are codified at 17 NYCRR Part 814, under Transportation Law §161.', 'reason': 'fact_below_authority_floor', 'priority': 'CRITICAL', 'criterion': 3, 'floor_max': 2, 'item_type': 'regulation', 'floor_basis': 'priority', 'floor_scope': 'default', 'source_tier_derived': None}, {'claim': '[primary_deadline] MCS-150 biennial update: filing month determined by last digit of USDOT number; odd/even year by next-to-last digit. Missed update triggers deactivation and penalties up to $10,000.', 'reason': 'fact_below_authority_floor', 'priority': 'CRITICAL', 'criterion': 3, 'floor_max': 2, 'item_type': 'regulation', 'floor_basis': 'priority', 'floor_scope': 'default', 'source_tier_derived': None}, {'claim': '[primary_deadline] NYS HUT quarterly returns required for all vehicles over 18,000 lbs on NYS highways.', 'reason': 'fact_below_authority_floor', 'priority': 'CRITICAL', 'criterion': 3, 'floor_max': 2, 'item_type': 'regulation', 'floor_basis': 'priority', 'floor_scope': 'default', 'source_tier_derived': None}, {'claim': '[primary_deadline] Annual vehicle inspection per 49 CFR 396.17; carry current annual inspection report in-vehicle.', 'reason': 'fact_below_authority_floor', 'priority': 'CRITICAL', 'criterion': 3, 'floor_max': 2, 'item_type': 'regulation', 'floor_basis': 'priority', 'floor_scope': 'default', 'source_tier_derived': None}, {'claim': '[primary_deadline] New Entrant Safety Audit by FMCSA within 12 months of USDOT issuance.', 'reason': 'fact_below_authority_floor', 'priority': 'CRITICAL', 'criterion': 3, 'floor_max': 2, 'item_type': 'regulation', 'floor_basis': 'priority', 'floor_scope': 'default', 'source_tier_derived': None}, {'claim': 'N.Y. Comp. Codes R. & Regs. tit. 17, pt. 814 governs Transportation of Household Goods by Common Carriers, with statutory authority under Transportation Law §161.', 'reason': 'fact_below_authority_floor', 'priority': 'CRITICAL', 'criterion': 3, 'floor_max': 2, 'item_type': 'regulation', 'floor_basis': 'priority', 'floor_scope': 'default', 'source_tier_derived': None}, {'claim': '[jurisdictional_scope] New York expands this to intrastate operations: if you operate a truck for business purposes with a GVWR or GCWR of 10,001 pounds or more, you need a USDOT number even if you never leave New York.', 'reason': 'fact_below_authority_floor', 'priority': 'CRITICAL', 'criterion': 3, 'floor_max': 2, 'item_type': 'regulation', 'floor_basis': 'priority', 'floor_scope': 'default', 'source_tier_derived': None}, {'claim': '[penalty_summary] Deactivation of the USDOT number and civil penalties of up to $1,000 per day (capped at $10,000) apply for missed biennial MCS-150 updates.', 'reason': 'analysis_missing_label_syntax', 'criterion': 4}, {'claim': '[jurisdictional_scope] Carriers operating exclusively within New York under intrastate authority are not subject to UCR.', 'reason': 'analysis_missing_label_syntax', 'criterion': 4}, {'claim': '[jurisdictional_scope] Each type of operating authority costs a non-refundable $300 filing fee.', 'reason': 'analysis_missing_label_syntax', 'criterion': 4}, {'claim': '[jurisdictional_scope] The HUT applies to trucks and tractors with a gross weight over 18,000 pounds that travel on New York highways.', 'reason': 'analysis_missing_label_syntax', 'criterion': 4}, {'claim': '[penalty_summary] Minimum liability insurance: General freight (non-hazmat) 10,001 lbs GVWR or more: $750,000; Household goods: $750,000; Oil transport: $1,000,000; Hazmat transport: $5,000,000; Passenger carriers 16+ capacity: $5,000,000; Passenger carriers under 16 capacity: $1,500,000.', 'reason': 'analysis_missing_label_syntax', 'criterion': 4}, {'claim': 'Rolling biennial deadline; a missed cycle triggers immediate deactivation.', 'reason': 'analysis_missing_label_syntax', 'criterion': 4}, {'claim': '[primary_deadline] The tax itself is calculated based on weight and mileage traveled on New York roads, and returns must be filed quarterly.', 'reason': 'analysis_missing_label_syntax', 'criterion': 4}, {'claim': '[jurisdictional_scope] All property carriers applying for intrastate operating authority must already have a USDOT number before applying.', 'reason': 'analysis_missing_label_syntax', 'criterion': 4}, {'claim': '[jurisdictional_scope] If you plan to haul property for hire within New York, you need New York State intrastate operating authority in addition to your USDOT number.', 'reason': 'analysis_missing_label_syntax', 'criterion': 4}, {'claim': '[effective_date] Since February 7, 2022, first-time Class A or Class B CDL applicants must complete Entry-Level Driver Training from an FMCSA-registered provider.', 'reason': 'analysis_missing_label_syntax', 'criterion': 4}, {'claim': '[jurisdictional_scope] Annual vehicle inspection required for all CMVs over 10,001 lbs GVWR under 49 CFR 396.17. Inspection report must be carried in-vehicle at all times.', 'reason': 'analysis_missing_label_syntax', 'criterion': 4}, {'claim': '[jurisdictional_scope] Proof of insurance must be filed with FMCSA (Form BMC-91 or BMC-91X) for for-hire carriers.', 'reason': 'analysis_missing_label_syntax', 'criterion': 4}, {'claim': '[jurisdictional_scope] ELD compliance or proper paper logs covering the current status plus the previous 7 days are verified at inspections.', 'reason': 'analysis_missing_label_syntax', 'criterion': 4}, {'claim': '[jurisdictional_scope] General inspector qualifications are defined in 49 CFR 396.19. Brake inspector qualifications are defined in 49 CFR 396.25.', 'reason': 'analysis_missing_label_syntax', 'criterion': 4}, {'claim': '[jurisdictional_scope] Vehicles over 18,000 lbs must pass a Heavy Vehicle Inspection at a DMV-licensed station.', 'reason': 'analysis_missing_label_syntax', 'criterion': 4}, {'claim': '[jurisdictional_scope] NYS legal size/weight limits: Gross vehicle weight 80,000 lbs; single axle 22,400 lbs; tandem axle 36,000 lbs; width 8.5 feet (102 inches); height 13.5 feet; overall length 65 feet for single vehicles.', 'reason': 'analysis_missing_label_syntax', 'criterion': 4}, {'claim': '[jurisdictional_scope] Processing takes roughly four to six weeks for long-haul authority if the application is complete.', 'reason': 'analysis_missing_label_syntax', 'criterion': 4}, {'claim': 'Brake violations top the list for Out-of-Service orders nationwide, and New York is no exception. Lighting defects are the easiest to catch and the easiest to prevent. For time-sensitive cargo verticals, an OOS order during transit to a venue or airport drop-off is a high-consequence disruption.', 'reason': 'analysis_missing_label_syntax', 'criterion': 4}, {'claim': '[jurisdictional_scope] The HUT does not apply to vehicles with a gross weight of 18,000 lbs or under.', 'reason': 'analysis_missing_label_syntax', 'criterion': 4}, {'claim': '[primary_deadline] NYS Intrastate Vehicle Identification Receipt renewal at $10/vehicle required annually for all vehicles under NYS intrastate authority.', 'reason': 'analysis_missing_label_syntax', 'criterion': 4}, {'claim': '[jurisdictional_scope] For-hire interstate carriers under 10,001 lbs GVWR: $300,000 minimum in bodily injury and property damage coverage.', 'reason': 'analysis_missing_label_syntax', 'criterion': 4}, {'claim': '[jurisdictional_scope] Pre-employment Clearinghouse query required before hiring any CDL driver. Annual query required for all current CDL drivers. Employers must report positive tests, refusals, and actual knowledge of drug/alcohol use within 3 business days.', 'reason': 'analysis_missing_label_syntax', 'criterion': 4}, {'claim': '[primary_deadline] Annual vehicle inspection per 49 CFR 396.17 must be maintained; current annual inspection report must be carried in-vehicle.', 'reason': 'analysis_missing_label_syntax', 'criterion': 4}, {'claim': '[effective_date] Drivers who held a CDL before February 7, 2022 are grandfathered from the Entry-Level Driver Training requirement.', 'reason': 'analysis_missing_label_syntax', 'criterion': 4}, {'claim': '[effective_date] NYS Household Goods Regulations are governed by 17 NYCRR Part 814, under Transportation Law §161.', 'reason': 'analysis_missing_label_syntax', 'criterion': 4}, {'claim': '[jurisdictional_scope] For trucks and tractors, the HUT decal goes on the body near the front license plate. Trailers carrying automotive fuel display the decal near the rear plate.', 'reason': 'analysis_missing_label_syntax', 'criterion': 4}, {'claim': '[penalty_summary] Missed MCS-150 biennial update triggers deactivation and penalties up to $10,000.', 'reason': 'analysis_missing_label_syntax', 'criterion': 4}, {'claim': '[jurisdictional_scope] The Highway Use Tax does not apply to vehicles with a gross weight of 18,000 lbs or under.', 'reason': 'analysis_missing_label_syntax', 'criterion': 4}, {'claim': '[jurisdictional_scope] N.Y. Comp. Codes R. & Regs. tit. 17, pt. 814 governs Transportation of Household Goods by Common Carriers under NYS Transportation Law §161.', 'reason': 'analysis_missing_label_syntax', 'criterion': 4}, {'claim': '[primary_deadline] NYS HUT quarterly return filing required for all vehicles over 18,000 lbs on NYS highways; rolling quarterly obligation.', 'reason': 'analysis_missing_label_syntax', 'criterion': 4}, {'claim': '[primary_deadline] New Entrant Safety Audit by FMCSA occurs within 12 months of USDOT issuance.', 'reason': 'analysis_missing_label_syntax', 'criterion': 4}]"
0f2e42ed-89e2-45b1-bab2-f28b6e6d8e58,guidance,quarantined,False,"[{'claim': 'SEMARNAT administers the ETS. Following its March 2025 restructuring, a dedicated Undersecretary for Sustainable Development and Circular Economy now coordinates ETS operation.', 'reason': 'fact_below_authority_floor', 'priority': 'LOW', 'criterion': 3, 'floor_max': 2, 'item_type': 'guidance', 'floor_basis': 'item_type_unconditional', 'floor_scope': 'default', 'source_tier_derived': 3}, {'claim': 'Do not assert that road transport is a covered sector under the Mexico ETS. The sourced coverage is fixed-source energy and industry.', 'reason': 'fact_below_authority_floor', 'priority': 'LOW', 'criterion': 3, 'floor_max': 2, 'item_type': 'guidance', 'floor_basis': 'item_type_unconditional', 'floor_scope': 'default', 'source_tier_derived': 3}, {'claim': '[primary_deadline] January 1, 2025 elimination of Euro V / EPA 07 certification is already in force. Carriers deploying non-compliant new vehicles face certification barriers.', 'reason': 'fact_below_authority_floor', 'priority': 'LOW', 'criterion': 3, 'floor_max': 2, 'item_type': 'guidance', 'floor_basis': 'item_type_unconditional', 'floor_scope': 'default', 'source_tier_derived': None}, {'claim': 'Domestic DUBA production fell 20.5% year-on-year as of September 2024.', 'reason': 'fact_below_authority_floor', 'priority': 'LOW', 'criterion': 3, 'floor_max': 2, 'item_type': 'guidance', 'floor_basis': 'item_type_unconditional', 'floor_scope': 'default', 'source_tier_derived': None}, {'claim': ""The COCOSCE discussion in August 2025 and the Sectoral Programme's 4.1.3 action line confirm active drafting is underway for the ETS operational-phase regulation."", 'reason': 'fact_below_authority_floor', 'priority': 'LOW', 'criterion': 3, 'floor_max': 2, 'item_type': 'guidance', 'floor_basis': 'item_type_unconditional', 'floor_scope': 'default', 'source_tier_derived': 3}, {'claim': 'Source 1: Mexican Emissions Trading System, ICAP, Tier 3.', 'reason': 'fact_below_authority_floor', 'priority': 'LOW', 'criterion': 3, 'floor_max': 2, 'item_type': 'guidance', 'floor_basis': 'item_type_unconditional', 'floor_scope': 'default', 'source_tier_derived': 3}, {'claim': 'Source 3: Transport Policy, Mexico Heavy-duty Emissions page, documents prior acuerdos that extended NOM-044 timelines.', 'reason': 'fact_below_authority_floor', 'priority': 'LOW', 'criterion': 3, 'floor_max': 2, 'item_type': 'guidance', 'floor_basis': 'item_type_unconditional', 'floor_scope': 'default', 'source_tier_derived': 4}, {'claim': 'Source 1: Mexican Emissions Trading System, ICAP, Tier 3.', 'reason': 'fact_below_authority_floor', 'priority': 'LOW', 'criterion': 3, 'floor_max': 2, 'item_type': 'guidance', 'floor_basis': 'item_type_unconditional', 'floor_scope': 'default', 'source_tier_derived': 3}, {'claim': ""'SEMARNAT was restructured. This restructure created the Undersecretary for Sustainable Development and Circular Economy (Subsecretaría de Desarrollo Sostenible y Economía Circular), in charge of, among other things, the coordination and operation of the ETS.'"", 'reason': 'fact_below_authority_floor', 'priority': 'LOW', 'criterion': 3, 'floor_max': 2, 'item_type': 'guidance', 'floor_basis': 'item_type_unconditional', 'floor_scope': 'default', 'source_tier_derived': 3}, {'claim': '[gate-a-backfill] ICAP reports the Mexico ETS cap/total emissions limit as 273.1 MtCO2 (2021).', 'reason': 'fact_below_authority_floor', 'priority': 'LOW', 'criterion': 3, 'floor_max': 2, 'item_type': 'guidance', 'floor_basis': 'item_type_unconditional', 'floor_scope': 'default', 'source_tier_derived': 3}, {'claim': 'IKI funding for the ETS preparation project was reported at €6,200,000.', 'reason': 'fact_below_authority_floor', 'priority': 'LOW', 'criterion': 3, 'floor_max': 2, 'item_type': 'guidance', 'floor_basis': 'item_type_unconditional', 'floor_scope': 'default', 'source_tier_derived': 3}, {'claim': ""[effective_date] The Mexico Emissions Trading System (ETS), described by ICAP as 'the first in Latin America,' started its pilot phase in January 2020."", 'reason': 'fact_below_authority_floor', 'priority': 'LOW', 'criterion': 3, 'floor_max': 2, 'item_type': 'guidance', 'floor_basis': 'item_type_unconditional', 'floor_scope': 'default', 'source_tier_derived': 3}, {'claim': ""[jurisdictional_scope] The system covered 'direct CO2 emissions from fixed sources in the energy and industry sectors emitting at least 100,000 tCO2 per year, representing around 30% of national GHG emissions and 90% of emissions reported in the National Emissions Registry (RENE).'"", 'reason': 'fact_below_authority_floor', 'priority': 'LOW', 'criterion': 3, 'floor_max': 2, 'item_type': 'guidance', 'floor_basis': 'item_type_unconditional', 'floor_scope': 'default', 'source_tier_derived': 3}, {'claim': ""[primary_deadline] The operational phase is described as running 'from 2025 onwards,' with the level of free allocation expected to be reduced from the first year of the operational phase, 'anticipated to begin in 2026.'"", 'reason': 'fact_below_authority_floor', 'priority': 'LOW', 'criterion': 3, 'floor_max': 2, 'item_type': 'guidance', 'floor_basis': 'item_type_unconditional', 'floor_scope': 'default', 'source_tier_derived': 3}, {'claim': ""In 2025, 'the sixth compliance year concluded. 88% of participants presented a positive verification report to the Ministry of Environment and Natural Resources (Secretaría de Medio Ambiente y Recursos Naturales, or SEMARNAT) for their 2024 emissions, and 86% complied with their surrender obligations.'"", 'reason': 'fact_below_authority_floor', 'priority': 'LOW', 'criterion': 3, 'floor_max': 2, 'item_type': 'guidance', 'floor_basis': 'item_type_unconditional', 'floor_scope': 'default', 'source_tier_derived': 3}, {'claim': ""In August 2025, 'the first ordinary meeting of the Consultative Committee of the Emissions Trading System (COCOSCE) took place. The meeting discussed the regulation for the first operational phase of the ETS, as well as allowance allocation, obligations of the electricity sector, offsets and legal aspects.'"", 'reason': 'fact_below_authority_floor', 'priority': 'LOW', 'criterion': 3, 'floor_max': 2, 'item_type': 'guidance', 'floor_basis': 'item_type_unconditional', 'floor_scope': 'default', 'source_tier_derived': 3}, {'claim': ""The COCOSCE's first ordinary meeting occurred in August 2025, covering allowance allocation, electricity sector obligations, offsets, and legal framework."", 'reason': 'fact_below_authority_floor', 'priority': 'LOW', 'criterion': 3, 'floor_max': 2, 'item_type': 'guidance', 'floor_basis': 'item_type_unconditional', 'floor_scope': 'default', 'source_tier_derived': 3}, {'claim': 'The NDC targets are unconditional caps of 364–404 MtCO2e by 2035 and a net-zero goal by 2050.', 'reason': 'fact_below_authority_floor', 'priority': 'LOW', 'criterion': 3, 'floor_max': 2, 'item_type': 'guidance', 'floor_basis': 'item_type_unconditional', 'floor_scope': 'default', 'source_tier_derived': 3}, {'claim': ""Industry bodies, specifically AMDA through Executive President Guillermo Rosales Zarate, argue that 'the lack of availability of Ultra Low Sulfur Diesel (DUBA) in the country limits the feasibility of adopting advanced technologies, which could generate an incentive to maintain older vehicles.'"", 'reason': 'fact_below_authority_floor', 'priority': 'LOW', 'criterion': 3, 'floor_max': 2, 'item_type': 'guidance', 'floor_basis': 'item_type_unconditional', 'floor_scope': 'default', 'source_tier_derived': None}, {'claim': ""[primary_deadline] The operational phase is anticipated to begin in 2026, at which point 'the level of free allocation is expected to be reduced from the first year of the operational phase.'"", 'reason': 'fact_below_authority_floor', 'priority': 'LOW', 'criterion': 3, 'floor_max': 2, 'item_type': 'guidance', 'floor_basis': 'item_type_unconditional', 'floor_scope': 'default', 'source_tier_derived': 3}, {'claim': '[effective_date] The conversion already occurred on January 1, 2025. The elimination of Euro V / EPA 07 certification is in force.', 'reason': 'fact_below_authority_floor', 'priority': 'LOW', 'criterion': 3, 'floor_max': 2, 'item_type': 'guidance', 'floor_basis': 'item_type_unconditional', 'floor_scope': 'default', 'source_tier_derived': None}, {'claim': ""[jurisdictional_scope] The ETS currently covers 'fixed sources in the energy and industry sectors emitting at least 100,000 tCO2 per year.' Road transport is not listed as a covered sector."", 'reason': 'fact_below_authority_floor', 'priority': 'LOW', 'criterion': 3, 'floor_max': 2, 'item_type': 'guidance', 'floor_basis': 'item_type_unconditional', 'floor_scope': 'default', 'source_tier_derived': 3}, {'claim': '[primary_deadline] The January 2025 elimination of Euro V / EPA 07 certification means that new heavy-duty vehicles entering Mexico from the start of 2025 onwards must meet Euro VI or EPA 2010 standards.', 'reason': 'fact_below_authority_floor', 'priority': 'LOW', 'criterion': 3, 'floor_max': 2, 'item_type': 'guidance', 'floor_basis': 'item_type_unconditional', 'floor_scope': 'default', 'source_tier_derived': None}, {'claim': ""Mexico's ETS is the first in Latin America and has been in force since 2020. The system is transitioning from pilot to operational phase, with the operational phase anticipated to begin in 2026 and free allocation expected to reduce."", 'reason': 'fact_below_authority_floor', 'priority': 'LOW', 'criterion': 3, 'floor_max': 2, 'item_type': 'guidance', 'floor_basis': 'item_type_unconditional', 'floor_scope': 'default', 'source_tier_derived': 3}, {'claim': ""Mexico's heavy-duty emissions standard NOM-044 was updated effective January 1, 2025, eliminating certification for Euro V and EPA 07 vehicle technologies."", 'reason': 'fact_below_authority_floor', 'priority': 'LOW', 'criterion': 3, 'floor_max': 2, 'item_type': 'guidance', 'floor_basis': 'item_type_unconditional', 'floor_scope': 'default', 'source_tier_derived': None}, {'claim': ""[penalty_summary] Do not claim an allowance price for the Mexico ETS. 'As of December 2025, no auctions have taken place' and the average secondary market price is listed at MXN 0 / USD 0."", 'reason': 'fact_below_authority_floor', 'priority': 'LOW', 'criterion': 3, 'floor_max': 2, 'item_type': 'guidance', 'floor_basis': 'item_type_unconditional', 'floor_scope': 'default', 'source_tier_derived': 3}]"
0f46aabf-2ed3-4d2d-bf02-b7b802e70cd6,framework,quarantined,False,"[{'claim': 'Another major issue is the substantial weakening of fossil fuel subsidy phase-out measures and targets compared to the 2023 draft and the currently valid 2019 NECP.', 'reason': 'fact_below_authority_floor', 'priority': 'LOW', 'criterion': 3, 'floor_max': 2, 'item_type': 'framework', 'floor_basis': 'item_type_unconditional', 'floor_scope': 'default', 'source_tier_derived': None}, {'claim': 'Slovenia is also off the decarbonisation trajectory projected in the 2019 NECP for non-ETS sectors, with 2022 values surpassing pre-pandemic levels (11.1 MtCO2-eq compared to 10.8 in 2019). The available data indicates that the transport sector is an important component of this surge in emissions.', 'reason': 'fact_below_authority_floor', 'priority': 'LOW', 'criterion': 3, 'floor_max': 2, 'item_type': 'framework', 'floor_basis': 'item_type_unconditional', 'floor_scope': 'default', 'source_tier_derived': None}, {'claim': 'Source 6: Together for 1.5°C / CAN Europe — Slovenia NECP country page.', 'reason': 'fact_below_authority_floor', 'priority': 'LOW', 'criterion': 3, 'floor_max': 2, 'item_type': 'framework', 'floor_basis': 'item_type_unconditional', 'floor_scope': 'default', 'source_tier_derived': None}, {'claim': 'GHG emission reduction targets remain unchanged from the 2023 version, while final and primary energy reduction targets have improved but still fall short of Paris Agreement requirements. Another major issue is the substantial weakening of fossil fuel subsidy phase-out measures and targets compared to the 2023 draft and the currently valid 2019 NECP.', 'reason': 'fact_below_authority_floor', 'priority': 'LOW', 'criterion': 3, 'floor_max': 2, 'item_type': 'framework', 'floor_basis': 'item_type_unconditional', 'floor_scope': 'default', 'source_tier_derived': None}, {'claim': '[effective_date] On 27 February 2020, the Slovenian Government adopted the Integrated National Energy and Climate Plan of the Republic of Slovenia (NECP).', 'reason': 'fact_below_authority_floor', 'priority': 'LOW', 'criterion': 3, 'floor_max': 2, 'item_type': 'framework', 'floor_basis': 'item_type_unconditional', 'floor_scope': 'default', 'source_tier_derived': None}, {'claim': 'While both gross and net emissions were on a declining trend, emissions from the LULUCF sector raise concerns: values have worsened every year since 2019.', 'reason': 'fact_below_authority_floor', 'priority': 'LOW', 'criterion': 3, 'floor_max': 2, 'item_type': 'framework', 'floor_basis': 'item_type_unconditional', 'floor_scope': 'default', 'source_tier_derived': None}, {'claim': 'Slovenia is slightly below expectations of the 2019 NECP when it comes to the share of renewables in final energy consumption.', 'reason': 'fact_below_authority_floor', 'priority': 'LOW', 'criterion': 3, 'floor_max': 2, 'item_type': 'framework', 'floor_basis': 'item_type_unconditional', 'floor_scope': 'default', 'source_tier_derived': None}, {'claim': 'As of 2022, Slovenia was not fully on track to implement its old 2019 NECP, whose ambition is now obsolete.', 'reason': 'fact_below_authority_floor', 'priority': 'LOW', 'criterion': 3, 'floor_max': 2, 'item_type': 'framework', 'floor_basis': 'item_type_unconditional', 'floor_scope': 'default', 'source_tier_derived': None}, {'claim': 'Slovenia has started preparing its new National Energy and Climate Plan (NEPN) for 2030–2040 and is inviting the public and experts to take part in a consultation on long-term scenarios that will form the basis of future energy and climate policy.', 'reason': 'analysis_missing_label_syntax', 'criterion': 4}, {'claim': 'Source 1: CEE Energy News — Slovenia begins preparation of NEPN 2030–2040, Emese Fabian, 13 May 2026.', 'reason': 'analysis_missing_label_syntax', 'criterion': 4}, {'claim': 'Slovenia has started preparing its new National Energy and Climate Plan (NEPN) for 2030–2040 and is inviting the public and experts to take part in a consultation on long-term scenarios.', 'reason': 'analysis_missing_label_syntax', 'criterion': 4}, {'claim': 'Electricity infrastructure investments of EUR 4 billion are targeted for distribution and transmission grids under the 2024 NECP, and distributed renewable electricity generation is targeted at EUR 3.8 billion.', 'reason': 'analysis_missing_label_syntax', 'criterion': 4}, {'claim': 'Slovenia managed to reach its EU-mandated 25% share of renewables in gross final energy consumption in 2022, or 25.4% to be exact, through a so-called statistical transfer with neighboring Croatia.', 'reason': 'analysis_missing_label_syntax', 'criterion': 4}, {'claim': 'The first step is preparing analytical groundwork, including long-term scenarios for different pathways towards climate neutrality.', 'reason': 'analysis_missing_label_syntax', 'criterion': 4}, {'claim': ""Map the adopted 2024 NECP's transport-sector renewable target (25.8% by 2030, up from 10.8% baseline) against road and multimodal carrier procurement on Slovenian corridors."", 'reason': 'analysis_missing_label_syntax', 'criterion': 4}, {'claim': 'Slovenia now aspires to cut emissions in buildings by at least 70%.', 'reason': 'analysis_missing_label_syntax', 'criterion': 4}, {'claim': 'Operational implication: The period to 2040 is crucial, as it will shape long-lived investment decisions in energy, infrastructure, buildings, industry and transport.', 'reason': 'analysis_missing_label_syntax', 'criterion': 4}, {'claim': '[primary_deadline] Member States must submit a draft updated NEPN to the European Commission by 1 January 2028 and adopt the final version by 1 January 2029.', 'reason': 'analysis_missing_label_syntax', 'criterion': 4}, {'claim': 'The Integrated National Energy and Climate Plan envisages an overall 500 MW in gas power plants in Slovenia by the end of the decade.', 'reason': 'analysis_missing_label_syntax', 'criterion': 4}, {'claim': 'The breakdown: renewable sources need to amount to 55.4% in electricity, against 40.7% projected for this year. The share in heating and cooling grows to 45.2% from 36.3% while in transportation it advances to 25.8% from 10.8%.', 'reason': 'analysis_missing_label_syntax', 'criterion': 4}, {'claim': 'Slovenia plans to maintain a high level of electricity connectivity with neighboring countries, with a goal of more than 80%. At least 85% of power supply needs to be from domestic sources in 2030 and 100% by 2040.', 'reason': 'analysis_missing_label_syntax', 'criterion': 4}, {'claim': '400 MW BESS; 100 MW electrolyzers (green hydrogen production capacity); 440 MW pumped storage hydropower to be added by 2030 in both advanced scenarios.', 'reason': 'analysis_missing_label_syntax', 'criterion': 4}, {'claim': ""As Slovenia's transport-sector renewable target rises to 25.8% by 2030 from 10.8%, carriers will face cost pressure from renewable fuel mandates that will appear in surcharges and rate revisions."", 'reason': 'analysis_missing_label_syntax', 'criterion': 4}, {'claim': 'Slovenia managed to reach its EU-mandated 25% share in 2022, or 25.4% to be exact, through a so-called statistical transfer with neighboring Croatia.', 'reason': 'analysis_missing_label_syntax', 'criterion': 4}, {'claim': 'Gross final energy consumption in 2030 is determined at a maximum of 50.2 TWh, compared to 54.9 TWh in the initial document, adopted in 2020.', 'reason': 'analysis_missing_label_syntax', 'criterion': 4}, {'claim': 'Monitoring — Scenario Consultation Participation: The scenarios being evaluated at this stage — pathways to climate neutrality by 2045 — will determine transport-sector decarbonisation measures before they are locked into draft text submitted to the Commission by 1 January 2028.', 'reason': 'analysis_missing_label_syntax', 'criterion': 4}, {'claim': 'The targeted overall share of renewables in gross final energy consumption is 33%. The transport share advances to 25.8% from 10.8%.', 'reason': 'analysis_missing_label_syntax', 'criterion': 4}, {'claim': 'The plan stipulates ending fossil fuel subsidies by the end of the period.', 'reason': 'analysis_missing_label_syntax', 'criterion': 4}, {'claim': 'The adopted plan targets 400 MW in battery energy storage systems (BESS) and 100 MW in electrolyzers by 2030.', 'reason': 'analysis_missing_label_syntax', 'criterion': 4}, {'claim': ""The transport sector's renewable share target for 2030 under the adopted plan is 25.8%, advancing from 10.8%."", 'reason': 'analysis_missing_label_syntax', 'criterion': 4}, {'claim': 'The plan stipulates ending fossil fuel subsidies by the end of the period [2030].', 'reason': 'analysis_missing_label_syntax', 'criterion': 4}, {'claim': 'The Fit-for-55 goal of a 55% drop in emissions is for 2030. Slovenia aims to achieve it only by 2033, the deadline it set for quitting the use of coal.', 'reason': 'analysis_missing_label_syntax', 'criterion': 4}, {'claim': '[primary_deadline] Under the Governance Regulation, Slovenia is required to submit a draft updated NEPN to the European Commission by 1 January 2028 and to adopt the final version by 1 January 2029.', 'reason': 'analysis_missing_label_syntax', 'criterion': 4}, {'claim': 'Projected investments in hydrogen infrastructure by 2030 are EUR 223 million, of which nearly the entire amount is for a pipeline system and electrolyzers. The green hydrogen production capacity goal is 100 MW.', 'reason': 'analysis_missing_label_syntax', 'criterion': 4}, {'claim': 'One SMR facility seen by 2050 of 250 MW capacity. A second conventional nuclear plant of 1–2.4 GW range (reference: 1.1 GW) is a scenario-dependent possibility for 2040.', 'reason': 'analysis_missing_label_syntax', 'criterion': 4}, {'claim': 'Gross final energy consumption in 2030 is determined at a maximum of 50.2 TWh.', 'reason': 'analysis_missing_label_syntax', 'criterion': 4}, {'claim': '2040: Possible conventional nuclear plant online (scenario-dependent); Slovenia 100% domestic power supply target.', 'reason': 'analysis_missing_label_syntax', 'criterion': 4}, {'claim': 'The Fit-for-55 goal of a 55% drop in emissions is for 2030. Slovenia aims to achieve it only by 2033, the deadline it set for quitting the use of coal.', 'reason': 'analysis_missing_label_syntax', 'criterion': 4}, {'claim': '[primary_deadline] 1 January 2028: Slovenia draft NEPN 2030–2040 due to European Commission.', 'reason': 'analysis_missing_label_syntax', 'criterion': 4}, {'claim': 'There is a need for 400 MW in batteries, 100 MW in electrolyzers and more pumped storage hydropower capacity, though the references to the Kozjak project were deleted.', 'reason': 'analysis_missing_label_syntax', 'criterion': 4}, {'claim': 'May 2026: NEPN 2030–2040 preparation initiated; public/expert consultation on long-term scenarios opened.', 'reason': 'analysis_missing_label_syntax', 'criterion': 4}, {'claim': '2030: NECP 2021–2030 targets operative: 33% RES overall; 25.8% transport; 50.2 TWh energy cap; fossil fuel subsidy phase-out.', 'reason': 'analysis_missing_label_syntax', 'criterion': 4}, {'claim': 'The period to 2040 is crucial, as it will shape long-lived investment decisions in energy, infrastructure, buildings, industry and transport.', 'reason': 'analysis_missing_label_syntax', 'criterion': 4}, {'claim': 'Total public sector investments 2021–2030 are estimated at EUR 6.9 billion.', 'reason': 'analysis_missing_label_syntax', 'criterion': 4}, {'claim': '[primary_deadline] Member States must submit a draft updated NEPN to the European Commission by 1 January 2028 and adopt the final version by 1 January 2029.', 'reason': 'analysis_missing_label_syntax', 'criterion': 4}, {'claim': '2033: Slovenia coal phase-out target (TEŠ closure), with possible early closure.', 'reason': 'analysis_missing_label_syntax', 'criterion': 4}, {'claim': 'The NEPN targets a share of renewables in gross final energy consumption of 33%.', 'reason': 'analysis_missing_label_syntax', 'criterion': 4}, {'claim': 'The previous target was 36% and the baseline is the 2005 level. Slovenia now aspires to cut emissions in buildings by at least 70%.', 'reason': 'analysis_missing_label_syntax', 'criterion': 4}, {'claim': 'Slovenia has started preparing its new National Energy and Climate Plan (NEPN) for 2030–2040 and is inviting the public and experts to take part in a consultation on long-term scenarios that will form the basis of future energy and climate policy.', 'reason': 'analysis_missing_label_syntax', 'criterion': 4}, {'claim': '1 January 2029: Slovenia final NEPN 2030–2040 adoption deadline.', 'reason': 'analysis_missing_label_syntax', 'criterion': 4}, {'claim': '2050: SMR (250 MW) scenario online — long-range scenario only.', 'reason': 'analysis_missing_label_syntax', 'criterion': 4}, {'claim': '[effective_date] The operative NEPN for Slovenia is the updated Integrated National Energy and Climate Plan for 2021–2030, adopted by the Slovenian government in December 2024.', 'reason': 'analysis_missing_label_syntax', 'criterion': 4}, {'claim': 'The Integrated National Energy and Climate Plan envisages an overall 500 MW in gas power plants in Slovenia by the end of the decade.', 'reason': 'analysis_missing_label_syntax', 'criterion': 4}, {'claim': 'The NEPN contains two advanced scenarios — one based on acceleration in renewables and the other on more nuclear energy. The pumped storage hydropower target of 440 MW matches both scenarios.', 'reason': 'analysis_missing_label_syntax', 'criterion': 4}, {'claim': 'Slovenia aims to achieve the 55% emissions reduction and coal exit by 2033.', 'reason': 'analysis_missing_label_syntax', 'criterion': 4}, {'claim': 'The renewables share in transportation advances to 25.8% from 10.8% by 2030.', 'reason': 'analysis_missing_label_syntax', 'criterion': 4}, {'claim': 'Slovenia aims to achieve the 55% emissions reduction only by 2033, the deadline it set for quitting the use of coal.', 'reason': 'analysis_missing_label_syntax', 'criterion': 4}, {'claim': ""A quality and transparent decision needs to be reached by 2028 on the proposal to build Slovenia's second nuclear power plant."", 'reason': 'analysis_missing_label_syntax', 'criterion': 4}, {'claim': 'The NEPN targets a 55% emissions reduction against 2005 baseline but with Slovenia achieving this by 2033 via coal exit, not by 2030. The previously operative target was 36%.', 'reason': 'analysis_missing_label_syntax', 'criterion': 4}, {'claim': 'Slovenia plans to maintain a high level of electricity connectivity with neighboring countries, with a goal of more than 80%. At least 85% of power supply needs to be from domestic sources in 2030 and 100% by 2040, the government said. Another target for the current decade is to cover at least 75% of electricity demand in the transmission network, during peak load hours, with domestic production. After 2033 the level is 80%.', 'reason': 'analysis_missing_label_syntax', 'criterion': 4}, {'claim': 'Slovenia initiates preparation of NEPN 2030–2040; public/expert consultation on long-term scenarios opened (May 13, 2026).', 'reason': 'analysis_missing_label_syntax', 'criterion': 4}, {'claim': 'Another pumped storage hydropower plant is seen by 2045. It would be able to generate 180 MW and store 2.6 GWh.', 'reason': 'analysis_missing_label_syntax', 'criterion': 4}, {'claim': 'Slovenia managed to reach its EU-mandated 25% share of renewables in 2022, or 25.4% to be exact, through a so-called statistical transfer with neighboring Croatia.', 'reason': 'analysis_missing_label_syntax', 'criterion': 4}, {'claim': 'Final NEPN 2030–2040 adoption binding deadline is 1 January 2029.', 'reason': 'analysis_missing_label_syntax', 'criterion': 4}, {'claim': '[primary_deadline] Member States must submit a draft updated NEPN to the European Commission by 1 January 2028 and adopt the final version by 1 January 2029.', 'reason': 'analysis_missing_label_syntax', 'criterion': 4}, {'claim': 'Slovenia aims to decide by 2028 whether it will build its second nuclear power plant.', 'reason': 'analysis_missing_label_syntax', 'criterion': 4}, {'claim': 'The plan stipulates ending fossil fuel subsidies by the end of the period.', 'reason': 'analysis_missing_label_syntax', 'criterion': 4}, {'claim': '[primary_deadline] Draft NEPN 2030–2040 submitted to European Commission binding deadline is 1 January 2028.', 'reason': 'analysis_missing_label_syntax', 'criterion': 4}, {'claim': '[effective_date] Updated Integrated NEPN 2021–2030 adopted by Slovenian government on December 27, 2024.', 'reason': 'analysis_missing_label_syntax', 'criterion': 4}, {'claim': 'The NEPN envisages EUR 223 million in hydrogen infrastructure by 2030.', 'reason': 'analysis_missing_label_syntax', 'criterion': 4}, {'claim': 'SMR (250 MW) online by mid-century per NEPN scenario.', 'reason': 'analysis_missing_label_syntax', 'criterion': 4}, {'reason': 'missing_required_slot', 'slot_key': 'primary_deadline', 'criterion': 5, 'item_type': 'framework'}, {'reason': 'gate_a_unproven_or_stale', 'criterion': 7}]"
0f70a032-df9e-459c-b46b-2d3667d50f9d,guidance,verified,True,[]
0ff5f197-c391-4858-b1db-37759d769fd6,market_signal,verified,True,[]
10f26f54-ee9d-4ded-a556-bf789eac9846,regional_data,quarantined,False,"[{'reason': 'gate_a_unproven_or_stale', 'criterion': 7}]"
10f3d5b0-9814-490b-ae23-35feb93bfc1b,market_signal,quarantined,False,"[{'reason': 'missing_required_slot', 'slot_key': 'signal_event', 'criterion': 5, 'item_type': 'market_signal'}, {'reason': 'missing_required_slot', 'slot_key': 'driving_parties', 'criterion': 5, 'item_type': 'market_signal'}, {'reason': 'missing_required_slot', 'slot_key': 'conversion_trigger', 'criterion': 5, 'item_type': 'market_signal'}, {'reason': 'missing_required_slot', 'slot_key': 'action_now', 'criterion': 5, 'item_type': 'market_signal'}, {'reason': 'gate_a_unproven_or_stale', 'criterion': 7}]"
11794ed7-7a03-4819-a1c6-85125e8eff90,market_signal,quarantined,False,"[{'reason': 'gate_a_unproven_or_stale', 'criterion': 7}]"
120529b8-bcfb-4430-ae9e-537538c0fcdb,guidance,quarantined,False,"[{'claim': '[jurisdictional_scope] The ITF is an intergovernmental organisation with 72 member countries.', 'reason': 'fact_below_authority_floor', 'priority': 'LOW', 'criterion': 3, 'floor_max': 2, 'item_type': 'guidance', 'floor_basis': 'item_type_unconditional', 'floor_scope': 'default', 'source_tier_derived': 3}, {'claim': '[jurisdictional_scope] The ITF is the only global body that covers all transport modes.', 'reason': 'fact_below_authority_floor', 'priority': 'LOW', 'criterion': 3, 'floor_max': 2, 'item_type': 'guidance', 'floor_basis': 'item_type_unconditional', 'floor_scope': 'default', 'source_tier_derived': 3}, {'claim': ""The 2019 ITF summit theme was 'Transport Connectivity for Regional Integration.'"", 'reason': 'fact_below_authority_floor', 'priority': 'LOW', 'criterion': 3, 'floor_max': 2, 'item_type': 'guidance', 'floor_basis': 'item_type_unconditional', 'floor_scope': 'default', 'source_tier_derived': 3}, {'claim': 'The Council of Ministers of Transport meets at the Ministerial Session held during the Annual Summit in May of each year.', 'reason': 'fact_below_authority_floor', 'priority': 'LOW', 'criterion': 3, 'floor_max': 2, 'item_type': 'guidance', 'floor_basis': 'item_type_unconditional', 'floor_scope': 'default', 'source_tier_derived': 5}, {'claim': ""The ITF Council of Ministers of Transport is the ITF's highest decision-making organ."", 'reason': 'fact_below_authority_floor', 'priority': 'LOW', 'criterion': 3, 'floor_max': 2, 'item_type': 'guidance', 'floor_basis': 'item_type_unconditional', 'floor_scope': 'default', 'source_tier_derived': 5}, {'claim': ""The 2019 ITF Annual Summit theme was 'Transport Connectivity for Regional Integration.'"", 'reason': 'fact_below_authority_floor', 'priority': 'LOW', 'criterion': 3, 'floor_max': 2, 'item_type': 'guidance', 'floor_basis': 'item_type_unconditional', 'floor_scope': 'default', 'source_tier_derived': 3}, {'claim': 'The ITF is administratively integrated with the OECD, yet politically autonomous.', 'reason': 'fact_below_authority_floor', 'priority': 'LOW', 'criterion': 3, 'floor_max': 2, 'item_type': 'guidance', 'floor_basis': 'item_type_unconditional', 'floor_scope': 'default', 'source_tier_derived': 3}]"
13af7040-0f00-4ea1-8c2e-40acaf646635,initiative,quarantined,False,"[{'reason': 'gate_a_unproven_or_stale', 'criterion': 7}]"
14590299-51ee-48bd-8625-06d3128a72f1,regulation,quarantined,False,"[{'reason': 'gate_a_unproven_or_stale', 'criterion': 7}]"
14fea5cd-fbbd-426e-9b66-8bcf05ae730c,regional_data,quarantined,False,"[{'reason': 'missing_source_id', 'criterion': 1}, {'reason': 'no_section_content', 'criterion': 2}, {'reason': 'gate_a_unproven_or_stale', 'criterion': 7}]"
14ff3453-96ae-4bf2-91d7-3bace7948e9d,regional_data,quarantined,False,"[{'reason': 'source_not_active', 'status': 'suspended', 'criterion': 1, 'source_id': '49b28864-8179-4107-b518-bf7d9130ce6a'}, {'reason': 'no_section_content', 'criterion': 2}, {'reason': 'missing_full_brief', 'criterion': 6}]"
156ec17c-9be4-48b8-92f7-f00aed7bc91b,standard,verified,True,[]
15f63ea9-4803-4bb4-b1a3-9ccdeb8a3050,directive,quarantined,False,"[{'reason': 'gate_a_unproven_or_stale', 'criterion': 7}]"
167b05b4-08db-427b-b3a9-19dc93feee39,regulation,verified,True,[]
1883001c-0e70-401d-8f51-9b8adbfebc80,regulation,verified,True,[]
19f08fcc-5f81-44cc-b3db-fe25f1717845,tool,unverified,False,"[{'reason': 'source_not_active', 'status': 'suspended', 'criterion': 1, 'source_id': '6f698bf0-8e67-4432-83d1-83f9daff7283'}, {'reason': 'no_section_content', 'criterion': 2}, {'reason': 'gate_a_unproven_or_stale', 'criterion': 7}]"
1c68ba4c-8f35-4a13-9a7e-03e24ec9b21a,market_signal,quarantined,False,"[{'reason': 'gate_a_unproven_or_stale', 'criterion': 7}]"
1c7374d0-01c0-487c-b841-34ac8e336cb4,regulation,quarantined,False,"[{'claim': 'The CBRE article ""What can we expect from the upcoming changes to Minimum Energy Efficiency Standards?"" is dated June 24, 2025.', 'reason': 'fact_below_authority_floor', 'priority': 'LOW', 'criterion': 3, 'floor_max': 2, 'item_type': 'regulation', 'floor_basis': 'item_type_unconditional', 'floor_scope': 'default', 'source_tier_derived': None}, {'claim': 'Elmhurst Energy states: ""On the 1st April 2025 and 2028, private rented landlords in the scope of MEES, may also need to present a valid EPC.""', 'reason': 'fact_below_authority_floor', 'priority': 'LOW', 'criterion': 3, 'floor_max': 2, 'item_type': 'regulation', 'floor_basis': 'item_type_unconditional', 'floor_scope': 'default', 'source_tier_derived': None}, {'claim': 'The Climate Change Committee (CCC) recently published the Seventh Carbon Budget arguing commercial and public real estate emissions need to fall by 87% by 2040 compared with 2023.', 'reason': 'fact_below_authority_floor', 'priority': 'LOW', 'criterion': 3, 'floor_max': 2, 'item_type': 'regulation', 'floor_basis': 'item_type_unconditional', 'floor_scope': 'default', 'source_tier_derived': None}, {'claim': 'The CCC argues that all cost-effective efficiency measures for commercial real estate should be implemented by 2032.', 'reason': 'fact_below_authority_floor', 'priority': 'LOW', 'criterion': 3, 'floor_max': 2, 'item_type': 'regulation', 'floor_basis': 'item_type_unconditional', 'floor_scope': 'default', 'source_tier_derived': None}, {'claim': '[jurisdictional_scope] MEES does not cover Scotland or Northern Ireland.', 'reason': 'fact_below_authority_floor', 'priority': 'LOW', 'criterion': 3, 'floor_max': 2, 'item_type': 'regulation', 'floor_basis': 'item_type_unconditional', 'floor_scope': 'default', 'source_tier_derived': None}, {'claim': '[penalty_summary] Non-domestic penalties are linked to the rateable value of the property — which means it could be as much as £150,000.', 'reason': 'fact_below_authority_floor', 'priority': 'LOW', 'criterion': 3, 'floor_max': 2, 'item_type': 'regulation', 'floor_basis': 'item_type_unconditional', 'floor_scope': 'default', 'source_tier_derived': None}, {'claim': 'The 2021 consultation proposed EPC C by 1 April 2027 as an interim step.', 'reason': 'fact_below_authority_floor', 'priority': 'LOW', 'criterion': 3, 'floor_max': 2, 'item_type': 'regulation', 'floor_basis': 'item_type_unconditional', 'floor_scope': 'default', 'source_tier_derived': None}, {'claim': 'Within the Non-Domestic PRS: EPC B implementation consultation, the government proposed an interim target to ensure that the long-term target of EPC rating B by 2030 is met. They propose that from 1st April 2027, all non-domestic rented buildings must have improved the building to an EPC C, or register a valid exemption.', 'reason': 'fact_below_authority_floor', 'priority': 'LOW', 'criterion': 3, 'floor_max': 2, 'item_type': 'regulation', 'floor_basis': 'item_type_unconditional', 'floor_scope': 'default', 'source_tier_derived': None}, {'claim': 'As the deadline approaches, competition for labour and resources will likely increase costs and reduce choice, potentially delaying the ability to comply with the new policy or an inability to lease properties. To fully understand exposure to compliance risk, landlords should ensure their data on EPC ratings is correct and up to date.', 'reason': 'fact_below_authority_floor', 'priority': 'LOW', 'criterion': 3, 'floor_max': 2, 'item_type': 'regulation', 'floor_basis': 'item_type_unconditional', 'floor_scope': 'default', 'source_tier_derived': None}, {'claim': '[jurisdictional_scope] MEES does not cover Scotland where other efficiency regulations apply.', 'reason': 'fact_below_authority_floor', 'priority': 'LOW', 'criterion': 3, 'floor_max': 2, 'item_type': 'regulation', 'floor_basis': 'item_type_unconditional', 'floor_scope': 'default', 'source_tier_derived': None}, {'claim': 'We estimate 58% of office stock (by square feet) in Central London has EPC ratings below B.', 'reason': 'fact_below_authority_floor', 'priority': 'LOW', 'criterion': 3, 'floor_max': 2, 'item_type': 'regulation', 'floor_basis': 'item_type_unconditional', 'floor_scope': 'default', 'source_tier_derived': None}, {'claim': '[effective_date] In April 2016, The Energy Efficiency (Private Rented Property) Regulations 2015 brought into force Minimum Energy Efficiency Standards (MEES) in the residential and commercial Private Rented Sector (PRS).', 'reason': 'fact_below_authority_floor', 'priority': 'LOW', 'criterion': 3, 'floor_max': 2, 'item_type': 'regulation', 'floor_basis': 'item_type_unconditional', 'floor_scope': 'default', 'source_tier_derived': None}, {'claim': '[primary_deadline] 1 April 2023 — The Non-Domestic MEES regulations extended to include ALL existing commercial leases.', 'reason': 'fact_below_authority_floor', 'priority': 'LOW', 'criterion': 3, 'floor_max': 2, 'item_type': 'regulation', 'floor_basis': 'item_type_unconditional', 'floor_scope': 'default', 'source_tier_derived': None}, {'claim': 'Post-2030, pre-2035 (anticipated) — EPC B minimum standard for all non-domestic rented properties — trajectory confirmed in 2020 Energy White Paper; final deadline anticipated after 2030 but before 2035.', 'reason': 'fact_below_authority_floor', 'priority': 'LOW', 'criterion': 3, 'floor_max': 2, 'item_type': 'regulation', 'floor_basis': 'item_type_unconditional', 'floor_scope': 'default', 'source_tier_derived': None}]"
1cda60cd-971a-4294-b90f-fdef2d7ef6da,regulation,quarantined,False,"[{'reason': 'gate_a_unproven_or_stale', 'criterion': 7}]"
1e27cdcc-a3f8-4633-89f5-6ebfd2a21d5e,initiative,quarantined,False,"[{'reason': 'gate_a_unproven_or_stale', 'criterion': 7}]"
1e80067a-7789-4e68-9589-b3bb71fd58ed,regulation,quarantined,False,"[{'reason': 'gate_a_unproven_or_stale', 'criterion': 7}]"
1f006cfa-e1ce-401a-9d82-999cdbc85d64,guidance,quarantined,False,"[{'claim': 'Rail is 6x less CO2-intensive than road for freight transport', 'reason': 'fact_below_authority_floor', 'priority': 'LOW', 'criterion': 3, 'floor_max': 2, 'item_type': 'guidance', 'floor_basis': 'item_type_unconditional', 'floor_scope': 'default', 'source_tier_derived': 4}, {'claim': 'Rail is 5x less CO2-intensive than aviation for passenger transport', 'reason': 'fact_below_authority_floor', 'priority': 'LOW', 'criterion': 3, 'floor_max': 2, 'item_type': 'guidance', 'floor_basis': 'item_type_unconditional', 'floor_scope': 'default', 'source_tier_derived': 4}, {'claim': 'Rail and waterborne transport are much more GHG efficient than road transport and aviation, both for passengers and for freight', 'reason': 'fact_below_authority_floor', 'priority': 'LOW', 'criterion': 3, 'floor_max': 2, 'item_type': 'guidance', 'floor_basis': 'item_type_unconditional', 'floor_scope': 'default', 'source_tier_derived': 3}, {'claim': '[jurisdictional_scope] The transport sector is the largest source of greenhouse gas emissions in the European Union and has shown little progress in emission reduction in recent decades', 'reason': 'fact_below_authority_floor', 'priority': 'LOW', 'criterion': 3, 'floor_max': 2, 'item_type': 'guidance', 'floor_basis': 'item_type_unconditional', 'floor_scope': 'default', 'source_tier_derived': 3}, {'claim': 'The EEA briefing on rail and waterborne transport was published on 24 March 2021', 'reason': 'fact_below_authority_floor', 'priority': 'LOW', 'criterion': 3, 'floor_max': 2, 'item_type': 'guidance', 'floor_basis': 'item_type_unconditional', 'floor_scope': 'default', 'source_tier_derived': 3}, {'claim': 'The European Green Deal calls for a 90% reduction in transport emissions by 2050 compared with 1990', 'reason': 'fact_below_authority_floor', 'priority': 'LOW', 'criterion': 3, 'floor_max': 2, 'item_type': 'guidance', 'floor_basis': 'item_type_unconditional', 'floor_scope': 'default', 'source_tier_derived': 3}, {'claim': 'Rail freight transport aims at a 50% increase by 2030 and a doubling by 2050', 'reason': 'fact_below_authority_floor', 'priority': 'LOW', 'criterion': 3, 'floor_max': 2, 'item_type': 'guidance', 'floor_basis': 'item_type_unconditional', 'floor_scope': 'default', 'source_tier_derived': 3}, {'claim': 'The EEA indicator on greenhouse gas emissions from transport was published on 6 November 2025', 'reason': 'fact_below_authority_floor', 'priority': 'LOW', 'criterion': 3, 'floor_max': 2, 'item_type': 'guidance', 'floor_basis': 'item_type_unconditional', 'floor_scope': 'default', 'source_tier_derived': 3}, {'claim': 'Estimates of 2024 indicate a small increase in GHG emissions from transport of 0.7%, compared with 2023 levels', 'reason': 'fact_below_authority_floor', 'priority': 'LOW', 'criterion': 3, 'floor_max': 2, 'item_type': 'guidance', 'floor_basis': 'item_type_unconditional', 'floor_scope': 'default', 'source_tier_derived': 3}, {'claim': 'The Effort Sharing Regulation covers the transport sector (excluding international shipping) for EU Member States', 'reason': 'fact_below_authority_floor', 'priority': 'LOW', 'criterion': 3, 'floor_max': 2, 'item_type': 'guidance', 'floor_basis': 'item_type_unconditional', 'floor_scope': 'default', 'source_tier_derived': 3}, {'claim': 'The UIC Energy Efficiency and CO2 Emissions Sector provides strategy, guidance and leadership across UIC on projects and issues related to energy efficiency and renewable energy in the railway sector', 'reason': 'fact_below_authority_floor', 'priority': 'LOW', 'criterion': 3, 'floor_max': 2, 'item_type': 'guidance', 'floor_basis': 'item_type_unconditional', 'floor_scope': 'default', 'source_tier_derived': 4}, {'claim': 'Two European Commission regulations approved in 2014 (1301 and 1302) introduce new Technical Specifications for Interoperability (TSI) that reference CENELEC standard EN 50463', 'reason': 'fact_below_authority_floor', 'priority': 'LOW', 'criterion': 3, 'floor_max': 2, 'item_type': 'guidance', 'floor_basis': 'item_type_unconditional', 'floor_scope': 'default', 'source_tier_derived': 4}, {'claim': '[effective_date] The CER press release on rail and energy independence was issued on 10 April 2026', 'reason': 'fact_below_authority_floor', 'priority': 'LOW', 'criterion': 3, 'floor_max': 2, 'item_type': 'guidance', 'floor_basis': 'item_type_unconditional', 'floor_scope': 'default', 'source_tier_derived': 4}, {'claim': 'Trains are the most efficient form of passenger transport in the EU, with GHG emissions per pkm that are only a fraction of most other modes', 'reason': 'fact_below_authority_floor', 'priority': 'LOW', 'criterion': 3, 'floor_max': 2, 'item_type': 'guidance', 'floor_basis': 'item_type_unconditional', 'floor_scope': 'default', 'source_tier_derived': 3}, {'claim': '[primary_deadline] The Sustainable and Smart Mobility Strategy identifies a doubling of high-speed rail traffic in Europe by 2030 and a tripling by 2050 as milestones for passenger transport', 'reason': 'fact_below_authority_floor', 'priority': 'LOW', 'criterion': 3, 'floor_max': 2, 'item_type': 'guidance', 'floor_basis': 'item_type_unconditional', 'floor_scope': 'default', 'source_tier_derived': 3}, {'claim': 'By 2030, current policies and measures are projected to deliver GHG emissions from transport that would reach 1990 levels; with additional measures, those emissions would be 13% below 1990 levels', 'reason': 'fact_below_authority_floor', 'priority': 'LOW', 'criterion': 3, 'floor_max': 2, 'item_type': 'guidance', 'floor_basis': 'item_type_unconditional', 'floor_scope': 'default', 'source_tier_derived': 3}, {'claim': '28 European UIC members have collectively committed to reducing CO2 emissions per passenger-kilometre and per tonne-kilometre by 100% by 2050', 'reason': 'fact_below_authority_floor', 'priority': 'LOW', 'criterion': 3, 'floor_max': 2, 'item_type': 'guidance', 'floor_basis': 'item_type_unconditional', 'floor_scope': 'default', 'source_tier_derived': 4}, {'claim': 'The 2024 Rail Environmental Report was last updated on 2 July 2024', 'reason': 'fact_below_authority_floor', 'priority': 'LOW', 'criterion': 3, 'floor_max': 2, 'item_type': 'guidance', 'floor_basis': 'item_type_unconditional', 'floor_scope': 'default', 'source_tier_derived': 3}, {'reason': 'gate_a_unproven_or_stale', 'criterion': 7}]"
206cada4-5731-43ef-8908-56389645ba0e,regulation,unverified,False,"[{'reason': 'no_section_content', 'criterion': 2}, {'reason': 'gate_a_unproven_or_stale', 'criterion': 7}]"
219945bb-eb7a-4885-8118-acfeef4a3f24,regulation,verified,True,[]
237b3cc1-9971-46d6-a4ef-07fd65b05eed,market_signal,quarantined,False,"[{'reason': 'gate_a_unproven_or_stale', 'criterion': 7}]"
23cf67df-1fc5-47e0-9acc-3e37ceac91c5,guidance,quarantined,False,"[{'reason': 'no_section_content', 'criterion': 2}, {'reason': 'missing_full_brief', 'criterion': 6}]"
2473ece6-c48d-4561-be99-b4958bb34ffe,initiative,quarantined,False,"[{'reason': 'missing_required_slot', 'slot_key': 'signal_event', 'criterion': 5, 'item_type': 'initiative'}, {'reason': 'missing_required_slot', 'slot_key': 'driving_parties', 'criterion': 5, 'item_type': 'initiative'}, {'reason': 'missing_required_slot', 'slot_key': 'conversion_trigger', 'criterion': 5, 'item_type': 'initiative'}, {'reason': 'missing_required_slot', 'slot_key': 'action_now', 'criterion': 5, 'item_type': 'initiative'}, {'reason': 'gate_a_unproven_or_stale', 'criterion': 7}]"
262ac5f2-4fbe-4968-bde7-f5f68821cc59,market_signal,verified,True,[]
2648d4ad-eac5-406b-888c-d551d5e1d403,market_signal,verified,True,[]
27dfbe4c-f152-422e-8eb9-1e14d6e99a10,regulation,quarantined,False,"[{'claim': 'A series of implementing regulations are also expected to follow, such as regulations on marine environmental protection, chemical management, environmental monitoring, etc., which would be drafted by the respective ministries.', 'reason': 'fact_below_authority_floor', 'priority': 'LOW', 'criterion': 3, 'floor_max': 2, 'item_type': 'regulation', 'floor_basis': 'item_type_unconditional', 'floor_scope': 'default', 'source_tier_derived': None}, {'claim': '[jurisdictional_scope] Only the following 10 environmental statutes are incorporated in full.', 'reason': 'fact_below_authority_floor', 'priority': 'LOW', 'criterion': 3, 'floor_max': 2, 'item_type': 'regulation', 'floor_basis': 'item_type_unconditional', 'floor_scope': 'default', 'source_tier_derived': None}, {'claim': 'The Key Controlled New Pollutant List under Article 649 creates obligations for producers, importers, and users of listed substances.', 'reason': 'fact_below_authority_floor', 'priority': 'LOW', 'criterion': 3, 'floor_max': 2, 'item_type': 'regulation', 'floor_basis': 'item_type_unconditional', 'floor_scope': 'default', 'source_tier_derived': None}, {'claim': 'The Ecological Environment Monitoring Regulation (effective January 1, 2026) mandates automated, digitized environmental monitoring and establishes legal liability for data falsification.', 'reason': 'fact_below_authority_floor', 'priority': 'LOW', 'criterion': 3, 'floor_max': 2, 'item_type': 'regulation', 'floor_basis': 'item_type_unconditional', 'floor_scope': 'default', 'source_tier_derived': None}, {'claim': 'Maximum fines now reach RMB 2 million, with possible production suspension or facility shutdown, compared with prior maximum fines of RMB 30,000 under the old registration rules.', 'reason': 'fact_below_authority_floor', 'priority': 'LOW', 'criterion': 3, 'floor_max': 2, 'item_type': 'regulation', 'floor_basis': 'item_type_unconditional', 'floor_scope': 'default', 'source_tier_derived': None}, {'claim': 'Local legislature will also conduct a comprehensive review of local environmental laws and regulations. Provisions that conflict with the Code will be repealed or amended in line with the Code.', 'reason': 'fact_below_authority_floor', 'priority': 'LOW', 'criterion': 3, 'floor_max': 2, 'item_type': 'regulation', 'floor_basis': 'item_type_unconditional', 'floor_scope': 'default', 'source_tier_derived': None}, {'claim': ""Article 1037: 'The State shall establish a national carbon emissions trading market. Key greenhouse gas emitting entities included in the national carbon emissions trading market shall fulfil their mandatory emission reduction responsibilities in accordance with national regulations.'"", 'reason': 'fact_below_authority_floor', 'priority': 'LOW', 'criterion': 3, 'floor_max': 2, 'item_type': 'regulation', 'floor_basis': 'item_type_unconditional', 'floor_scope': 'default', 'source_tier_derived': None}, {'claim': 'The main objectives of the 15th Five-Year Plan include: to achieve the goal of carbon peaking as scheduled, to reduce the carbon dioxide emissions per unit of GDP by 17% by 2030, and to build a clean, low-carbon, safe and efficient new energy system.', 'reason': 'fact_below_authority_floor', 'priority': 'LOW', 'criterion': 3, 'floor_max': 2, 'item_type': 'regulation', 'floor_basis': 'item_type_unconditional', 'floor_scope': 'default', 'source_tier_derived': 4}, {'claim': '[jurisdictional_scope] The Code integrates over 30 laws into a single umbrella, providing a coordinated and aligned approach to pollution control, ecological protection, and climate change.', 'reason': 'fact_below_authority_floor', 'priority': 'LOW', 'criterion': 3, 'floor_max': 2, 'item_type': 'regulation', 'floor_basis': 'item_type_unconditional', 'floor_scope': 'default', 'source_tier_derived': None}, {'claim': ""The ETS expansion to steel, cement, and aluminum smelting (adding approximately 1,500 enterprises) was completed in 2024, raising total coverage to roughly 60% of China's GHG emissions."", 'reason': 'fact_below_authority_floor', 'priority': 'LOW', 'criterion': 3, 'floor_max': 2, 'item_type': 'regulation', 'floor_basis': 'item_type_unconditional', 'floor_scope': 'default', 'source_tier_derived': None}, {'claim': '[penalty_summary] Article 1207: Fines up to RMB 2,000,000 for producing or importing without registration, along with orders for production restriction or suspension for rectification.', 'reason': 'fact_below_authority_floor', 'priority': 'LOW', 'criterion': 3, 'floor_max': 2, 'item_type': 'regulation', 'floor_basis': 'item_type_unconditional', 'floor_scope': 'default', 'source_tier_derived': None}, {'claim': '[penalty_summary] Non-compliance with ETS obligations — including data falsification, late reporting, or insufficient allowance surrender — triggers substantial fines and potential suspension of operations.', 'reason': 'fact_below_authority_floor', 'priority': 'LOW', 'criterion': 3, 'floor_max': 2, 'item_type': 'regulation', 'floor_basis': 'item_type_unconditional', 'floor_scope': 'default', 'source_tier_derived': None}, {'claim': 'Verified annual emissions reports; authenticity, accuracy, and completeness are statutory obligations under Article 1037.', 'reason': 'fact_below_authority_floor', 'priority': 'LOW', 'criterion': 3, 'floor_max': 2, 'item_type': 'regulation', 'floor_basis': 'item_type_unconditional', 'floor_scope': 'default', 'source_tier_derived': 3}, {'claim': ""The Code's framework anticipates a transition from intensity-based benchmarks to absolute emission caps by 2027 — a structural shift that will significantly strengthen price signals for heavy industry."", 'reason': 'fact_below_authority_floor', 'priority': 'LOW', 'criterion': 3, 'floor_max': 2, 'item_type': 'regulation', 'floor_basis': 'item_type_unconditional', 'floor_scope': 'default', 'source_tier_derived': None}, {'claim': 'Five-Year Plan carbon targets: to achieve the goal of carbon peaking as scheduled, to reduce the carbon dioxide emissions per unit of GDP by 17% by 2030, and to build a clean, low-carbon, safe and efficient new energy system.', 'reason': 'fact_below_authority_floor', 'priority': 'LOW', 'criterion': 3, 'floor_max': 2, 'item_type': 'regulation', 'floor_basis': 'item_type_unconditional', 'floor_scope': 'default', 'source_tier_derived': 4}, {'claim': 'The 15th FYP calls for building about 100 national zero-carbon parks to manufacture green products with green energy, with zero-carbon transportation corridors.', 'reason': 'fact_below_authority_floor', 'priority': 'LOW', 'criterion': 3, 'floor_max': 2, 'item_type': 'regulation', 'floor_basis': 'item_type_unconditional', 'floor_scope': 'default', 'source_tier_derived': 4}, {'claim': 'Article 1037 of the Code: major greenhouse emitters are responsible for the authenticity, accuracy, and completeness of their emission statistics and annual emission reports.', 'reason': 'fact_below_authority_floor', 'priority': 'LOW', 'criterion': 3, 'floor_max': 2, 'item_type': 'regulation', 'floor_basis': 'item_type_unconditional', 'floor_scope': 'default', 'source_tier_derived': 3}, {'claim': '[penalty_summary] Article 1206: Fines RMB 200,000 to 1,000,000 for registration certificate violations; if not corrected, additional fines of RMB 1,000,000 to 2,000,000.', 'reason': 'fact_below_authority_floor', 'priority': 'LOW', 'criterion': 3, 'floor_max': 2, 'item_type': 'regulation', 'floor_basis': 'item_type_unconditional', 'floor_scope': 'default', 'source_tier_derived': None}, {'claim': '[penalty_summary] Any entity or individual that pollutes the environment or violates green and low-carbon provisions shall be held legally liable (Art. 1,052).', 'reason': 'fact_below_authority_floor', 'priority': 'LOW', 'criterion': 3, 'floor_max': 2, 'item_type': 'regulation', 'floor_basis': 'item_type_unconditional', 'floor_scope': 'default', 'source_tier_derived': None}, {'claim': 'Part II of the Code requires that air-pollution-control measures promote coordinated control of air pollutants, including particulate matter, sulfur dioxide, nitrogen oxides, volatile organic compounds, ammonia, and GHGs (Art. 189).', 'reason': 'fact_below_authority_floor', 'priority': 'LOW', 'criterion': 3, 'floor_max': 2, 'item_type': 'regulation', 'floor_basis': 'item_type_unconditional', 'floor_scope': 'default', 'source_tier_derived': None}, {'claim': '[penalty_summary] Chemical violation fines range from RMB 100,000 to RMB 2,000,000 depending on violation type and correction status (Articles 1205–1207). Dual penalties apply simultaneously to enterprises and responsible individuals under Part V.', 'reason': 'fact_below_authority_floor', 'priority': 'LOW', 'criterion': 3, 'floor_max': 2, 'item_type': 'regulation', 'floor_basis': 'item_type_unconditional', 'floor_scope': 'default', 'source_tier_derived': None}, {'claim': '[penalty_summary] Article 1205: Fines RMB 100,000 to 500,000 for violation of Key Controlled New Pollutant restrictions; if not corrected, additional fines of RMB 500,000 to 1,000,000.', 'reason': 'fact_below_authority_floor', 'priority': 'LOW', 'criterion': 3, 'floor_max': 2, 'item_type': 'regulation', 'floor_basis': 'item_type_unconditional', 'floor_scope': 'default', 'source_tier_derived': None}, {'claim': '[penalty_summary] Downstream companies that use unregistered raw materials may also face substantial fines and the risk of production suspension.', 'reason': 'fact_below_authority_floor', 'priority': 'LOW', 'criterion': 3, 'floor_max': 2, 'item_type': 'regulation', 'floor_basis': 'item_type_unconditional', 'floor_scope': 'default', 'source_tier_derived': None}, {'claim': 'Article 1,000 requires enterprises to adopt green procurement practices and develop green supply chains by prioritizing energy-efficient, water-saving, and resource-conserving materials, products, and services.', 'reason': 'fact_below_authority_floor', 'priority': 'LOW', 'criterion': 3, 'floor_max': 2, 'item_type': 'regulation', 'floor_basis': 'item_type_unconditional', 'floor_scope': 'default', 'source_tier_derived': None}, {'claim': '[primary_deadline] The five months before August 15, 2026 are not a grace period — they are the last window to transition from reactive compliance to proactive environmental governance before the new baseline takes effect.', 'reason': 'fact_below_authority_floor', 'priority': 'LOW', 'criterion': 3, 'floor_max': 2, 'item_type': 'regulation', 'floor_basis': 'item_type_unconditional', 'floor_scope': 'default', 'source_tier_derived': None}, {'reason': 'gate_a_unproven_or_stale', 'criterion': 7}]"
27f22c4f-9d58-4ff6-afc5-1aad5b229d91,market_signal,pending_human_verify,False,"[{'reason': 'no_section_content', 'criterion': 2}, {'reason': 'missing_full_brief', 'criterion': 6}]"
282e480c-3d79-4ab8-8f60-b4c77fa3b228,regional_data,quarantined,False,"[{'reason': 'gate_a_unproven_or_stale', 'criterion': 7}]"
29132ca6-9172-45ab-95c2-e7fd7b8aa62a,initiative,verified,True,[]
2943632e-cca4-412c-8e89-487b301692ce,market_signal,quarantined,False,"[{'reason': 'gate_a_unproven_or_stale', 'criterion': 7}]"
2a61e051-2c18-4464-9080-52c6b2964edf,regulation,quarantined,False,"[{'claim': 'Under the banking and borrowing scheme, the total debt of a manufacturer cannot be higher than 5% of its 2025 target multiplied by the respective number of vehicles.', 'reason': 'fact_below_authority_floor', 'priority': 'LOW', 'criterion': 3, 'floor_max': 2, 'item_type': 'regulation', 'floor_basis': 'item_type_unconditional', 'floor_scope': 'default', 'source_tier_derived': None}, {'claim': '[gate-a-backfill] The original Regulation (EU) 2019/1242 required that average CO2 emissions from selected HDV categories be reduced by 15% in 2025 and by 30% in 2030, relative to a 2019/2020 baseline.', 'reason': 'fact_below_authority_floor', 'priority': 'LOW', 'criterion': 3, 'floor_max': 2, 'item_type': 'regulation', 'floor_basis': 'item_type_unconditional', 'floor_scope': 'default', 'source_tier_derived': None}, {'claim': '[penalty_summary] Manufacturers are required to pay a per-vehicle penalty of €4,250 for each gCO₂/t-km of excess emissions from 2025 onward.', 'reason': 'fact_below_authority_floor', 'priority': 'LOW', 'criterion': 3, 'floor_max': 2, 'item_type': 'regulation', 'floor_basis': 'item_type_unconditional', 'floor_scope': 'default', 'source_tier_derived': None}, {'claim': '[jurisdictional_scope] Heavy-duty vehicles that made up 92% of sales in 2023 are now covered under the new regulation. The revision widens the scope of covered vehicles to include more truck types, buses, coaches, trailers, and vocational vehicles.', 'reason': 'fact_below_authority_floor', 'priority': 'LOW', 'criterion': 3, 'floor_max': 2, 'item_type': 'regulation', 'floor_basis': 'item_type_unconditional', 'floor_scope': 'default', 'source_tier_derived': 4}, {'claim': 'Globally, the legislation is one of the most ambitious greenhouse gas standards for the heavy-duty vehicle sector. Trucks and buses comprise 2% of the vehicles on the road in Europe but are the second largest contributors to CO2 emissions in transport. In 2021, they were responsible for 28% of CO₂ emissions from the European road transport sector.', 'reason': 'fact_below_authority_floor', 'priority': 'LOW', 'criterion': 3, 'floor_max': 2, 'item_type': 'regulation', 'floor_basis': 'item_type_unconditional', 'floor_scope': 'default', 'source_tier_derived': 4}, {'claim': 'The CO₂ standards follow a tank-to-wheel approach, addressing only the tailpipe CO₂ emissions of the regulated vehicle groups.', 'reason': 'fact_below_authority_floor', 'priority': 'LOW', 'criterion': 3, 'floor_max': 2, 'item_type': 'regulation', 'floor_basis': 'item_type_unconditional', 'floor_scope': 'default', 'source_tier_derived': None}, {'claim': 'The legislation was approved by the European Parliament on April 10, 2024 and ratified by the Council of the European Union on May 13, 2024.', 'reason': 'fact_below_authority_floor', 'priority': 'LOW', 'criterion': 3, 'floor_max': 2, 'item_type': 'regulation', 'floor_basis': 'item_type_unconditional', 'floor_scope': 'default', 'source_tier_derived': 4}]"
2b3c4c9b-0d85-433f-b7c3-44c6d15ca52f,directive,verified,True,[]
2c022995-796f-4d62-b10d-537fb0336119,framework,quarantined,False,"[{'claim': '[effective_date] As of 2020, the CEC operates in accordance with the Environmental Cooperation Agreement, which entered into force at the same time as the CUSMA/T-MEC/USMCA.', 'reason': 'fact_below_authority_floor', 'priority': 'LOW', 'criterion': 3, 'floor_max': 2, 'item_type': 'framework', 'floor_basis': 'item_type_unconditional', 'floor_scope': 'default', 'source_tier_derived': 3}, {'claim': 'The Parties shall continue to participate in the Commission, originally established under the NAAEC.', 'reason': 'fact_below_authority_floor', 'priority': 'LOW', 'criterion': 3, 'floor_max': 2, 'item_type': 'framework', 'floor_basis': 'item_type_unconditional', 'floor_scope': 'default', 'source_tier_derived': 3}, {'claim': 'The Council shall hold public meetings in the course of all regular sessions.', 'reason': 'fact_below_authority_floor', 'priority': 'LOW', 'criterion': 3, 'floor_max': 2, 'item_type': 'framework', 'floor_basis': 'item_type_unconditional', 'floor_scope': 'default', 'source_tier_derived': 3}, {'claim': '[primary_deadline] The Independent Review Committee is to provide an Independent Report to the Council by 31 May 2026.', 'reason': 'fact_below_authority_floor', 'priority': 'LOW', 'criterion': 3, 'floor_max': 2, 'item_type': 'framework', 'floor_basis': 'item_type_unconditional', 'floor_scope': 'default', 'source_tier_derived': 3}, {'claim': 'The Council shall convene in regular session, held at least once a year, unless the Council decides otherwise.', 'reason': 'fact_below_authority_floor', 'priority': 'LOW', 'criterion': 3, 'floor_max': 2, 'item_type': 'framework', 'floor_basis': 'item_type_unconditional', 'floor_scope': 'default', 'source_tier_derived': 3}, {'claim': ""The CEC's Strategic Plan 2021-2025 marks a renewed commitment by Canada, Mexico and the United States to work together on pressing regional and global issues related to trade and the environment within the framework of a new trilateral free trade agreement and a new Environmental Cooperation Agreement."", 'reason': 'fact_below_authority_floor', 'priority': 'LOW', 'criterion': 3, 'floor_max': 2, 'item_type': 'framework', 'floor_basis': 'item_type_unconditional', 'floor_scope': 'default', 'source_tier_derived': 3}, {'reason': 'gate_a_unproven_or_stale', 'criterion': 7}]"
2c45cae1-cbf7-4517-a4c5-a81d8f8f0de3,regulation,verified,True,[]
2d2cd311-d026-457c-bbd0-9b65a8f6cf60,regulation,verified,True,[]
2e3ef7e7-25e3-4cca-8ef6-79e67b1e0000,regional_data,quarantined,False,"[{'reason': 'missing_required_slot', 'slot_key': 'region_jurisdiction', 'criterion': 5, 'item_type': 'regional_data'}, {'reason': 'gate_a_unproven_or_stale', 'criterion': 7}]"
2fc50445-67ac-411d-b454-ced5d0851d1d,market_signal,quarantined,False,"[{'reason': 'gate_a_unproven_or_stale', 'criterion': 7}]"
3105da5c-0afd-403c-98c5-4099a9e14beb,regional_data,verified,True,[]
319f785d-0589-489a-9eae-5ba59905f0ec,research_finding,quarantined,False,"[{'reason': 'gate_a_unproven_or_stale', 'criterion': 7}]"
31b18416-9059-4294-96dd-38666468ecf8,initiative,quarantined,False,"[{'url': 'https://hlpf.un.org', 'reason': 'ungrounded_url', 'criterion': 2}, {'reason': 'missing_required_slot', 'slot_key': 'signal_event', 'criterion': 5, 'item_type': 'initiative'}, {'reason': 'missing_required_slot', 'slot_key': 'driving_parties', 'criterion': 5, 'item_type': 'initiative'}, {'reason': 'missing_required_slot', 'slot_key': 'conversion_trigger', 'criterion': 5, 'item_type': 'initiative'}, {'reason': 'missing_required_slot', 'slot_key': 'action_now', 'criterion': 5, 'item_type': 'initiative'}, {'reason': 'gate_a_unproven_or_stale', 'criterion': 7}]"
31fa31a3-9cf9-4318-8069-b6cef3490ac8,directive,quarantined,False,"[{'url': 'https://epd.georgia.gov/forms-permits/watershed-protection-branch-forms-permits/storm-water-forms/npdes-industrial-storm', 'reason': 'ungrounded_url', 'criterion': 2}, {'url': 'https://accgov.com/civicalerts.aspx?aid=6885', 'reason': 'ungrounded_url', 'criterion': 2}, {'url': 'https://epd.georgia.gov/ozone-state-implementation-plans-sips', 'reason': 'ungrounded_url', 'criterion': 2}, {'url': 'https://epd.georgia.gov/forms-permits/watershed-protection-branch-forms-permits/storm-water-forms/npdes-construction', 'reason': 'ungrounded_url', 'criterion': 2}, {'url': 'https://epd.georgia.gov/air-protection-branch/open-burning-rules-georgia/summer-open-burning-ban', 'reason': 'ungrounded_url', 'criterion': 2}, {'url': 'https://epd.georgia.gov/air-protection-branch/open-burning-rules-georgia', 'reason': 'ungrounded_url', 'criterion': 2}, {'url': 'https://epd.georgia.gov/air-protection-branch/open-burning-rules-georgia/summer-open-burning-ban', 'reason': 'ungrounded_url', 'criterion': 2}, {'url': 'https://epd.georgia.gov/watershed-protection-branch/drought-management', 'reason': 'ungrounded_url', 'criterion': 2}, {'url': 'https://epd.georgia.gov/press-releases/2025-04-28/annual-open-burning', 'reason': 'ungrounded_url', 'criterion': 2}, {'url': 'https://proswppp.com/georgia-swppp-requirements', 'reason': 'ungrounded_url', 'criterion': 2}, {'url': 'https://epd.georgia.gov/watershed-protection-branch/drought-management', 'reason': 'ungrounded_url', 'criterion': 2}, {'url': 'https://epd.georgia.gov/press-releases/2022-10-17/georgia-epd-statement-redesignation-atlanta-nonattainment-area-attainment', 'reason': 'ungrounded_url', 'criterion': 2}, {'url': 'https://federalregister.gov/documents/2025/08/21/2025-15986/air-plan-approval-ga-removal-of-emissions-statements-requirement-and-updates-to-permit-by-rule', 'reason': 'ungrounded_url', 'criterion': 2}, {'url': 'https://wtoc.com/2026/04/27/georgia-has-declared-level-1-drought-response-what-does-that-mean', 'reason': 'ungrounded_url', 'criterion': 2}, {'url': 'https://epd.georgia.gov/forms-permits/watershed-protection-branch-forms-permits/storm-water-forms/npdes-construction', 'reason': 'ungrounded_url', 'criterion': 2}, {'url': 'https://epd.georgia.gov/watershed-protection-branch/drought-management', 'reason': 'ungrounded_url', 'criterion': 2}, {'url': 'https://epd.georgia.gov/press-releases/2025-04-28/annual-open-burning', 'reason': 'ungrounded_url', 'criterion': 2}, {'url': 'https://federalregister.gov/documents/2022/08/26/2022-17846/air-plan-approval-and-air-quality-designation-ga-redesignation-of-the-atlanta-georgia-2015-8-hour', 'reason': 'ungrounded_url', 'criterion': 2}, {'url': 'https://epd.georgia.gov/press-releases/2026-04-27/level-1-drought-declared', 'reason': 'ungrounded_url', 'criterion': 2}, {'url': 'https://epd.georgia.gov/press-releases/2026-04-27/level-1-drought-declared', 'reason': 'ungrounded_url', 'criterion': 2}, {'url': 'https://epd.georgia.gov/forms-permits/watershed-protection-branch-forms-permits/storm-water-forms/npdes-construction', 'reason': 'ungrounded_url', 'criterion': 2}, {'reason': 'unlabeled_assertion', 'criterion': 4, 'section_row_id': 'bf7c2201-5e73-47b8-91f0-67af761204da'}, {'reason': 'unlabeled_assertion', 'criterion': 4, 'section_row_id': '5f49afe0-c165-4205-b10f-99bc5f5406ca'}, {'reason': 'unlabeled_assertion', 'criterion': 4, 'section_row_id': 'de0d643b-eeca-4462-b2ee-cdbb743a6934'}, {'reason': 'unlabeled_assertion', 'criterion': 4, 'section_row_id': 'e4539f3b-2d6b-49dc-ad1d-8ad4b77b8ffc'}, {'reason': 'unlabeled_assertion', 'criterion': 4, 'section_row_id': '3b76fd16-7f3a-4d29-920d-a581e9191a64'}, {'reason': 'missing_required_slot', 'slot_key': 'effective_date', 'criterion': 5, 'item_type': 'directive'}, {'reason': 'missing_required_slot', 'slot_key': 'primary_deadline', 'criterion': 5, 'item_type': 'directive'}, {'reason': 'missing_required_slot', 'slot_key': 'jurisdictional_scope', 'criterion': 5, 'item_type': 'directive'}, {'reason': 'missing_required_slot', 'slot_key': 'penalty_summary', 'criterion': 5, 'item_type': 'directive'}, {'reason': 'missing_full_brief', 'criterion': 6}]"
3373d06e-22a6-4287-8aac-173169159177,research_finding,verified,True,[]
33ca228c-e966-4b35-9ec2-01cf0da9c80a,regulation,unverified,False,"[{'url': 'https://allegiancetrucks.com/blog/epa-ghg-rescission-what-it-means-for-your-fleet', 'reason': 'ungrounded_url', 'criterion': 2}, {'url': 'https://bdlaw.com/publications/epa-strikes-at-the-roots-of-federal-ghg-regulations-rescinds-endangerment-finding-for-motor-vehicles', 'reason': 'ungrounded_url', 'criterion': 2}, {'url': 'https://federalregister.gov/documents/2026/02/18/2026-03157/rescission-of-the-greenhouse-gas-endangerment-finding-and-motor-vehicle-greenhouse-gas-emission', 'reason': 'ungrounded_url', 'criterion': 2}, {'url': 'https://heavyvehicleinspection.com/blog/post/epa-phase-3-ghg-standards', 'reason': 'ungrounded_url', 'criterion': 2}, {'url': 'https://venable.com/insights/publications/2026/02/epa-rescinds-endangerment-finding-impacts-on-air', 'reason': 'ungrounded_url', 'criterion': 2}, {'url': 'https://natlawreview.com/article/epa-threads-needle-phase-3-rule-reduce-ghg-emissions-heavy-duty-vehicles', 'reason': 'ungrounded_url', 'criterion': 2}, {'url': 'https://theicct.org/publication/us-epa-phase-3-ghg-emission-standards-for-hdv-sept24', 'reason': 'ungrounded_url', 'criterion': 2}, {'url': 'https://epa.gov/regulations-emissions-vehicles-and-engines/final-rule-rescission-greenhouse-gas-endangerment', 'reason': 'ungrounded_url', 'criterion': 2}, {'url': 'https://salatainstitute.harvard.edu/the-legal-reasoning-behind-the-endangerment-rescission', 'reason': 'ungrounded_url', 'criterion': 2}, {'url': 'https://environmentalhealthsafetybrief.sidley.com/2024/04/03/the-newest-phase-of-epas-greenhouse-gas-emissions-standards-phase-3', 'reason': 'ungrounded_url', 'criterion': 2}, {'url': 'https://hoganlovells.com/en/publications/epa-finalizes-new-heavy-duty-ghg-phase-3-emission-standards-for-model-years-2027-2032', 'reason': 'ungrounded_url', 'criterion': 2}, {'url': 'https://epa.gov/regulations-emissions-vehicles-and-engines/final-rule-rescission-greenhouse-gas-endangerment', 'reason': 'ungrounded_url', 'criterion': 2}, {'url': 'https://gao.gov/products/b-336265', 'reason': 'ungrounded_url', 'criterion': 2}, {'reason': 'unlabeled_assertion', 'criterion': 4, 'section_row_id': '557d34f1-84e2-4fc4-b902-e345b0ab64c2'}, {'reason': 'unlabeled_assertion', 'criterion': 4, 'section_row_id': 'a3d3b553-5ce4-4072-849e-30aece4ce2ce'}, {'reason': 'unlabeled_assertion', 'criterion': 4, 'section_row_id': '34b96113-7b99-4fe1-b11a-50818567f4de'}, {'reason': 'unlabeled_assertion', 'criterion': 4, 'section_row_id': '632274fe-dd53-42e6-a883-eeb95204d921'}, {'reason': 'unlabeled_assertion', 'criterion': 4, 'section_row_id': 'a188e225-b4e3-46fc-988b-2195d91937e2'}, {'reason': 'unlabeled_assertion', 'criterion': 4, 'section_row_id': '390d5c9e-d513-473a-ae9a-2c8fa1bf2558'}, {'reason': 'missing_required_slot', 'slot_key': 'effective_date', 'criterion': 5, 'item_type': 'regulation'}, {'reason': 'missing_required_slot', 'slot_key': 'primary_deadline', 'criterion': 5, 'item_type': 'regulation'}, {'reason': 'missing_required_slot', 'slot_key': 'jurisdictional_scope', 'criterion': 5, 'item_type': 'regulation'}, {'reason': 'missing_required_slot', 'slot_key': 'penalty_summary', 'criterion': 5, 'item_type': 'regulation'}, {'reason': 'missing_full_brief', 'criterion': 6}]"
340ddf31-e533-4e2d-b2a6-5b6b1b70e470,market_signal,verified,True,[]
355af9e8-d6e0-4bf5-8b9c-27edc914c25f,directive,quarantined,False,"[{'reason': 'gate_a_unproven_or_stale', 'criterion': 7}]"
3581c084-9486-4085-82cc-b650380bd83d,standard,quarantined,False,"[{'reason': 'unlabeled_assertion', 'criterion': 4, 'section_row_id': '08cd7652-7d73-49eb-81fe-f5c58e5f2fa1'}, {'reason': 'gate_a_unproven_or_stale', 'criterion': 7}]"
38322420-45a2-474a-b910-23b2dd215c49,standard,quarantined,False,"[{'claim': '[effective_date] IFRS S2 is effective for annual reporting periods beginning on or after 1 January 2024 with earlier application permitted as long as IFRS S1 General Requirements for Disclosure of Sustainability-related Financial Information is also applied.', 'reason': 'fact_below_authority_floor', 'priority': 'LOW', 'criterion': 3, 'floor_max': 4, 'item_type': 'standard', 'floor_basis': 'item_type_unconditional', 'floor_scope': 'standard_own_body', 'source_tier_derived': 5}, {'claim': 'IFRS S2 integrates and builds on the recommendations of the Task Force on Climate-related Financial Disclosures (TCFD) and incorporates industry-based disclosure requirements derived from SASB Standards.', 'reason': 'fact_below_authority_floor', 'priority': 'LOW', 'criterion': 3, 'floor_max': 4, 'item_type': 'standard', 'floor_basis': 'item_type_unconditional', 'floor_scope': 'standard_own_body', 'source_tier_derived': 5}, {'claim': 'IFRS S2 requires companies to disclose absolute gross greenhouse gas emissions generated during the reporting period, measured in accordance with the Greenhouse Gas Protocol, classified as scope 1 emissions, scope 2 emissions, and scope 3 emissions.', 'reason': 'fact_below_authority_floor', 'priority': 'LOW', 'criterion': 3, 'floor_max': 2, 'item_type': 'standard', 'floor_basis': 'item_type_unconditional', 'floor_scope': 'default', 'source_tier_derived': 4}, {'claim': 'Early application of IFRS S2 is permitted only if IFRS S1 General Requirements for Disclosure of Sustainability-related Financial Information is also applied.', 'reason': 'fact_below_authority_floor', 'priority': 'LOW', 'criterion': 3, 'floor_max': 4, 'item_type': 'standard', 'floor_basis': 'item_type_unconditional', 'floor_scope': 'standard_own_body', 'source_tier_derived': 5}, {'claim': 'Since November 2023, companies applying S1 and S2 will also meet the recommendations made by the Task Force for Climate Related Disclosures, as the framework has been subsumed into the work of the IFRS ISSB standards.', 'reason': 'fact_below_authority_floor', 'priority': 'LOW', 'criterion': 3, 'floor_max': 2, 'item_type': 'standard', 'floor_basis': 'item_type_unconditional', 'floor_scope': 'default', 'source_tier_derived': 4}, {'claim': '[jurisdictional_scope] Jurisdictions representing over half the global economy by GDP take steps towards ISSB Standards.', 'reason': 'fact_below_authority_floor', 'priority': 'LOW', 'criterion': 3, 'floor_max': 4, 'item_type': 'standard', 'floor_basis': 'item_type_unconditional', 'floor_scope': 'standard_own_body', 'source_tier_derived': 5}, {'claim': 'IFRS S2 requires GHG emissions to be measured in accordance with the Greenhouse Gas Protocol.', 'reason': 'fact_below_authority_floor', 'priority': 'LOW', 'criterion': 3, 'floor_max': 2, 'item_type': 'standard', 'floor_basis': 'item_type_unconditional', 'floor_scope': 'default', 'source_tier_derived': 4}, {'claim': 'In December 2025, the ISSB issued Amendments to Greenhouse Gas Emissions Disclosures to support entities applying specific greenhouse gas disclosure emissions requirements in IFRS S2, particularly during the implementation phase.', 'reason': 'fact_below_authority_floor', 'priority': 'LOW', 'criterion': 3, 'floor_max': 4, 'item_type': 'standard', 'floor_basis': 'item_type_unconditional', 'floor_scope': 'standard_own_body', 'source_tier_derived': 5}, {'claim': 'The objective of IFRS S2 is to require an entity to disclose information about its climate-related risks and opportunities that is useful to users of general purpose financial reports in making decisions relating to providing resources to the entity.', 'reason': 'fact_below_authority_floor', 'priority': 'LOW', 'criterion': 3, 'floor_max': 4, 'item_type': 'standard', 'floor_basis': 'item_type_unconditional', 'floor_scope': 'standard_own_body', 'source_tier_derived': 5}, {'claim': 'IFRS S2 applies to: climate-related risks to which the entity is exposed, which are: climate-related physical risks; and climate-related transition risks; and climate-related opportunities available to the entity.', 'reason': 'fact_below_authority_floor', 'priority': 'LOW', 'criterion': 3, 'floor_max': 4, 'item_type': 'standard', 'floor_basis': 'item_type_unconditional', 'floor_scope': 'standard_own_body', 'source_tier_derived': 5}, {'claim': 'IFRS S2 requires disclosure of absolute gross greenhouse gas emissions generated during the reporting period, measured in accordance with the Greenhouse Gas Protocol, classified as scope 1 emissions, scope 2 emissions, and scope 3 emissions.', 'reason': 'fact_below_authority_floor', 'priority': 'LOW', 'criterion': 3, 'floor_max': 2, 'item_type': 'standard', 'floor_basis': 'item_type_unconditional', 'floor_scope': 'default', 'source_tier_derived': 4}, {'claim': 'IFRS S2 incorporates industry-based disclosure requirements derived from SASB Standards.', 'reason': 'fact_below_authority_floor', 'priority': 'LOW', 'criterion': 3, 'floor_max': 4, 'item_type': 'standard', 'floor_basis': 'item_type_unconditional', 'floor_scope': 'standard_own_body', 'source_tier_derived': 5}, {'claim': 'Sitting under the remit of the ISSB, the SASB Standards are referenced as a component of the IFRS S2 framework.', 'reason': 'fact_below_authority_floor', 'priority': 'LOW', 'criterion': 3, 'floor_max': 2, 'item_type': 'standard', 'floor_basis': 'item_type_unconditional', 'floor_scope': 'default', 'source_tier_derived': 4}, {'claim': 'The December 2025 amendments are effective for reporting periods beginning on or after 1 January 2027, with early application permitted.', 'reason': 'fact_below_authority_floor', 'priority': 'LOW', 'criterion': 3, 'floor_max': 4, 'item_type': 'standard', 'floor_basis': 'item_type_unconditional', 'floor_scope': 'standard_own_body', 'source_tier_derived': 5}, {'claim': 'The December 2025 amendments clarify that an entity is permitted to limit measurement and disclosure of Scope 3 Category 15 GHG emissions to financed emissions as defined in IFRS S2; permit the use of alternative classification systems; clarify the availability of the jurisdictional relief from using the GHG Protocol Standard; and introduce a jurisdictional relief from using global warming potential values from the latest IPCC Assessment Report.', 'reason': 'fact_below_authority_floor', 'priority': 'LOW', 'criterion': 3, 'floor_max': 4, 'item_type': 'standard', 'floor_basis': 'item_type_unconditional', 'floor_scope': 'standard_own_body', 'source_tier_derived': 5}, {'claim': 'The amendments were aimed to reduce complexity, the risk of duplicative reporting and the cost of applying specific greenhouse gas emissions disclosure requirements in IFRS S2, while not significantly reducing the usefulness of information for users of general purpose financial reports.', 'reason': 'fact_below_authority_floor', 'priority': 'LOW', 'criterion': 3, 'floor_max': 4, 'item_type': 'standard', 'floor_basis': 'item_type_unconditional', 'floor_scope': 'standard_own_body', 'source_tier_derived': 5}, {'claim': '[jurisdictional_scope] The IFRS Foundation maintains a live jurisdictional profile and snapshot database, with profiles published for Australia, Bangladesh, Brazil, Chile, Ghana, Hong Kong SAR, Jordan, Kenya, Malaysia, Mexico, Nigeria, Pakistan, Qatar, Rwanda, Sri Lanka, Chinese Taipei, Tanzania, Türkiye, and Zambia.', 'reason': 'fact_below_authority_floor', 'priority': 'LOW', 'criterion': 3, 'floor_max': 4, 'item_type': 'standard', 'floor_basis': 'item_type_unconditional', 'floor_scope': 'standard_own_body', 'source_tier_derived': 5}, {'claim': 'In May 2024, the IFRS Foundation stated in the Inaugural Jurisdictional Guide its plans to develop and publish jurisdictional profiles.', 'reason': 'fact_below_authority_floor', 'priority': 'LOW', 'criterion': 3, 'floor_max': 4, 'item_type': 'standard', 'floor_basis': 'item_type_unconditional', 'floor_scope': 'standard_own_body', 'source_tier_derived': 5}, {'claim': 'The ISSB has an active project: Amendments to the IFRS S2 Industry-based Guidance—Phase 1.', 'reason': 'fact_below_authority_floor', 'priority': 'LOW', 'criterion': 3, 'floor_max': 4, 'item_type': 'standard', 'floor_basis': 'item_type_unconditional', 'floor_scope': 'standard_own_body', 'source_tier_derived': 5}, {'claim': 'The ISSB has an active project on Nature-related Disclosures.', 'reason': 'fact_below_authority_floor', 'priority': 'LOW', 'criterion': 3, 'floor_max': 4, 'item_type': 'standard', 'floor_basis': 'item_type_unconditional', 'floor_scope': 'standard_own_body', 'source_tier_derived': 5}, {'claim': 'Sitting under the remit of the ISSB, the SASB Standards are referenced as a component of IFRS S2 for sector-specific disclosure.', 'reason': 'fact_below_authority_floor', 'priority': 'LOW', 'criterion': 3, 'floor_max': 2, 'item_type': 'standard', 'floor_basis': 'item_type_unconditional', 'floor_scope': 'default', 'source_tier_derived': 4}, {'claim': 'The December 2025 amendments clarify that an entity is permitted to limit measurement and disclosure of Scope 3 Category 15 GHG emissions to financed emissions as defined in IFRS S2.', 'reason': 'fact_below_authority_floor', 'priority': 'LOW', 'criterion': 3, 'floor_max': 4, 'item_type': 'standard', 'floor_basis': 'item_type_unconditional', 'floor_scope': 'standard_own_body', 'source_tier_derived': 5}, {'claim': '[primary_deadline] IFRS S2 is effective for annual reporting periods beginning on or after 1 January 2024 with earlier application permitted as long as IFRS S1 General Requirements for Disclosure of Sustainability-related Financial Information is also applied.', 'reason': 'fact_below_authority_floor', 'priority': 'LOW', 'criterion': 3, 'floor_max': 4, 'item_type': 'standard', 'floor_basis': 'item_type_unconditional', 'floor_scope': 'standard_own_body', 'source_tier_derived': 5}, {'claim': 'The ISSB is developing standards in the public interest as a high-quality, comprehensive global baseline of sustainability disclosures focused on the needs of investors and the financial markets.', 'reason': 'fact_below_authority_floor', 'priority': 'LOW', 'criterion': 3, 'floor_max': 4, 'item_type': 'standard', 'floor_basis': 'item_type_unconditional', 'floor_scope': 'standard_own_body', 'source_tier_derived': 5}, {'claim': '[jurisdictional_scope] The ISSB has international support with its work to develop sustainability disclosure standards backed by the G7, the G20, the International Organization of Securities Commissions (IOSCO), the Financial Stability Board, African Finance Ministers and Finance Ministers and Central Bank Governors from more than 40 jurisdictions.', 'reason': 'fact_below_authority_floor', 'priority': 'LOW', 'criterion': 3, 'floor_max': 4, 'item_type': 'standard', 'floor_basis': 'item_type_unconditional', 'floor_scope': 'standard_own_body', 'source_tier_derived': 5}, {'claim': 'Disclosing entities are required to disclose absolute gross greenhouse gas emissions generated during the reporting period, measured in accordance with the Greenhouse Gas Protocol, classified as scope 1 emissions, scope 2 emissions, and scope 3 emissions.', 'reason': 'fact_below_authority_floor', 'priority': 'LOW', 'criterion': 3, 'floor_max': 2, 'item_type': 'standard', 'floor_basis': 'item_type_unconditional', 'floor_scope': 'default', 'source_tier_derived': 4}, {'claim': 'The December 2025 amendments clarify the availability of the jurisdictional relief from using the GHG Protocol Standard, if only part of an entity is required to use a different method for measuring GHG emissions.', 'reason': 'fact_below_authority_floor', 'priority': 'LOW', 'criterion': 3, 'floor_max': 4, 'item_type': 'standard', 'floor_basis': 'item_type_unconditional', 'floor_scope': 'standard_own_body', 'source_tier_derived': 5}, {'claim': 'IFRS S2 emissions disclosure is required to be measured in accordance with the Greenhouse Gas Protocol.', 'reason': 'fact_below_authority_floor', 'priority': 'LOW', 'criterion': 3, 'floor_max': 2, 'item_type': 'standard', 'floor_basis': 'item_type_unconditional', 'floor_scope': 'default', 'source_tier_derived': 4}, {'claim': 'Early application of IFRS S2 is permitted as long as IFRS S1 General Requirements for Disclosure of Sustainability-related Financial Information is also applied.', 'reason': 'fact_below_authority_floor', 'priority': 'LOW', 'criterion': 3, 'floor_max': 4, 'item_type': 'standard', 'floor_basis': 'item_type_unconditional', 'floor_scope': 'standard_own_body', 'source_tier_derived': 5}, {'claim': 'The December 2025 amendments introduce: a relief allowing entities to limit Scope 3 Category 15 to financed emissions; permission to use alternative classification systems beyond GICS; a jurisdictional relief from using the GHG Protocol Standard where only part of an entity is required to use a different method; and a jurisdictional relief from using global warming potential values from the latest IPCC Assessment Report.', 'reason': 'fact_below_authority_floor', 'priority': 'LOW', 'criterion': 3, 'floor_max': 4, 'item_type': 'standard', 'floor_basis': 'item_type_unconditional', 'floor_scope': 'standard_own_body', 'source_tier_derived': 5}, {'claim': '[primary_deadline] IFRS S2 is effective for annual reporting periods beginning on or after 1 January 2024.', 'reason': 'fact_below_authority_floor', 'priority': 'LOW', 'criterion': 3, 'floor_max': 4, 'item_type': 'standard', 'floor_basis': 'item_type_unconditional', 'floor_scope': 'standard_own_body', 'source_tier_derived': 5}, {'claim': 'The December 2025 targeted amendments are effective for reporting periods beginning on or after 1 January 2027, with early application permitted.', 'reason': 'fact_below_authority_floor', 'priority': 'LOW', 'criterion': 3, 'floor_max': 4, 'item_type': 'standard', 'floor_basis': 'item_type_unconditional', 'floor_scope': 'standard_own_body', 'source_tier_derived': 5}, {'reason': 'unlabeled_assertion', 'criterion': 4, 'section_row_id': '581f404c-599c-4e70-acba-330b42ad2f0f'}, {'reason': 'gate_a_unproven_or_stale', 'criterion': 7}]"
388b2ce8-1740-4e61-b3c6-a890ab4bdd03,research_finding,quarantined,False,"[{'reason': 'gate_a_unproven_or_stale', 'criterion': 7}]"
39b5dc20-54a4-4211-a291-2d188cb4edc2,regulation,verified,True,[]
3ae89ce6-2f4f-43ed-a7ab-ee930e6dd1a8,regulation,quarantined,False,"[{'claim': '[effective_date] Regulation (EU) 2024/1610 was published in the Official Journal on 6 June 2024 and applies from 1 July 2024.', 'reason': 'fact_span_not_in_source', 'criterion': 3, 'source_span': 'OJ L, 2024/1610, 6.6.2024'}, {'claim': '[effective_date] The 2025 Automotive Package targeted amendment was approved by the European Parliament on 12 March 2026, with Member States signalling backing through Coreper endorsement on 18 February 2026.', 'reason': 'fact_below_authority_floor', 'priority': 'LOW', 'criterion': 3, 'floor_max': 2, 'item_type': 'regulation', 'floor_basis': 'item_type_unconditional', 'floor_scope': 'default', 'source_tier_derived': 4}, {'claim': 'The amended 2024 regulation requires a review to be carried out by the end of 2027 to determine the effectiveness of the regulation, especially regarding the objective of climate neutrality by 2050.', 'reason': 'fact_below_authority_floor', 'priority': 'LOW', 'criterion': 3, 'floor_max': 2, 'item_type': 'regulation', 'floor_basis': 'item_type_unconditional', 'floor_scope': 'default', 'source_tier_derived': 7}, {'claim': '[penalty_summary] A proposed penalty level of €6,800/gCO2/tkm from 2030 was dropped in the amended regulation — the €4,250 rate applies throughout.', 'reason': 'fact_below_authority_floor', 'priority': 'LOW', 'criterion': 3, 'floor_max': 2, 'item_type': 'regulation', 'floor_basis': 'item_type_unconditional', 'floor_scope': 'default', 'source_tier_derived': 7}, {'claim': 'Under the 2025 Automotive Package amendment, manufacturers will be able to generate credits when their average fleet emissions fall below the fixed 2025 target, rather than below a linear annual reduction trajectory, for the 2025–2029 period.', 'reason': 'fact_below_authority_floor', 'priority': 'LOW', 'criterion': 3, 'floor_max': 2, 'item_type': 'regulation', 'floor_basis': 'item_type_unconditional', 'floor_scope': 'default', 'source_tier_derived': None}, {'claim': 'The updated credit mechanism applies to heavy-duty vehicle categories covered by the regulation, including coaches and intercity buses. However, city buses are excluded from the revised credit system.', 'reason': 'fact_below_authority_floor', 'priority': 'LOW', 'criterion': 3, 'floor_max': 2, 'item_type': 'regulation', 'floor_basis': 'item_type_unconditional', 'floor_scope': 'default', 'source_tier_derived': None}, {'claim': 'The 2024 amendment expanded the scope to make almost all new heavy-duty vehicles with certified CO2 emissions—including smaller trucks, urban buses, coaches and trailers—subject to emission reduction targets.', 'reason': 'fact_below_authority_floor', 'priority': 'LOW', 'criterion': 3, 'floor_max': 2, 'item_type': 'regulation', 'floor_basis': 'item_type_unconditional', 'floor_scope': 'default', 'source_tier_derived': 7}, {'claim': 'The European Parliament adopted the 2025 Automotive Package targeted credit amendment on 12 March 2026.', 'reason': 'fact_below_authority_floor', 'priority': 'LOW', 'criterion': 3, 'floor_max': 2, 'item_type': 'regulation', 'floor_basis': 'item_type_unconditional', 'floor_scope': 'default', 'source_tier_derived': 4}, {'reason': 'gate_a_unproven_or_stale', 'criterion': 7}]"
3af75490-8356-4a13-a9ba-7a6318daff70,regulation,quarantined,False,"[{'claim': 'The Scope 3 Standard is the only internationally accepted method for companies to account for value chain emissions, covering 15 categories of Scope 3 activities.', 'reason': 'fact_below_authority_floor', 'priority': 'LOW', 'criterion': 3, 'floor_max': 2, 'item_type': 'regulation', 'floor_basis': 'item_type_unconditional', 'floor_scope': 'default', 'source_tier_derived': 4}, {'claim': 'The GHG Protocol Corporate Value Chain (Scope 3) Standard was released in 2011 and is the only internationally accepted method for companies to account for value chain emissions.', 'reason': 'fact_below_authority_floor', 'priority': 'LOW', 'criterion': 3, 'floor_max': 2, 'item_type': 'regulation', 'floor_basis': 'item_type_unconditional', 'floor_scope': 'default', 'source_tier_derived': 4}, {'claim': 'ISO 14083:2023 was published on 2023-03-20 and supersedes IWA 16:2015.', 'reason': 'fact_below_authority_floor', 'priority': 'LOW', 'criterion': 3, 'floor_max': 2, 'item_type': 'regulation', 'floor_basis': 'item_type_unconditional', 'floor_scope': 'default', 'source_tier_derived': 4}, {'claim': 'ISO 14083:2023 establishes a common methodology for the quantification and reporting of greenhouse gas (GHG) emissions arising from the operation of transport chains of passengers and freight.', 'reason': 'fact_below_authority_floor', 'priority': 'LOW', 'criterion': 3, 'floor_max': 2, 'item_type': 'regulation', 'floor_basis': 'item_type_unconditional', 'floor_scope': 'default', 'source_tier_derived': 4}, {'reason': 'gate_a_unproven_or_stale', 'criterion': 7}]"
3b2a3a17-0953-4eb2-a307-da1a0aa8d2bc,guidance,unverified,False,"[{'reason': 'missing_source_id', 'criterion': 1}, {'reason': 'no_section_content', 'criterion': 2}, {'reason': 'missing_full_brief', 'criterion': 6}]"
3c22f667-5e4f-41c0-a3b6-a5b5dd531697,regulation,quarantined,False,"[{'reason': 'unlabeled_assertion', 'criterion': 4, 'section_row_id': '43310167-2c6b-4b8d-a760-61e80a32b9b4'}, {'reason': 'unlabeled_assertion', 'criterion': 4, 'section_row_id': 'b9d79950-9a42-4b94-a67b-94af885011d5'}, {'reason': 'missing_required_slot', 'slot_key': 'effective_date', 'criterion': 5, 'item_type': 'regulation'}, {'reason': 'missing_required_slot', 'slot_key': 'primary_deadline', 'criterion': 5, 'item_type': 'regulation'}, {'reason': 'missing_required_slot', 'slot_key': 'jurisdictional_scope', 'criterion': 5, 'item_type': 'regulation'}, {'reason': 'missing_required_slot', 'slot_key': 'penalty_summary', 'criterion': 5, 'item_type': 'regulation'}, {'reason': 'gate_a_unproven_or_stale', 'criterion': 7}]"
3e756291-f79e-487e-84d5-efc535cfef27,regulation,quarantined,False,"[{'claim': 'By 2030, China aims to have a cap-and-trade system with a mix of allocation and auctioning.', 'reason': 'fact_below_authority_floor', 'priority': 'LOW', 'criterion': 3, 'floor_max': 2, 'item_type': 'regulation', 'floor_basis': 'item_type_unconditional', 'floor_scope': 'default', 'source_tier_derived': 3}, {'claim': '[penalty_summary] Covered entities are responsible for controlling their emissions, reporting verified carbon data, surrendering allowances, disclosing trading activity, and complying with oversight from provincial and national ecological and environmental authorities.', 'reason': 'fact_below_authority_floor', 'priority': 'LOW', 'criterion': 3, 'floor_max': 2, 'item_type': 'regulation', 'floor_basis': 'item_type_unconditional', 'floor_scope': 'default', 'source_tier_derived': None}, {'claim': 'Companies in the power generation sector have received free CEAs based on their electricity and heat output and government-set efficiency benchmarks.', 'reason': 'fact_below_authority_floor', 'priority': 'LOW', 'criterion': 3, 'floor_max': 2, 'item_type': 'regulation', 'floor_basis': 'item_type_unconditional', 'floor_scope': 'default', 'source_tier_derived': None}, {'claim': 'Emitters, registries, exchanges, and financial institutions must disclose emissions, trading, and compliance data.', 'reason': 'fact_below_authority_floor', 'priority': 'LOW', 'criterion': 3, 'floor_max': 2, 'item_type': 'regulation', 'floor_basis': 'item_type_unconditional', 'floor_scope': 'default', 'source_tier_derived': None}, {'claim': 'The Opinions allow limited use of certified voluntary carbon credits as offsets.', 'reason': 'fact_below_authority_floor', 'priority': 'LOW', 'criterion': 3, 'floor_max': 2, 'item_type': 'regulation', 'floor_basis': 'item_type_unconditional', 'floor_scope': 'default', 'source_tier_derived': None}, {'claim': 'A fundamental shift outlined in the Opinions is the move from intensity-based controls (emissions per unit of output) to absolute emissions caps for covered sectors.', 'reason': 'fact_below_authority_floor', 'priority': 'LOW', 'criterion': 3, 'floor_max': 2, 'item_type': 'regulation', 'floor_basis': 'item_type_unconditional', 'floor_scope': 'default', 'source_tier_derived': 3}, {'claim': '[primary_deadline] Starting as early as 2027, sectors with relatively stable emissions profiles will be subject to absolute cap controls.', 'reason': 'fact_below_authority_floor', 'priority': 'LOW', 'criterion': 3, 'floor_max': 2, 'item_type': 'regulation', 'floor_basis': 'item_type_unconditional', 'floor_scope': 'default', 'source_tier_derived': 3}, {'claim': 'At this point, increases in production by covered entities will no longer automatically result in higher allowance allocations.', 'reason': 'fact_below_authority_floor', 'priority': 'LOW', 'criterion': 3, 'floor_max': 2, 'item_type': 'regulation', 'floor_basis': 'item_type_unconditional', 'floor_scope': 'default', 'source_tier_derived': 3}, {'claim': 'The allocation mechanism will evolve from primarily free allocation to a hybrid model incorporating auctioning of allowances.', 'reason': 'fact_below_authority_floor', 'priority': 'LOW', 'criterion': 3, 'floor_max': 2, 'item_type': 'regulation', 'floor_basis': 'item_type_unconditional', 'floor_scope': 'default', 'source_tier_derived': 3}, {'claim': 'For 2025–2026, allocation for steel, cement, and aluminum will shift to an intensity-based approach tied to production output.', 'reason': 'fact_below_authority_floor', 'priority': 'LOW', 'criterion': 3, 'floor_max': 2, 'item_type': 'regulation', 'floor_basis': 'item_type_unconditional', 'floor_scope': 'default', 'source_tier_derived': None}, {'claim': '[penalty_summary] Covered entities require verified GHG emissions reporting infrastructure, account registration in the national carbon registry, allowance surrender capability, and trading activity disclosure.', 'reason': 'fact_below_authority_floor', 'priority': 'LOW', 'criterion': 3, 'floor_max': 2, 'item_type': 'regulation', 'floor_basis': 'item_type_unconditional', 'floor_scope': 'default', 'source_tier_derived': None}, {'claim': 'Currently, China allocates all ETS permits for free.', 'reason': 'fact_below_authority_floor', 'priority': 'LOW', 'criterion': 3, 'floor_max': 2, 'item_type': 'regulation', 'floor_basis': 'item_type_unconditional', 'floor_scope': 'default', 'source_tier_derived': 6}, {'claim': ""The 26,000 tCO2e threshold determines 'key emitter' status."", 'reason': 'fact_below_authority_floor', 'priority': 'LOW', 'criterion': 3, 'floor_max': 2, 'item_type': 'regulation', 'floor_basis': 'item_type_unconditional', 'floor_scope': 'default', 'source_tier_derived': None}, {'claim': 'The Opinions call for the orderly inclusion of additional sectors and greenhouse gases in the National ETS, guided by factors such as sectoral emissions, data quality, and abatement potential.', 'reason': 'fact_below_authority_floor', 'priority': 'LOW', 'criterion': 3, 'floor_max': 2, 'item_type': 'regulation', 'floor_basis': 'item_type_unconditional', 'floor_scope': 'default', 'source_tier_derived': 3}, {'claim': 'Advanced MRV systems: Digital registries and automated monitoring will be rolled out, with stricter accreditation for verification bodies.', 'reason': 'fact_below_authority_floor', 'priority': 'LOW', 'criterion': 3, 'floor_max': 2, 'item_type': 'regulation', 'floor_basis': 'item_type_unconditional', 'floor_scope': 'default', 'source_tier_derived': None}, {'claim': 'Provincial pilot markets will continue to coordinate with the national ETS, with no new pilots planned.', 'reason': 'fact_below_authority_floor', 'priority': 'LOW', 'criterion': 3, 'floor_max': 2, 'item_type': 'regulation', 'floor_basis': 'item_type_unconditional', 'floor_scope': 'default', 'source_tier_derived': None}, {'claim': '[primary_deadline] Starting as early as 2027, sectors with relatively stable emissions profiles will be subject to absolute cap controls. At that point, increases in production by covered entities will no longer automatically result in higher allowance allocations.', 'reason': 'fact_below_authority_floor', 'priority': 'LOW', 'criterion': 3, 'floor_max': 2, 'item_type': 'regulation', 'floor_basis': 'item_type_unconditional', 'floor_scope': 'default', 'source_tier_derived': 3}, {'claim': '[jurisdictional_scope] Key emitters are defined as entities with annual GHG emissions exceeding 26,000 tCO2e.', 'reason': 'fact_below_authority_floor', 'priority': 'LOW', 'criterion': 3, 'floor_max': 2, 'item_type': 'regulation', 'floor_basis': 'item_type_unconditional', 'floor_scope': 'default', 'source_tier_derived': None}, {'claim': 'A market reserve and adjustment mechanism will be established to stabilize carbon prices and balance supply and demand, drawing on successful experiences from regional pilots.', 'reason': 'fact_below_authority_floor', 'priority': 'LOW', 'criterion': 3, 'floor_max': 2, 'item_type': 'regulation', 'floor_basis': 'item_type_unconditional', 'floor_scope': 'default', 'source_tier_derived': 3}, {'claim': 'Entities below the 26,000 tCO2e threshold are not classified as key emitters and are not subject to ETS quota management.', 'reason': 'fact_below_authority_floor', 'priority': 'LOW', 'criterion': 3, 'floor_max': 2, 'item_type': 'regulation', 'floor_basis': 'item_type_unconditional', 'floor_scope': 'default', 'source_tier_derived': None}, {'reason': 'gate_a_unproven_or_stale', 'criterion': 7}]"
3e9c3ebe-10f2-4502-b629-b746f7d3438a,regulation,quarantined,False,"[{'claim': 'E-bus adoption has an aggregate mitigation potential of 1.8 Mt CO2e up to 2030 and the TRANSfer report recommends investment of 791 million euros.', 'reason': 'fact_below_authority_floor', 'priority': 'LOW', 'criterion': 3, 'floor_max': 2, 'item_type': 'regulation', 'floor_basis': 'item_type_unconditional', 'floor_scope': 'default', 'source_tier_derived': 4}, {'claim': 'In 2019 the Colombian Ministry of Transport and GIZ identified public transport electrification as a key measure for decreasing GHG emissions and modernising public transport systems.', 'reason': 'fact_below_authority_floor', 'priority': 'LOW', 'criterion': 3, 'floor_max': 2, 'item_type': 'regulation', 'floor_basis': 'item_type_unconditional', 'floor_scope': 'default', 'source_tier_derived': 4}, {'claim': 'The GIZ/TRANSfer III collaboration involved collaboration with the Colombian government on a public transport electrification strategy.', 'reason': 'fact_below_authority_floor', 'priority': 'LOW', 'criterion': 3, 'floor_max': 2, 'item_type': 'regulation', 'floor_basis': 'item_type_unconditional', 'floor_scope': 'default', 'source_tier_derived': 4}, {'claim': 'The proposed national e-bus investment fund was embedded in Law 2169 (2022).', 'reason': 'fact_below_authority_floor', 'priority': 'LOW', 'criterion': 3, 'floor_max': 2, 'item_type': 'regulation', 'floor_basis': 'item_type_unconditional', 'floor_scope': 'default', 'source_tier_derived': 4}, {'claim': 'The GIZ/Changing Transport source was published on 24 May 2023.', 'reason': 'fact_below_authority_floor', 'priority': 'LOW', 'criterion': 3, 'floor_max': 2, 'item_type': 'regulation', 'floor_basis': 'item_type_unconditional', 'floor_scope': 'default', 'source_tier_derived': 4}, {'claim': '[jurisdictional_scope] Jurisdictional scope of the public transport electrification strategy is Colombia.', 'reason': 'fact_below_authority_floor', 'priority': 'LOW', 'criterion': 3, 'floor_max': 2, 'item_type': 'regulation', 'floor_basis': 'item_type_unconditional', 'floor_scope': 'default', 'source_tier_derived': 4}, {'claim': 'The Colombian Ministry of Transport developed a proposal for a national investment fund that would promote the modernisation of public transport and light freight, integrated into the 2022 Climate Action Law (2169).', 'reason': 'fact_below_authority_floor', 'priority': 'LOW', 'criterion': 3, 'floor_max': 2, 'item_type': 'regulation', 'floor_basis': 'item_type_unconditional', 'floor_scope': 'default', 'source_tier_derived': 4}, {'claim': '[effective_date] The 2014-2018 National Development Plan (Law 1753 of 2015) made explicit mention of NMT in article 31 (noting financing needs and investment plans for NMT) and article 32, where the state committed to acting to increase the use of NMT modes (journeys on foot, bicycle or tricycle). Article 204 commits the Ministry of Transportation to designing a strategy to include bicycle and NMT facilities in future road projects.', 'reason': 'fact_below_authority_floor', 'priority': 'LOW', 'criterion': 3, 'floor_max': 2, 'item_type': 'regulation', 'floor_basis': 'item_type_unconditional', 'floor_scope': 'default', 'source_tier_derived': 3}, {'claim': 'National Urban Transport Policy focuses on structuring, and restructuring, passenger transport systems in the cities of Colombia, and pays attention to NMT and road safety, and to supporting and promoting mass transit.', 'reason': 'fact_below_authority_floor', 'priority': 'LOW', 'criterion': 3, 'floor_max': 2, 'item_type': 'regulation', 'floor_basis': 'item_type_unconditional', 'floor_scope': 'default', 'source_tier_derived': 3}, {'claim': '[effective_date] This proposal was integrated into the 2022 Climate Action Law (2169). While this represents a tremendous step forward for bus fleet electrification in Colombia, financing is not the sole barrier to transformation.', 'reason': 'fact_below_authority_floor', 'priority': 'LOW', 'criterion': 3, 'floor_max': 2, 'item_type': 'regulation', 'floor_basis': 'item_type_unconditional', 'floor_scope': 'default', 'source_tier_derived': 4}, {'claim': 'Key policies and plans for sustainable transportation in Colombia are the National Development Plan, the National Urban Transport Policy, and the Action Plan for Sector Mitigation (Transportation).', 'reason': 'fact_below_authority_floor', 'priority': 'LOW', 'criterion': 3, 'floor_max': 2, 'item_type': 'regulation', 'floor_basis': 'item_type_unconditional', 'floor_scope': 'default', 'source_tier_derived': 3}, {'claim': '[jurisdictional_scope] Jurisdictional scope: Colombia (national jurisdiction). The policies described apply to urban transport systems in Colombian cities and national road infrastructure projects.', 'reason': 'fact_below_authority_floor', 'priority': 'LOW', 'criterion': 3, 'floor_max': 2, 'item_type': 'regulation', 'floor_basis': 'item_type_unconditional', 'floor_scope': 'default', 'source_tier_derived': 3}, {'claim': ""Colombia's 15,000 buses produce approximately 1.3 million tonnes of CO₂e per year."", 'reason': 'fact_below_authority_floor', 'priority': 'LOW', 'criterion': 3, 'floor_max': 2, 'item_type': 'regulation', 'floor_basis': 'item_type_unconditional', 'floor_scope': 'default', 'source_tier_derived': 4}, {'claim': 'Law 2169 (2022) integrated a proposal for a national public investment fund for public transport and light freight electrification.', 'reason': 'fact_below_authority_floor', 'priority': 'LOW', 'criterion': 3, 'floor_max': 2, 'item_type': 'regulation', 'floor_basis': 'item_type_unconditional', 'floor_scope': 'default', 'source_tier_derived': 4}, {'claim': 'Article 204 commits the Ministry of Transportation to designing a strategy to include bicycle and NMT facilities in future road projects.', 'reason': 'fact_below_authority_floor', 'priority': 'LOW', 'criterion': 3, 'floor_max': 2, 'item_type': 'regulation', 'floor_basis': 'item_type_unconditional', 'floor_scope': 'default', 'source_tier_derived': 3}, {'claim': ""Colombia's buses emit some 1.3 million-tons of CO₂e per year, which represents 6% of the national transport-related GHG emissions."", 'reason': 'fact_below_authority_floor', 'priority': 'LOW', 'criterion': 3, 'floor_max': 2, 'item_type': 'regulation', 'floor_basis': 'item_type_unconditional', 'floor_scope': 'default', 'source_tier_derived': 4}, {'claim': 'e-buses have lower operating costs than their conventional counterparts, they have significantly higher upfront costs.', 'reason': 'fact_below_authority_floor', 'priority': 'LOW', 'criterion': 3, 'floor_max': 2, 'item_type': 'regulation', 'floor_basis': 'item_type_unconditional', 'floor_scope': 'default', 'source_tier_derived': 4}, {'claim': 'The investment fund proposal was integrated into the 2022 Climate Action Law (2169).', 'reason': 'fact_below_authority_floor', 'priority': 'LOW', 'criterion': 3, 'floor_max': 2, 'item_type': 'regulation', 'floor_basis': 'item_type_unconditional', 'floor_scope': 'default', 'source_tier_derived': 4}, {'claim': 'The TRANSfer III report estimates that e-bus adoption has an aggregate mitigation potential of 1.8 Mt CO₂e up to 2030 and recommends investment of 791 million euros.', 'reason': 'fact_below_authority_floor', 'priority': 'LOW', 'criterion': 3, 'floor_max': 2, 'item_type': 'regulation', 'floor_basis': 'item_type_unconditional', 'floor_scope': 'default', 'source_tier_derived': 4}, {'claim': 'Bogotá is internationally recognised for its sustainable transport actions, in particular the 55 km TransMilenio BRT.', 'reason': 'fact_below_authority_floor', 'priority': 'LOW', 'criterion': 3, 'floor_max': 2, 'item_type': 'regulation', 'floor_basis': 'item_type_unconditional', 'floor_scope': 'default', 'source_tier_derived': 3}, {'claim': 'In recent years, ridership has been declining in Colombian public transport systems, predominantly due to increasing private ownership of cars and motorcycles.', 'reason': 'fact_below_authority_floor', 'priority': 'LOW', 'criterion': 3, 'floor_max': 2, 'item_type': 'regulation', 'floor_basis': 'item_type_unconditional', 'floor_scope': 'default', 'source_tier_derived': 4}, {'claim': 'The GIZ/TRANSfer III project developed a special guide to energy supply for electric vehicles in Colombia, which has been disseminated throughout the country, targeting local government and public transport actors.', 'reason': 'fact_below_authority_floor', 'priority': 'LOW', 'criterion': 3, 'floor_max': 2, 'item_type': 'regulation', 'floor_basis': 'item_type_unconditional', 'floor_scope': 'default', 'source_tier_derived': 4}, {'claim': 'The National Training Service (SENA) developed a driver and maintenance curriculum for electric vehicles offered by SENA at its vehicle training centers in Bogotá and Bucaramanga.', 'reason': 'fact_below_authority_floor', 'priority': 'LOW', 'criterion': 3, 'floor_max': 2, 'item_type': 'regulation', 'floor_basis': 'item_type_unconditional', 'floor_scope': 'default', 'source_tier_derived': 4}, {'claim': 'Bogotá has an impressive network of bicycle lanes, of around 350 km, and a mode share of cycling trips of around 3.3%.', 'reason': 'fact_below_authority_floor', 'priority': 'LOW', 'criterion': 3, 'floor_max': 2, 'item_type': 'regulation', 'floor_basis': 'item_type_unconditional', 'floor_scope': 'default', 'source_tier_derived': 3}, {'claim': 'In 2016 the Sustainable Urban Mobility Unit, funded by the World Bank and attached to the Department of Transport and Traffic of the Ministry of Transport, published a guideline for cycle infrastructure in Colombia Cities.', 'reason': 'fact_below_authority_floor', 'priority': 'LOW', 'criterion': 3, 'floor_max': 2, 'item_type': 'regulation', 'floor_basis': 'item_type_unconditional', 'floor_scope': 'default', 'source_tier_derived': 3}, {'claim': 'The National Urban Transport Policy is a key policy for sustainable transportation in Colombia.', 'reason': 'analysis_missing_label_syntax', 'criterion': 4}, {'claim': 'The 2014-2018 National Development Plan (Law 1753 of 2015) committed the Ministry of Transportation to designing a strategy to include bicycle and NMT facilities in future road projects.', 'reason': 'analysis_missing_label_syntax', 'criterion': 4}, {'claim': 'The UNEP Colombia profile was last updated 26 Feb 2024.', 'reason': 'analysis_missing_label_syntax', 'criterion': 4}, {'claim': '[jurisdictional_scope] The National Urban Transport Policy applies to cities of Colombia.', 'reason': 'analysis_missing_label_syntax', 'criterion': 4}, {'claim': '[jurisdictional_scope] The jurisdictional scope covers Colombia, specifically its public transport and urban mobility systems.', 'reason': 'analysis_missing_label_syntax', 'criterion': 4}, {'reason': 'gate_a_unproven_or_stale', 'criterion': 7}]"
3ed4f908-cc26-4bdd-ad6f-64cfb6b49cbe,market_signal,quarantined,False,"[{'reason': 'gate_a_unproven_or_stale', 'criterion': 7}]"
3f11c0fb-4dbe-4d7d-b7d5-aef69ad9a560,guidance,unverified,False,"[{'reason': 'no_section_content', 'criterion': 2}, {'reason': 'missing_full_brief', 'criterion': 6}]"
3f11f1fc-5b1f-422a-93bc-a34f6b3c9f3b,regional_data,quarantined,False,"[{'reason': 'gate_a_unproven_or_stale', 'criterion': 7}]"
3f45b2aa-3d15-4e92-95d3-70dcc6f6bc44,regulation,unverified,False,"[{'reason': 'missing_source_id', 'criterion': 1}, {'url': 'https://epa.gov/system/files/documents/2025-07/ports-program-guide-activity-data-collection-2025-06.pdf', 'reason': 'ungrounded_url', 'criterion': 2}, {'url': 'https://eenews.net/articles/trump-stalls-1b-push-to-electrify-trucking-at-port-of-la', 'reason': 'ungrounded_url', 'criterion': 2}, {'url': 'https://epa.gov/ports-initiative/cleanports', 'reason': 'ungrounded_url', 'criterion': 2}, {'url': 'https://fastcompany.com/91301038/us-ports-federal-funding-pollution-clean-up-trump-administration', 'reason': 'ungrounded_url', 'criterion': 2}, {'url': 'https://epa.gov/system/files/documents/2025-08/2025-clean-ports-faq-2025-0822.pdf', 'reason': 'ungrounded_url', 'criterion': 2}, {'url': 'https://energy.gov/cmei/federal-funding-opportunities-port-low-zero-emission-technologies', 'reason': 'ungrounded_url', 'criterion': 2}, {'url': 'https://epa.gov/system/files/documents/2025-01/2024-clean-ports-faq-2025-1-8.pdf', 'reason': 'ungrounded_url', 'criterion': 2}, {'url': 'https://epa.gov/system/files/documents/2025-01/2024-clean-ports-faq-2025-1-8.pdf', 'reason': 'ungrounded_url', 'criterion': 2}, {'url': 'https://epa.gov/ports-initiative/clean-ports-program-grantee-resources', 'reason': 'ungrounded_url', 'criterion': 2}, {'url': 'https://waterwaysjournal.net/2024/10/18/balancing-policy-objectives-for-the-epa-clean-ports-program', 'reason': 'ungrounded_url', 'criterion': 2}, {'url': 'https://epa.gov/system/files/documents/2025-08/2025-clean-ports-faq-2025-0822.pdf', 'reason': 'ungrounded_url', 'criterion': 2}, {'url': 'https://nepis.epa.gov/exe/zypdf.cgi?dockey=p101a2vi.pdf', 'reason': 'ungrounded_url', 'criterion': 2}, {'url': 'https://waterwaysjournal.net/2024/10/18/balancing-policy-objectives-for-the-epa-clean-ports-program', 'reason': 'ungrounded_url', 'criterion': 2}, {'url': 'https://epa.gov/ports-initiative/clean-ports-program-awards', 'reason': 'ungrounded_url', 'criterion': 2}, {'url': 'https://federalgrantswire.com/clean-ports-program.html', 'reason': 'ungrounded_url', 'criterion': 2}, {'url': 'https://epa.gov/ports-initiative/clean-ports-program-awards', 'reason': 'ungrounded_url', 'criterion': 2}, {'url': 'https://epa.gov/ports-initiative/cleanports', 'reason': 'ungrounded_url', 'criterion': 2}, {'url': 'https://epa.gov/ports-initiative/clean-ports-program-grantee-resources', 'reason': 'ungrounded_url', 'criterion': 2}, {'url': 'https://federalgrantswire.com/clean-ports-program.html', 'reason': 'ungrounded_url', 'criterion': 2}, {'url': 'https://epa.gov/newsreleases/epa-invests-3b-clean-ports', 'reason': 'ungrounded_url', 'criterion': 2}, {'url': 'https://epa.gov/system/files/documents/2025-07/ports-program-guide-activity-data-collection-2025-06.pdf', 'reason': 'ungrounded_url', 'criterion': 2}, {'url': 'https://fastcompany.com/91301038/us-ports-federal-funding-pollution-clean-up-trump-administration', 'reason': 'ungrounded_url', 'criterion': 2}, {'url': 'https://iratracker.org/programs/ira-section-60102-grants-to-reduce-air-pollution-at-ports', 'reason': 'ungrounded_url', 'criterion': 2}, {'url': 'https://epa.gov/ports-initiative/clean-ports-program-awards', 'reason': 'ungrounded_url', 'criterion': 2}, {'url': 'https://epa.gov/ports-initiative/cleanports', 'reason': 'ungrounded_url', 'criterion': 2}, {'url': 'https://ampeco.com/ev-charging-grants-incentives/epa-clean-ports-program', 'reason': 'ungrounded_url', 'criterion': 2}, {'url': 'https://epa.gov/ports-initiative/clean-ports-program-grantee-resources', 'reason': 'ungrounded_url', 'criterion': 2}, {'url': 'https://iratracker.org/programs/ira-section-60102-grants-to-reduce-air-pollution-at-ports', 'reason': 'ungrounded_url', 'criterion': 2}, {'reason': 'unlabeled_assertion', 'criterion': 4, 'section_row_id': 'eb00cd95-720b-41ef-8d1f-f980fe27060e'}, {'reason': 'unlabeled_assertion', 'criterion': 4, 'section_row_id': 'f22f8aab-f648-466c-a53d-49a0d78c0a2d'}, {'reason': 'unlabeled_assertion', 'criterion': 4, 'section_row_id': '6df34457-b697-4406-9c8b-e5576fe63b07'}, {'reason': 'unlabeled_assertion', 'criterion': 4, 'section_row_id': 'b0fa3834-fcf0-4bd1-b2a4-1c8c520e1f4a'}, {'reason': 'unlabeled_assertion', 'criterion': 4, 'section_row_id': 'f731326a-1d5b-420b-beb9-a18bd8e1f0c4'}, {'reason': 'missing_required_slot', 'slot_key': 'effective_date', 'criterion': 5, 'item_type': 'regulation'}, {'reason': 'missing_required_slot', 'slot_key': 'primary_deadline', 'criterion': 5, 'item_type': 'regulation'}, {'reason': 'missing_required_slot', 'slot_key': 'jurisdictional_scope', 'criterion': 5, 'item_type': 'regulation'}, {'reason': 'missing_required_slot', 'slot_key': 'penalty_summary', 'criterion': 5, 'item_type': 'regulation'}, {'reason': 'missing_full_brief', 'criterion': 6}]"
3f7e1aed-02b0-4c14-b44a-d1a688685c95,framework,quarantined,False,"[{'claim': 'The GX League Basic Concept established the framework philosophy: a place where companies actively engaged in GX are invited to collaborate with government, academia, and financial institutions to take up the challenge of GX, and engage in discussions for the transformation of the entire economic and social system and the creation of new markets.', 'reason': 'fact_below_authority_floor', 'priority': 'LOW', 'criterion': 3, 'floor_max': 2, 'item_type': 'framework', 'floor_basis': 'item_type_unconditional', 'floor_scope': 'default', 'source_tier_derived': None}, {'claim': 'The METI Subcommittee on Emissions Trading Systems released its final report on 19 December 2025, covering benchmarks, grandfathering, price limits, and compliance structure for Phase 2.', 'reason': 'fact_below_authority_floor', 'priority': 'LOW', 'criterion': 3, 'floor_max': 2, 'item_type': 'framework', 'floor_basis': 'item_type_unconditional', 'floor_scope': 'default', 'source_tier_derived': None}, {'claim': 'Upper price limit in FY2027: JPY 4,300 (USD 28.73). When allowance prices rise above the established upper price limit, entities can meet their obligations by paying the upper limit.', 'reason': 'fact_below_authority_floor', 'priority': 'LOW', 'criterion': 3, 'floor_max': 2, 'item_type': 'framework', 'floor_basis': 'item_type_unconditional', 'floor_scope': 'default', 'source_tier_derived': 3}, {'claim': 'The GX-ETS will not be linked with any other system.', 'reason': 'fact_below_authority_floor', 'priority': 'LOW', 'criterion': 3, 'floor_max': 2, 'item_type': 'framework', 'floor_basis': 'item_type_unconditional', 'floor_scope': 'default', 'source_tier_derived': 3}, {'claim': 'From FY2033, auctioning will be introduced for high-emitting corporations in the power sector. Revenues from auctioning for power generation companies, together with revenues from the fossil fuel surcharge, will be used to redeem GX Economic Transition Bonds.', 'reason': 'fact_below_authority_floor', 'priority': 'LOW', 'criterion': 3, 'floor_max': 2, 'item_type': 'framework', 'floor_basis': 'item_type_unconditional', 'floor_scope': 'default', 'source_tier_derived': 3}, {'claim': 'Sub-national ETSs operate in Tokyo and Saitama.', 'reason': 'fact_below_authority_floor', 'priority': 'LOW', 'criterion': 3, 'floor_max': 2, 'item_type': 'framework', 'floor_basis': 'item_type_unconditional', 'floor_scope': 'default', 'source_tier_derived': 3}, {'claim': 'Japan started its GX-ETS as a voluntary baseline-and-credit system during its first phase spanning FY2023 and FY2025. In FY2026, which started in April 2026, the GX-ETS transitioned to a mandatory baseline-and-credit system.', 'reason': 'fact_below_authority_floor', 'priority': 'LOW', 'criterion': 3, 'floor_max': 2, 'item_type': 'framework', 'floor_basis': 'item_type_unconditional', 'floor_scope': 'default', 'source_tier_derived': 3}, {'claim': 'On 19 December 2025, the subcommittee released its final report and set the Reference Upper Limit Transaction Price at 4,300 yen per carbon-dioxide-emission-quota unit for FY2026, and the Adjustment Standard Transaction Price at 1,700 yen per carbon-dioxide-emission-quota unit for FY2026.', 'reason': 'fact_below_authority_floor', 'priority': 'LOW', 'criterion': 3, 'floor_max': 2, 'item_type': 'framework', 'floor_basis': 'item_type_unconditional', 'floor_scope': 'default', 'source_tier_derived': None}, {'claim': 'In May 2025, the amended GX Promotion Act was passed and enacted at the House of Councillors plenary session, obliging companies that emit at least 100,000 metric tons of carbon dioxide a year to participate in the emissions trading system to be introduced in fiscal year 2026.', 'reason': 'fact_below_authority_floor', 'priority': 'LOW', 'criterion': 3, 'floor_max': 2, 'item_type': 'framework', 'floor_basis': 'item_type_unconditional', 'floor_scope': 'default', 'source_tier_derived': None}, {'claim': 'Banking of allowances: there are currently no regulations for banking in place, but the government is examining the possibility of implementing banking rules in FY2027. Borrowing is not allowed.', 'reason': 'fact_below_authority_floor', 'priority': 'LOW', 'criterion': 3, 'floor_max': 2, 'item_type': 'framework', 'floor_basis': 'item_type_unconditional', 'floor_scope': 'default', 'source_tier_derived': 3}, {'claim': '[jurisdictional_scope] The framework applies in Japan, across multiple sectors including maritime domestic aviation, transport, industry, and power.', 'reason': 'fact_below_authority_floor', 'priority': 'LOW', 'criterion': 3, 'floor_max': 2, 'item_type': 'framework', 'floor_basis': 'item_type_unconditional', 'floor_scope': 'default', 'source_tier_derived': 3}, {'claim': 'A bottom-up absolute cap limits the total emissions allowed in the system and is fixed ex-ante.', 'reason': 'fact_below_authority_floor', 'priority': 'LOW', 'criterion': 3, 'floor_max': 2, 'item_type': 'framework', 'floor_basis': 'item_type_unconditional', 'floor_scope': 'default', 'source_tier_derived': 3}, {'claim': 'There are currently no regulations for banking in place, but the government is examining the possibility of implementing banking rules in FY2027. Borrowing is not allowed.', 'reason': 'fact_below_authority_floor', 'priority': 'LOW', 'criterion': 3, 'floor_max': 2, 'item_type': 'framework', 'floor_basis': 'item_type_unconditional', 'floor_scope': 'default', 'source_tier_derived': 3}, {'claim': 'A carbon levy (GX-Surcharge) to be introduced from 2028 on fossil fuel importers and domestic fossil fuel extractors.', 'reason': 'fact_below_authority_floor', 'priority': 'LOW', 'criterion': 3, 'floor_max': 2, 'item_type': 'framework', 'floor_basis': 'item_type_unconditional', 'floor_scope': 'default', 'source_tier_derived': 3}, {'claim': 'From FY2027 to FY2030, both prices are to be adjusted annually by applying a 3% increase to the projected consumer price index for the relevant fiscal year, using the price of the previous fiscal year as the baseline.', 'reason': 'fact_below_authority_floor', 'priority': 'LOW', 'criterion': 3, 'floor_max': 2, 'item_type': 'framework', 'floor_basis': 'item_type_unconditional', 'floor_scope': 'default', 'source_tier_derived': None}, {'claim': 'For Phase 1 GX League voluntary participants, companies that failed to meet their self-set targets were required to purchase specified carbon credits or explain the reasons for their failure.', 'reason': 'fact_below_authority_floor', 'priority': 'LOW', 'criterion': 3, 'floor_max': 2, 'item_type': 'framework', 'floor_basis': 'item_type_unconditional', 'floor_scope': 'default', 'source_tier_derived': None}, {'claim': 'From FY2033, auctioning will be introduced for high-emitting corporations in the power sector.', 'reason': 'fact_below_authority_floor', 'priority': 'LOW', 'criterion': 3, 'floor_max': 2, 'item_type': 'framework', 'floor_basis': 'item_type_unconditional', 'floor_scope': 'default', 'source_tier_derived': 3}, {'claim': 'Companies participating in the GX League set their own emission targets and were required to calculate and report their actual emissions. Companies that failed to meet their self-set targets were required to purchase specified carbon credits or explain the reasons for their failure.', 'reason': 'fact_below_authority_floor', 'priority': 'LOW', 'criterion': 3, 'floor_max': 2, 'item_type': 'framework', 'floor_basis': 'item_type_unconditional', 'floor_scope': 'default', 'source_tier_derived': None}, {'claim': 'Lower price limit in FY2027: JPY 1,700 (USD 11.36). When a certain number of days pass with trading prices below the lower limit, a reverse auction will be held to balance the supply and demand for allowances.', 'reason': 'fact_below_authority_floor', 'priority': 'LOW', 'criterion': 3, 'floor_max': 2, 'item_type': 'framework', 'floor_basis': 'item_type_unconditional', 'floor_scope': 'default', 'source_tier_derived': 3}, {'claim': 'GHGs covered: CO₂.', 'reason': 'fact_below_authority_floor', 'priority': 'LOW', 'criterion': 3, 'floor_max': 2, 'item_type': 'framework', 'floor_basis': 'item_type_unconditional', 'floor_scope': 'default', 'source_tier_derived': 3}, {'claim': 'When allowance prices rise above the established upper price limit, entities can meet their obligations by paying the upper limit.', 'reason': 'fact_below_authority_floor', 'priority': 'LOW', 'criterion': 3, 'floor_max': 2, 'item_type': 'framework', 'floor_basis': 'item_type_unconditional', 'floor_scope': 'default', 'source_tier_derived': 3}, {'claim': 'For FY2026, the Reference Upper Limit Transaction Price is 4,300 yen per carbon-dioxide-emission-quota unit; the Adjustment Standard Transaction Price is 1,700 yen per carbon-dioxide-emission-quota unit. From FY2027 to FY2030, prices are adjusted annually by applying a 3% increase to the projected consumer price index.', 'reason': 'fact_below_authority_floor', 'priority': 'LOW', 'criterion': 3, 'floor_max': 2, 'item_type': 'framework', 'floor_basis': 'item_type_unconditional', 'floor_scope': 'default', 'source_tier_derived': None}, {'claim': 'By FY2030: 46% reduction from FY2013 GHG levels, including LULUCF credits; and continue efforts to cut emissions by 50%. By 2050: Net zero GHG emissions.', 'reason': 'fact_below_authority_floor', 'priority': 'LOW', 'criterion': 3, 'floor_max': 2, 'item_type': 'framework', 'floor_basis': 'item_type_unconditional', 'floor_scope': 'default', 'source_tier_derived': 3}, {'claim': 'The GX-ETS will not be linked with any other system. International credits (JCM) are eligible as offsets within the 10% cap, but this is not ETS-linking.', 'reason': 'fact_below_authority_floor', 'priority': 'LOW', 'criterion': 3, 'floor_max': 2, 'item_type': 'framework', 'floor_basis': 'item_type_unconditional', 'floor_scope': 'default', 'source_tier_derived': 3}, {'claim': 'In April 2026 (FY2026), the GX-ETS transitions to mandatory Phase 2, with 300–400 companies obligated.', 'reason': 'fact_below_authority_floor', 'priority': 'LOW', 'criterion': 3, 'floor_max': 2, 'item_type': 'framework', 'floor_basis': 'item_type_unconditional', 'floor_scope': 'default', 'source_tier_derived': None}, {'claim': ""Japan's Joint Crediting Mechanism (JCM) is a bilateral scheme to incentivize decarbonizing technologies and mitigation actions in 31 partner countries. JCM credits are eligible for use in the GX-ETS."", 'reason': 'fact_below_authority_floor', 'priority': 'LOW', 'criterion': 3, 'floor_max': 2, 'item_type': 'framework', 'floor_basis': 'item_type_unconditional', 'floor_scope': 'default', 'source_tier_derived': 3}, {'reason': 'missing_required_slot', 'slot_key': 'effective_date', 'criterion': 5, 'item_type': 'framework'}, {'reason': 'missing_required_slot', 'slot_key': 'penalty_summary', 'criterion': 5, 'item_type': 'framework'}, {'reason': 'gate_a_unproven_or_stale', 'criterion': 7}]"
40c05a1e-f834-4a14-b2dd-a16707df703c,regulation,quarantined,False,"[{'reason': 'gate_a_unproven_or_stale', 'criterion': 7}]"
412ffbf4-34cf-4347-8ee5-c809748a4ed2,tool,quarantined,False,"[{'reason': 'no_section_content', 'criterion': 2}]"
41b43061-e8cd-4257-be32-8a15c12a1d00,market_signal,quarantined,False,"[{'reason': 'gate_a_unproven_or_stale', 'criterion': 7}]"
42399c2f-0ef8-4dd0-84b5-6134b55e64ad,research_finding,pending_human_verify,False,"[{'reason': 'no_section_content', 'criterion': 2}, {'reason': 'missing_full_brief', 'criterion': 6}]"
4293a34d-c779-4645-bf2b-61d646f0f6f8,framework,unverified,False,"[{'reason': 'no_section_content', 'criterion': 2}, {'reason': 'missing_full_brief', 'criterion': 6}]"
42a0ebd5-0bbf-4afa-8a7c-9b5e1da817ad,regional_data,quarantined,False,"[{'reason': 'gate_a_unproven_or_stale', 'criterion': 7}]"
42b8bfee-92ea-4cde-bfe9-a25eb7cb49d9,regulation,verified,True,[]
432a5042-1a51-4713-bfa0-8aca3fbfee62,market_signal,verified,True,[]
43fd4d25-dd75-4f60-803f-5c20a44ef65f,market_signal,quarantined,False,"[{'reason': 'gate_a_unproven_or_stale', 'criterion': 7}]"
445a06b2-899b-4f4c-80fa-ac697b03587a,guidance,quarantined,False,"[{'reason': 'source_not_active', 'status': 'suspended', 'criterion': 1, 'source_id': '7353dea0-a2e7-4b3e-be3f-202e981eed4f'}, {'reason': 'no_section_content', 'criterion': 2}, {'reason': 'missing_full_brief', 'criterion': 6}]"
44906e93-07a5-4b4c-8b3d-508b39ae605b,market_signal,verified,True,[]
45006684-2f39-4107-934a-e8420c7fbbbb,research_finding,verified,True,[]
4547e8c5-a43f-4fb7-ac37-2b9547fb4a35,regulation,quarantined,False,"[{'reason': 'gate_a_unproven_or_stale', 'criterion': 7}]"
45932a38-f994-460d-aa03-1ddcb9e68b9d,guidance,unverified,False,"[{'reason': 'no_section_content', 'criterion': 2}, {'reason': 'missing_full_brief', 'criterion': 6}]"
45dab7a6-ac61-48b2-a9af-24be8568ba02,research_finding,verified,True,[]
45f85547-bcd4-40d2-8138-ac7c8000dd73,framework,quarantined,False,"[{'claim': 'New editions are published every two years, with a supplement in the off-year. It is updated by the Washington State Register.', 'reason': 'fact_below_authority_floor', 'priority': 'LOW', 'criterion': 3, 'floor_max': 2, 'item_type': 'framework', 'floor_basis': 'item_type_unconditional', 'floor_scope': 'default', 'source_tier_derived': 4}, {'claim': 'The Washington Administrative Code contains the current and permanent rules and regulations of state agencies. It is arranged by agency.', 'reason': 'fact_below_authority_floor', 'priority': 'LOW', 'criterion': 3, 'floor_max': 2, 'item_type': 'framework', 'floor_basis': 'item_type_unconditional', 'floor_scope': 'default', 'source_tier_derived': 4}, {'claim': ""[jurisdictional_scope] Washington administrative law consists of the rules, regulations, decisions, and other documents issued by executive branch agencies, boards, commissions, and offices, in accordance with Washington's Administrative Procedure Act (RCW 34.05)."", 'reason': 'fact_below_authority_floor', 'priority': 'LOW', 'criterion': 3, 'floor_max': 2, 'item_type': 'framework', 'floor_basis': 'item_type_unconditional', 'floor_scope': 'default', 'source_tier_derived': 4}, {'claim': 'Authority for agency regulations must be delegated from the legislature or the Governor through organic acts, enabling acts, and executive orders.', 'reason': 'fact_below_authority_floor', 'priority': 'LOW', 'criterion': 3, 'floor_max': 2, 'item_type': 'framework', 'floor_basis': 'item_type_unconditional', 'floor_scope': 'default', 'source_tier_derived': 4}, {'claim': 'The rulemaking process in Washington is governed by the Washington Administrative Procedure Act RCW Section 34.05.310 et seq.', 'reason': 'fact_below_authority_floor', 'priority': 'LOW', 'criterion': 3, 'floor_max': 2, 'item_type': 'framework', 'floor_basis': 'item_type_unconditional', 'floor_scope': 'default', 'source_tier_derived': 4}, {'claim': 'A minimum of 30 days must pass after the publication of the preproposal inquiry before the agency can publish the text of the proposed rule.', 'reason': 'fact_below_authority_floor', 'priority': 'LOW', 'criterion': 3, 'floor_max': 2, 'item_type': 'framework', 'floor_basis': 'item_type_unconditional', 'floor_scope': 'default', 'source_tier_derived': 4}, {'claim': 'The rule-making process itself is governed by a set of rules (WAC 1-21).', 'reason': 'fact_below_authority_floor', 'priority': 'LOW', 'criterion': 3, 'floor_max': 2, 'item_type': 'framework', 'floor_basis': 'item_type_unconditional', 'floor_scope': 'default', 'source_tier_derived': 4}, {'claim': 'If there are extenuating circumstances, an agency can by-pass the notice and comment process and create an emergency rule. The rule can only remain in effect for 120 days.', 'reason': 'fact_below_authority_floor', 'priority': 'LOW', 'criterion': 3, 'floor_max': 2, 'item_type': 'framework', 'floor_basis': 'item_type_unconditional', 'floor_scope': 'default', 'source_tier_derived': 4}, {'claim': 'The UW Law Library guide notes the archive covers editions 1977 to date.', 'reason': 'fact_below_authority_floor', 'priority': 'LOW', 'criterion': 3, 'floor_max': 2, 'item_type': 'framework', 'floor_basis': 'item_type_unconditional', 'floor_scope': 'default', 'source_tier_derived': 4}, {'claim': '[effective_date] For permanent rules, the effective date is 31 days after filing.', 'reason': 'fact_below_authority_floor', 'priority': 'LOW', 'criterion': 3, 'floor_max': 2, 'item_type': 'framework', 'floor_basis': 'item_type_unconditional', 'floor_scope': 'default', 'source_tier_derived': 4}, {'claim': '[effective_date] After consideration of the submitted comments and hearing testimony, the agency will publish the final rule and it will have legal effect on the effective date.', 'reason': 'fact_below_authority_floor', 'priority': 'LOW', 'criterion': 3, 'floor_max': 2, 'item_type': 'framework', 'floor_basis': 'item_type_unconditional', 'floor_scope': 'default', 'source_tier_derived': 4}, {'claim': 'An emergency rule is effective immediately for the duration of 120 days.', 'reason': 'fact_below_authority_floor', 'priority': 'LOW', 'criterion': 3, 'floor_max': 2, 'item_type': 'framework', 'floor_basis': 'item_type_unconditional', 'floor_scope': 'default', 'source_tier_derived': 4}, {'claim': 'The rule can only remain in effect for 120 days. An emergency rule is effective immediately for the duration of 120 days.', 'reason': 'fact_below_authority_floor', 'priority': 'LOW', 'criterion': 3, 'floor_max': 2, 'item_type': 'framework', 'floor_basis': 'item_type_unconditional', 'floor_scope': 'default', 'source_tier_derived': 4}, {'claim': '[jurisdictional_scope] Authority for agency regulations must be delegated from the legislature of the Governor through organic acts, enabling acts, and executive orders.', 'reason': 'fact_below_authority_floor', 'priority': 'LOW', 'criterion': 3, 'floor_max': 2, 'item_type': 'framework', 'floor_basis': 'item_type_unconditional', 'floor_scope': 'default', 'source_tier_derived': 4}, {'claim': 'Twice a year, the agency must notify the public about its plans for rulemaking in the coming 6 months.', 'reason': 'fact_below_authority_floor', 'priority': 'LOW', 'criterion': 3, 'floor_max': 2, 'item_type': 'framework', 'floor_basis': 'item_type_unconditional', 'floor_scope': 'default', 'source_tier_derived': 4}, {'claim': 'Judicial review is available for state agency decisions after the exhaustion of administrative remedies.', 'reason': 'fact_below_authority_floor', 'priority': 'LOW', 'criterion': 3, 'floor_max': 2, 'item_type': 'framework', 'floor_basis': 'item_type_unconditional', 'floor_scope': 'default', 'source_tier_derived': 4}, {'claim': ""The legislature's website includes a link to 'Agency Filings Affecting this Section' for each regulation. You can also use the WAC to WSR table to view the most recent agency filings."", 'reason': 'fact_below_authority_floor', 'priority': 'LOW', 'criterion': 3, 'floor_max': 2, 'item_type': 'framework', 'floor_basis': 'item_type_unconditional', 'floor_scope': 'default', 'source_tier_derived': 4}, {'claim': 'One of the triggers for rulemaking is federal law or regulation, which can require a state agency to create a regulation. If the state fails to implement the regulation, the federal agency will take over (this is common in environmental law).', 'reason': 'fact_below_authority_floor', 'priority': 'LOW', 'criterion': 3, 'floor_max': 2, 'item_type': 'framework', 'floor_basis': 'item_type_unconditional', 'floor_scope': 'default', 'source_tier_derived': 4}, {'claim': ""Historical WAC editions are available via the WAC archive (2004 to present online; 1977 to date in the Code Reviser's archive). Subscription databases (Westlaw, Lexis Advance, Bloomberg Law) also carry current and historical WAC editions."", 'reason': 'fact_below_authority_floor', 'priority': 'LOW', 'criterion': 3, 'floor_max': 2, 'item_type': 'framework', 'floor_basis': 'item_type_unconditional', 'floor_scope': 'default', 'source_tier_derived': 4}, {'claim': 'Covers editions 1977 to date (re: WAC Archive, Washington Office of the Code Reviser).', 'reason': 'fact_below_authority_floor', 'priority': 'LOW', 'criterion': 3, 'floor_max': 2, 'item_type': 'framework', 'floor_basis': 'item_type_unconditional', 'floor_scope': 'default', 'source_tier_derived': 4}, {'claim': 'New print WAC editions published every two years; supplement in off-year.', 'reason': 'fact_below_authority_floor', 'priority': 'LOW', 'criterion': 3, 'floor_max': 2, 'item_type': 'framework', 'floor_basis': 'item_type_unconditional', 'floor_scope': 'default', 'source_tier_derived': 4}, {'claim': ""Because emergency rules are 'effective immediately for the duration of 120 days,' the workspace requires a response protocol that can assess operational impact of an emergency rule within days of its publication in the Register."", 'reason': 'fact_below_authority_floor', 'priority': 'LOW', 'criterion': 3, 'floor_max': 2, 'item_type': 'framework', 'floor_basis': 'item_type_unconditional', 'floor_scope': 'default', 'source_tier_derived': 4}, {'claim': 'WAC archive covers editions 1977 to date via the Code Reviser.', 'reason': 'fact_below_authority_floor', 'priority': 'LOW', 'criterion': 3, 'floor_max': 2, 'item_type': 'framework', 'floor_basis': 'item_type_unconditional', 'floor_scope': 'default', 'source_tier_derived': 4}]"
460fd2f2-1922-4c21-9089-3c0791a37bba,framework,unverified,False,"[{'reason': 'no_section_content', 'criterion': 2}, {'reason': 'missing_full_brief', 'criterion': 6}]"
46914062-4bb6-4e5e-89ae-fb794787f8b3,regional_data,verified,True,[]
46c528f5-c366-4738-98f5-db9accea8780,market_signal,verified,True,[]
474ab4cd-c157-4451-8c7f-f9c9ab0015b6,regulation,verified,True,[]
478ee79c-e2f6-4794-af47-32b8f9e4cc9f,regulation,unverified,False,"[{'url': 'https://gov.uk/government/publications/rtfo-and-saf-mandate-third-party-assurance', 'reason': 'ungrounded_url', 'criterion': 2}, {'url': 'https://gov.uk/government/publications/rtfo-and-saf-mandate-third-party-assurance', 'reason': 'ungrounded_url', 'criterion': 2}, {'url': 'https://gov.uk/government/collections/sustainable-aviation-fuel-saf-mandate-statistics', 'reason': 'ungrounded_url', 'criterion': 2}, {'url': 'https://greenairnews.com/?p=5627', 'reason': 'ungrounded_url', 'criterion': 2}, {'url': 'https://nortonrosefulbright.com/en/knowledge/publications/b5f9f70c/a-new-sustainable-aviation-fuel-mandate', 'reason': 'ungrounded_url', 'criterion': 2}, {'url': 'https://addleshawgoddard.com/en/insights/insights-briefings/2025/energy/uks-sustainable-aviation-fuel-bill-revenue-certainty-mechanism', 'reason': 'ungrounded_url', 'criterion': 2}, {'url': 'https://argusmedia.com/en/about-argus/media-centre/press-releases/uk-sustainable-aviation-fuel-certificate-prices', 'reason': 'ungrounded_url', 'criterion': 2}, {'url': 'https://gov.uk/guidance/register-an-organisation-under-the-rtfo-or-saf-mandate', 'reason': 'ungrounded_url', 'criterion': 2}, {'url': 'https://gov.uk/guidance/register-an-organisation-under-the-rtfo-or-saf-mandate', 'reason': 'ungrounded_url', 'criterion': 2}, {'url': 'https://commonslibrary.parliament.uk/research-briefings/cbp-10279', 'reason': 'ungrounded_url', 'criterion': 2}, {'url': 'https://greenairnews.com/?p=5627', 'reason': 'ungrounded_url', 'criterion': 2}, {'url': 'https://gov.uk/government/publications/about-the-saf-mandate/the-saf-mandate-an-essential-guide', 'reason': 'ungrounded_url', 'criterion': 2}, {'url': 'https://nortonrosefulbright.com/en/knowledge/publications/b5f9f70c/a-new-sustainable-aviation-fuel-mandate', 'reason': 'ungrounded_url', 'criterion': 2}, {'url': 'https://gov.uk/government/publications/about-the-saf-mandate/the-saf-mandate-an-essential-guide', 'reason': 'ungrounded_url', 'criterion': 2}, {'url': 'https://prnewswire.com/news-releases/argus-launches-first-uk-saf-certificate-prices-302628203.html', 'reason': 'ungrounded_url', 'criterion': 2}, {'url': 'https://addleshawgoddard.com/en/insights/insights-briefings/2025/energy/uks-sustainable-aviation-fuel-bill-revenue-certainty-mechanism', 'reason': 'ungrounded_url', 'criterion': 2}, {'url': 'https://gowlingwlg.com/en/insights-resources/articles/2025/sustainable-aviation-fuel-a-mandate-for-change', 'reason': 'ungrounded_url', 'criterion': 2}, {'url': 'https://gov.uk/government/collections/sustainable-aviation-fuel-saf-mandate-statistics', 'reason': 'ungrounded_url', 'criterion': 2}, {'reason': 'unlabeled_assertion', 'criterion': 4, 'section_row_id': '73c72305-5dca-457d-ab82-317101d6f6a0'}, {'reason': 'unlabeled_assertion', 'criterion': 4, 'section_row_id': 'a27decab-a654-4e52-857d-e9c535a9b325'}, {'reason': 'unlabeled_assertion', 'criterion': 4, 'section_row_id': 'a2edc438-4cd9-45ed-bebd-40d5f0b6ae90'}, {'reason': 'unlabeled_assertion', 'criterion': 4, 'section_row_id': '56996b6b-fa9d-4dca-8809-b918afc0c33d'}, {'reason': 'missing_required_slot', 'slot_key': 'effective_date', 'criterion': 5, 'item_type': 'regulation'}, {'reason': 'missing_required_slot', 'slot_key': 'primary_deadline', 'criterion': 5, 'item_type': 'regulation'}, {'reason': 'missing_required_slot', 'slot_key': 'jurisdictional_scope', 'criterion': 5, 'item_type': 'regulation'}, {'reason': 'missing_required_slot', 'slot_key': 'penalty_summary', 'criterion': 5, 'item_type': 'regulation'}, {'reason': 'missing_full_brief', 'criterion': 6}]"
4929e6a9-5f55-4eec-9c97-1e14caa75a52,guidance,verified,True,[]
4939b133-cb0d-49c1-b7d3-da9c087cdeb1,standard,quarantined,False,"[{'claim': 'The GLEC Framework is a voluntary industry standard, not binding law.', 'reason': 'fact_below_authority_floor', 'priority': 'LOW', 'criterion': 3, 'floor_max': 2, 'item_type': 'standard', 'floor_basis': 'item_type_unconditional', 'floor_scope': 'default', 'source_tier_derived': 4}, {'claim': 'The GLEC Framework is a methodology guide for calculating and reporting GHG emissions from logistics operations across all transport modes.', 'reason': 'fact_below_authority_floor', 'priority': 'LOW', 'criterion': 3, 'floor_max': 2, 'item_type': 'standard', 'floor_basis': 'item_type_unconditional', 'floor_scope': 'default', 'source_tier_derived': 4}, {'claim': '[effective_date] The Framework was first developed in 2014.', 'reason': 'fact_below_authority_floor', 'priority': 'LOW', 'criterion': 3, 'floor_max': 2, 'item_type': 'standard', 'floor_basis': 'item_type_unconditional', 'floor_scope': 'default', 'source_tier_derived': 4}, {'claim': 'ISO 14083:2023 establishes a common methodology for the quantification and reporting of GHG emissions arising from the operation of transport chains of passengers and freight.', 'reason': 'fact_below_authority_floor', 'priority': 'LOW', 'criterion': 3, 'floor_max': 2, 'item_type': 'standard', 'floor_basis': 'item_type_unconditional', 'floor_scope': 'default', 'source_tier_derived': 4}, {'claim': '[effective_date] ISO 14083:2023 was published on 2023-03-20.', 'reason': 'fact_below_authority_floor', 'priority': 'LOW', 'criterion': 3, 'floor_max': 2, 'item_type': 'standard', 'floor_basis': 'item_type_unconditional', 'floor_scope': 'default', 'source_tier_derived': 4}, {'claim': ""ISO 14083:2023 is listed as 'under systematic review' (stage 90.20) in the ISO registry."", 'reason': 'fact_below_authority_floor', 'priority': 'LOW', 'criterion': 3, 'floor_max': 2, 'item_type': 'standard', 'floor_basis': 'item_type_unconditional', 'floor_scope': 'default', 'source_tier_derived': 4}, {'claim': 'The GLEC Framework addresses shippers (cargo owners), carriers (airlines, road operators), and logistics service providers (freight forwarders, 3PLs).', 'reason': 'fact_below_authority_floor', 'priority': 'LOW', 'criterion': 3, 'floor_max': 2, 'item_type': 'standard', 'floor_basis': 'item_type_unconditional', 'floor_scope': 'default', 'source_tier_derived': 4}, {'claim': 'The framework is described as a guide for shippers, carriers, and logistics service providers on how to apply the GLEC Framework for logistics (including air freight) emissions accounting and reporting.', 'reason': 'fact_below_authority_floor', 'priority': 'LOW', 'criterion': 3, 'floor_max': 2, 'item_type': 'standard', 'floor_basis': 'item_type_unconditional', 'floor_scope': 'default', 'source_tier_derived': 4}, {'claim': 'ISO 14083:2023 establishes a common methodology for the quantification and reporting of GHG emissions arising from the operation of transport chains of passengers and freight.', 'reason': 'fact_below_authority_floor', 'priority': 'LOW', 'criterion': 3, 'floor_max': 2, 'item_type': 'standard', 'floor_basis': 'item_type_unconditional', 'floor_scope': 'default', 'source_tier_derived': 4}, {'claim': 'ISO 14083:2023 is at stage 90.20 (International Standard under systematic review).', 'reason': 'fact_below_authority_floor', 'priority': 'LOW', 'criterion': 3, 'floor_max': 2, 'item_type': 'standard', 'floor_basis': 'item_type_unconditional', 'floor_scope': 'default', 'source_tier_derived': 4}, {'claim': '[penalty_summary] As a standalone document, the GLEC Framework is voluntary.', 'reason': 'fact_below_authority_floor', 'priority': 'LOW', 'criterion': 3, 'floor_max': 2, 'item_type': 'standard', 'floor_basis': 'item_type_unconditional', 'floor_scope': 'default', 'source_tier_derived': 4}, {'claim': '[jurisdictional_scope] The GLEC Framework covers road, rail, air, sea, inland waterways and transhipment centres.', 'reason': 'fact_below_authority_floor', 'priority': 'LOW', 'criterion': 3, 'floor_max': 2, 'item_type': 'standard', 'floor_basis': 'item_type_unconditional', 'floor_scope': 'default', 'source_tier_derived': 4}, {'claim': '[jurisdictional_scope] ISO 14083:2023 establishes a common methodology for the quantification and reporting of GHG emissions arising from the operation of transport chains of passengers and freight with no modal exclusion stated.', 'reason': 'fact_below_authority_floor', 'priority': 'LOW', 'criterion': 3, 'floor_max': 2, 'item_type': 'standard', 'floor_basis': 'item_type_unconditional', 'floor_scope': 'default', 'source_tier_derived': 4}, {'claim': ""The framework is designed to work in conjunction with the voluntary GHG Protocol Corporate Accounting and Reporting Standard and has earned the 'Built on GHG Protocol' mark."", 'reason': 'fact_below_authority_floor', 'priority': 'LOW', 'criterion': 3, 'floor_max': 2, 'item_type': 'standard', 'floor_basis': 'item_type_unconditional', 'floor_scope': 'default', 'source_tier_derived': 4}, {'claim': 'ISO 14083:2023 establishes a common methodology for the quantification and reporting of greenhouse gas (GHG) emissions arising from the operation of transport chains of passengers and freight.', 'reason': 'fact_below_authority_floor', 'priority': 'LOW', 'criterion': 3, 'floor_max': 2, 'item_type': 'standard', 'floor_basis': 'item_type_unconditional', 'floor_scope': 'default', 'source_tier_derived': 4}, {'claim': 'GLEC is described as a group of companies, associations and programmes led by Smart Freight Centre.', 'reason': 'fact_below_authority_floor', 'priority': 'LOW', 'criterion': 3, 'floor_max': 2, 'item_type': 'standard', 'floor_basis': 'item_type_unconditional', 'floor_scope': 'default', 'source_tier_derived': 4}, {'claim': 'The GLEC Framework itself carries no registration obligation. It is a voluntary methodology standard.', 'reason': 'fact_below_authority_floor', 'priority': 'LOW', 'criterion': 3, 'floor_max': 2, 'item_type': 'standard', 'floor_basis': 'item_type_unconditional', 'floor_scope': 'default', 'source_tier_derived': 4}, {'claim': '[effective_date] GLEC Framework inception in 2014.', 'reason': 'fact_below_authority_floor', 'priority': 'LOW', 'criterion': 3, 'floor_max': 2, 'item_type': 'standard', 'floor_basis': 'item_type_unconditional', 'floor_scope': 'default', 'source_tier_derived': 4}, {'claim': '[effective_date] ISO 14083:2023 published 2023-03-20.', 'reason': 'fact_below_authority_floor', 'priority': 'LOW', 'criterion': 3, 'floor_max': 2, 'item_type': 'standard', 'floor_basis': 'item_type_unconditional', 'floor_scope': 'default', 'source_tier_derived': 4}, {'claim': 'ISO 14083 is currently under systematic review (stage 90.20).', 'reason': 'fact_below_authority_floor', 'priority': 'LOW', 'criterion': 3, 'floor_max': 2, 'item_type': 'standard', 'floor_basis': 'item_type_unconditional', 'floor_scope': 'default', 'source_tier_derived': 4}, {'claim': 'Source 1: GHG Protocol blog post on GLEC Framework published 30 October 2019.', 'reason': 'fact_below_authority_floor', 'priority': 'LOW', 'criterion': 3, 'floor_max': 2, 'item_type': 'standard', 'floor_basis': 'item_type_unconditional', 'floor_scope': 'default', 'source_tier_derived': 4}, {'claim': 'Source 2: ISO 14083:2023 Greenhouse gases — Quantification and reporting of greenhouse gas emissions arising from transport chain operations, published by ISO/TC 207/SC 7 on 2023-03-20.', 'reason': 'fact_below_authority_floor', 'priority': 'LOW', 'criterion': 3, 'floor_max': 2, 'item_type': 'standard', 'floor_basis': 'item_type_unconditional', 'floor_scope': 'default', 'source_tier_derived': 4}, {'reason': 'gate_a_unproven_or_stale', 'criterion': 7}]"
496340f0-1dbf-47f9-bc7d-c5e3f452c107,regional_data,verified,True,[]
49e7f4ac-7b95-497f-a510-d95c08da36f8,initiative,verified,True,[]
4a108d70-0062-4c46-a090-151683f202a6,guidance,quarantined,False,"[{'claim': '[primary_deadline] Public Law 119-21 (One Big Beautiful Bill) signed July 4, 2025, terminated §45W credit effective September 30, 2025', 'reason': 'fact_below_authority_floor', 'priority': 'HIGH', 'criterion': 3, 'floor_max': 2, 'item_type': 'guidance', 'floor_basis': 'priority', 'floor_scope': 'default', 'source_tier_derived': None}, {'reason': 'missing_full_brief', 'criterion': 6}]"
4b2803d4-bdd3-4a56-91c9-7b8f45904b0e,guidance,unverified,False,"[{'reason': 'no_section_content', 'criterion': 2}, {'reason': 'missing_full_brief', 'criterion': 6}]"
4b342a31-623c-41e8-8b0b-0792101c8886,regulation,quarantined,False,"[{'claim': 'Under ReFuelEU, primary obligated parties include fuel suppliers, airline operators and airport operators, contrasted with the UK mandate which places the primary obligation on fuel suppliers', 'reason': 'fact_below_authority_floor', 'priority': 'LOW', 'criterion': 3, 'floor_max': 2, 'item_type': 'regulation', 'floor_basis': 'item_type_unconditional', 'floor_scope': 'default', 'source_tier_derived': None}, {'claim': 'The UK and EU operate separate SAF mandates', 'reason': 'fact_below_authority_floor', 'priority': 'LOW', 'criterion': 3, 'floor_max': 2, 'item_type': 'regulation', 'floor_basis': 'item_type_unconditional', 'floor_scope': 'default', 'source_tier_derived': None}, {'claim': 'In 2025, used cooking oil (UCO) was the feedstock for all SAF used, and over 70 per cent of it came from Asia', 'reason': 'fact_below_authority_floor', 'priority': 'LOW', 'criterion': 3, 'floor_max': 2, 'item_type': 'regulation', 'floor_basis': 'item_type_unconditional', 'floor_scope': 'default', 'source_tier_derived': 6}, {'claim': 'A consultation on the Indicative Heads of Terms and contract allocation for the RCM launched January 2026 and closes 3 April 2026', 'reason': 'fact_below_authority_floor', 'priority': 'LOW', 'criterion': 3, 'floor_max': 2, 'item_type': 'regulation', 'floor_basis': 'item_type_unconditional', 'floor_scope': 'default', 'source_tier_derived': 6}, {'claim': 'The PtL sub-target is 0.5 per cent PtL by 2030 reaching 3.5 per cent PtL by 2040', 'reason': 'fact_below_authority_floor', 'priority': 'LOW', 'criterion': 3, 'floor_max': 2, 'item_type': 'regulation', 'floor_basis': 'item_type_unconditional', 'floor_scope': 'default', 'source_tier_derived': 6}, {'claim': '[penalty_summary] The buy-out mechanism for the main SAF obligation is £4.70 per litre and the PtL obligation is £5.00 per litre', 'reason': 'fact_below_authority_floor', 'priority': 'LOW', 'criterion': 3, 'floor_max': 2, 'item_type': 'regulation', 'floor_basis': 'item_type_unconditional', 'floor_scope': 'default', 'source_tier_derived': 6}, {'claim': ""The UK SAF Mandate's primary obligated parties are aviation fuel suppliers supplying relevant aviation fuel, with a threshold for applicability of suppliers owning/supplying ≥15.9 TJ of jet fuel annually"", 'reason': 'fact_below_authority_floor', 'priority': 'LOW', 'criterion': 3, 'floor_max': 2, 'item_type': 'regulation', 'floor_basis': 'item_type_unconditional', 'floor_scope': 'default', 'source_tier_derived': None}, {'claim': 'Under ReFuelEU, primary obligated parties include fuel suppliers, airline operators and airport operators, unlike the UK SAF Mandate where airline operators are not directly subject to obligations', 'reason': 'fact_below_authority_floor', 'priority': 'LOW', 'criterion': 3, 'floor_max': 2, 'item_type': 'regulation', 'floor_basis': 'item_type_unconditional', 'floor_scope': 'default', 'source_tier_derived': None}, {'claim': 'Blend quantities increase from two per cent SAF as a percentage of total jet fuel demand yearly from 2025, to ten per cent by 2030 and 22 per cent by 2040', 'reason': 'fact_below_authority_floor', 'priority': 'LOW', 'criterion': 3, 'floor_max': 2, 'item_type': 'regulation', 'floor_basis': 'item_type_unconditional', 'floor_scope': 'default', 'source_tier_derived': 6}, {'claim': 'The HEFA cap starts at two per cent in 2025 and rises to 7.8 per cent by 2040', 'reason': 'fact_below_authority_floor', 'priority': 'LOW', 'criterion': 3, 'floor_max': 2, 'item_type': 'regulation', 'floor_basis': 'item_type_unconditional', 'floor_scope': 'default', 'source_tier_derived': 6}, {'claim': '[penalty_summary] Buy-out prices are £4.70/L main and £5.00/L PtL', 'reason': 'fact_below_authority_floor', 'priority': 'LOW', 'criterion': 3, 'floor_max': 2, 'item_type': 'regulation', 'floor_basis': 'item_type_unconditional', 'floor_scope': 'default', 'source_tier_derived': 6}, {'claim': 'The Watson Farley & Williams comparative review of UK and EU SAF regulations was published 22 October 2025', 'reason': 'fact_below_authority_floor', 'priority': 'LOW', 'criterion': 3, 'floor_max': 2, 'item_type': 'regulation', 'floor_basis': 'item_type_unconditional', 'floor_scope': 'default', 'source_tier_derived': None}, {'claim': '2030 blend target is 10% with 0.5% PtL sub-target; 2040 blend target is 22% with 3.5% PtL sub-target', 'reason': 'fact_below_authority_floor', 'priority': 'LOW', 'criterion': 3, 'floor_max': 2, 'item_type': 'regulation', 'floor_basis': 'item_type_unconditional', 'floor_scope': 'default', 'source_tier_derived': 6}, {'claim': 'The government has committed to upholding the HEFA cap, meaning these fuels will not be eligible for revenue support under the RCM', 'reason': 'fact_below_authority_floor', 'priority': 'LOW', 'criterion': 3, 'floor_max': 2, 'item_type': 'regulation', 'floor_basis': 'item_type_unconditional', 'floor_scope': 'default', 'source_tier_derived': 6}, {'claim': 'The government has committed to upholding the HEFA cap, meaning these fuels will not be eligible for revenue support under the RCM', 'reason': 'fact_below_authority_floor', 'priority': 'LOW', 'criterion': 3, 'floor_max': 2, 'item_type': 'regulation', 'floor_basis': 'item_type_unconditional', 'floor_scope': 'default', 'source_tier_derived': 6}, {'claim': 'In 2025, UCO was 100% of SAF feedstock and over 70% came from Asia', 'reason': 'fact_below_authority_floor', 'priority': 'LOW', 'criterion': 3, 'floor_max': 2, 'item_type': 'regulation', 'floor_basis': 'item_type_unconditional', 'floor_scope': 'default', 'source_tier_derived': 6}, {'claim': 'The Climate Catalyst policy tracker was last updated March 2026', 'reason': 'fact_below_authority_floor', 'priority': 'LOW', 'criterion': 3, 'floor_max': 2, 'item_type': 'regulation', 'floor_basis': 'item_type_unconditional', 'floor_scope': 'default', 'source_tier_derived': 6}, {'reason': 'gate_a_unproven_or_stale', 'criterion': 7}]"
4c26f34b-b525-4824-be5e-5891cd292fcf,regulation,unverified,False,"[{'url': 'https://gateway-cargo.com/2026/03/25/imdg-code-a-comprehensive-guide-to-shipping-dangerous-goods-by-sea-in-2026', 'reason': 'ungrounded_url', 'criterion': 2}, {'url': 'https://safety4sea.com/cm-2025-regulatory-outlook-what-to-expect', 'reason': 'ungrounded_url', 'criterion': 2}, {'url': 'https://imo.org/en/mediacentre/meetingsummaries/pages/mepc-es-2.aspx', 'reason': 'ungrounded_url', 'criterion': 2}, {'url': 'https://epa.gov/enforcement/marpol-annex-vi-and-act-prevent-pollution-ships-apps', 'reason': 'ungrounded_url', 'criterion': 2}, {'url': 'https://eur-lex.europa.eu/legal-content/en/txt/html/?uri=celex:52025pc0431', 'reason': 'ungrounded_url', 'criterion': 2}, {'url': 'https://wwwcdn.imo.org/localresources/en/mediacentre/documents/circular%20letter%20no.5005%20-%20draft%20revised%20marpol%20annex%20vi%20(secretariat', 'reason': 'ungrounded_url', 'criterion': 2}, {'url': 'https://shipfinex.com/blog/marpol', 'reason': 'ungrounded_url', 'criterion': 2}, {'url': 'https://marinex.org/navigating-the-seas-safely-understanding-marpol-annex-iii-and-the-imdg-code', 'reason': 'ungrounded_url', 'criterion': 2}, {'url': 'https://epa.gov/enforcement/marpol-annex-vi-and-act-prevent-pollution-ships-apps', 'reason': 'ungrounded_url', 'criterion': 2}, {'url': 'https://imo.org/en/about/conventions/pages/international-convention-for-the-prevention-of-pollution-from-ships-(marpol', 'reason': 'ungrounded_url', 'criterion': 2}, {'url': 'https://marineinsight.com/shipping-news/canadian-arctic-and-norwegian-sea-become-emission-control-areas-under-marpol-annex-vi', 'reason': 'ungrounded_url', 'criterion': 2}, {'url': 'https://lr.org/en/knowledge/class-news/04-25', 'reason': 'ungrounded_url', 'criterion': 2}, {'url': 'https://lr.org/en/services/statutory-compliance/marpol-international-convention-for-the-prevention-of-pollution', 'reason': 'ungrounded_url', 'criterion': 2}, {'url': 'https://imo.org/en/mediacentre/meetingsummaries/pages/mepc-es-2.aspx', 'reason': 'ungrounded_url', 'criterion': 2}, {'url': 'https://safety4sea.com/bv-compliance-timeline-of-new-canadian-arctic-and-norwegian-ecas', 'reason': 'ungrounded_url', 'criterion': 2}, {'url': 'https://nautinst.org/resources-page/progress-by-the-imo-on-marine-environment-protection.html', 'reason': 'ungrounded_url', 'criterion': 2}, {'url': 'https://imo.org/en/mediacentre/pages/whatsnew-2431.aspx', 'reason': 'ungrounded_url', 'criterion': 2}, {'url': 'https://lr.org/en/services/statutory-compliance/marpol-international-convention-for-the-prevention-of-pollution', 'reason': 'ungrounded_url', 'criterion': 2}, {'url': 'https://dnv.com/news/2025/new-ecas-for-the-canadian-arctic-norwegian-sea-and-north-east-atlantic-ocean', 'reason': 'ungrounded_url', 'criterion': 2}, {'url': 'https://infrastructure.gov.au/infrastructure-transport-vehicles/maritime/protection-marine-environment/marpol', 'reason': 'ungrounded_url', 'criterion': 2}, {'url': 'https://gateway-cargo.com/2026/03/25/imdg-code-a-comprehensive-guide-to-shipping-dangerous-goods-by-sea-in-2026', 'reason': 'ungrounded_url', 'criterion': 2}, {'reason': 'unlabeled_assertion', 'criterion': 4, 'section_row_id': '871b72ee-0be5-44f4-aab4-a8b69aad1a70'}, {'reason': 'unlabeled_assertion', 'criterion': 4, 'section_row_id': '9399f374-8400-4588-bc72-2ddc1e19d8ae'}, {'reason': 'unlabeled_assertion', 'criterion': 4, 'section_row_id': '383e7a7d-0324-4bab-a081-b1fe47491af7'}, {'reason': 'unlabeled_assertion', 'criterion': 4, 'section_row_id': '14dd4422-d3e9-4197-a4be-7c280c9286b1'}, {'reason': 'unlabeled_assertion', 'criterion': 4, 'section_row_id': 'b7cf3654-be68-44d2-b0f0-3db8e6ffc6db'}, {'reason': 'unlabeled_assertion', 'criterion': 4, 'section_row_id': '25d2bf76-3a55-4a63-9450-02803efa1387'}, {'reason': 'missing_required_slot', 'slot_key': 'effective_date', 'criterion': 5, 'item_type': 'regulation'}, {'reason': 'missing_required_slot', 'slot_key': 'primary_deadline', 'criterion': 5, 'item_type': 'regulation'}, {'reason': 'missing_required_slot', 'slot_key': 'jurisdictional_scope', 'criterion': 5, 'item_type': 'regulation'}, {'reason': 'missing_required_slot', 'slot_key': 'penalty_summary', 'criterion': 5, 'item_type': 'regulation'}, {'reason': 'missing_full_brief', 'criterion': 6}]"
4c4f71c3-f372-434d-9d1a-615fc64b1869,regulation,quarantined,False,"[{'url': 'https://ww2.arb.ca.gov/news/carb-approves-permanent-adoption-emergency-vehicle-emissions-regulation', 'reason': 'ungrounded_url', 'criterion': 2}, {'url': 'https://ww2.arb.ca.gov/news/carb-approves-permanent-adoption-emergency-vehicle-emissions-regulation', 'reason': 'ungrounded_url', 'criterion': 2}, {'url': 'https://hansonbridgett.com/publication/250226-2340-clean-air-act-waiver', 'reason': 'ungrounded_url', 'criterion': 2}, {'url': 'https://gov.ca.gov/2026/03/19/california-is-taking-donald-trump-to-court-for-breaking-the-law-to-put-polluter-profits-before-american-lives', 'reason': 'ungrounded_url', 'criterion': 2}, {'url': 'https://tanktransport.com/2025/09/california-truck-emissions-standards', 'reason': 'ungrounded_url', 'criterion': 2}, {'url': 'https://carbonbrief.org/qa-what-does-trumps-repeal-of-us-endangerment-finding-mean-for-climate-action', 'reason': 'ungrounded_url', 'criterion': 2}, {'url': 'https://gov.ca.gov/2026/03/19/california-is-taking-donald-trump-to-court-for-breaking-the-law-to-put-polluter-profits-before-american-lives', 'reason': 'ungrounded_url', 'criterion': 2}, {'url': 'https://edhat.com/california/news/california-sues-trump-administration-over-repeal-of-epa-endangerment-finding', 'reason': 'ungrounded_url', 'criterion': 2}, {'url': 'https://congress.gov/crs-product/r48168', 'reason': 'ungrounded_url', 'criterion': 2}, {'url': 'https://epa.gov/newsreleases/epa-releases-proposal-rescind-obama-era-endangerment-finding-regulations-paved-way', 'reason': 'ungrounded_url', 'criterion': 2}, {'url': 'https://salatainstitute.harvard.edu/the-legal-reasoning-behind-the-endangerment-rescission', 'reason': 'ungrounded_url', 'criterion': 2}, {'url': 'https://epa.gov/newsreleases/president-trump-and-administrator-zeldin-deliver-single-largest-deregulatory-action-us', 'reason': 'ungrounded_url', 'criterion': 2}, {'url': 'https://justice.gov/opa/pr/justice-department-sues-california-end-enforcement-unlawful-emissions-standards-trucks', 'reason': 'ungrounded_url', 'criterion': 2}, {'url': 'https://justice.gov/opa/pr/justice-department-sues-california-end-enforcement-unlawful-emissions-standards-trucks', 'reason': 'ungrounded_url', 'criterion': 2}, {'url': 'https://epa.gov/newsreleases/president-trump-and-administrator-zeldin-deliver-single-largest-deregulatory-action-us', 'reason': 'ungrounded_url', 'criterion': 2}, {'url': 'https://earthjustice.org/experts/hana-vizcarra/a-legal-analysis-of-the-trump-epas-plan-to-revoke-the-endangerment-finding', 'reason': 'ungrounded_url', 'criterion': 2}, {'url': 'https://fleetowner.com/news/article/55292307/congress-kills-californias-electric-truck-sales-mandate-omnibus-waivers', 'reason': 'ungrounded_url', 'criterion': 2}, {'url': 'https://epa.gov/state-and-local-transportation/vehicle-emissions-california-waivers-and-authorizations', 'reason': 'ungrounded_url', 'criterion': 2}, {'reason': 'unlabeled_assertion', 'criterion': 4, 'section_row_id': 'f08c9090-9640-40c7-96f5-7127607c3388'}, {'reason': 'unlabeled_assertion', 'criterion': 4, 'section_row_id': '6f35ab19-a69a-40bb-9c5f-b238b6df811e'}, {'reason': 'unlabeled_assertion', 'criterion': 4, 'section_row_id': '317c12dc-0a84-42ef-bf51-1151df4e1158'}, {'reason': 'unlabeled_assertion', 'criterion': 4, 'section_row_id': 'f7aa9863-64fc-49c0-bb80-fbfec218f749'}, {'reason': 'missing_required_slot', 'slot_key': 'effective_date', 'criterion': 5, 'item_type': 'regulation'}, {'reason': 'missing_required_slot', 'slot_key': 'primary_deadline', 'criterion': 5, 'item_type': 'regulation'}, {'reason': 'missing_required_slot', 'slot_key': 'jurisdictional_scope', 'criterion': 5, 'item_type': 'regulation'}, {'reason': 'missing_required_slot', 'slot_key': 'penalty_summary', 'criterion': 5, 'item_type': 'regulation'}, {'reason': 'missing_full_brief', 'criterion': 6}]"
4d240f75-1d06-4d94-912c-4c7449e95deb,initiative,quarantined,False,"[{'reason': 'gate_a_unproven_or_stale', 'criterion': 7}]"
4d5670cb-b40f-41fa-b28d-39378d0b7f69,regulation,verified,True,[]
4de1e28e-f221-40fd-818b-f5382533caa0,market_signal,quarantined,False,"[{'reason': 'gate_a_unproven_or_stale', 'criterion': 7}]"
4ff5cf56-1a02-4889-9192-39838fb96857,regulation,verified,True,[]
50c34d98-2ff2-4c72-a472-9b558bec9dd2,research_finding,verified,True,[]
50ccd5cc-d278-43ad-98c1-596153c1d714,framework,quarantined,False,"[{'claim': '[effective_date] GLEC Framework 3.0 was released 21 September 2023.', 'reason': 'fact_below_authority_floor', 'priority': 'LOW', 'criterion': 3, 'floor_max': 2, 'item_type': 'framework', 'floor_basis': 'item_type_unconditional', 'floor_scope': 'default', 'source_tier_derived': 4}, {'claim': 'The GLEC Framework is a voluntary industry guideline, not a binding regulation.', 'reason': 'fact_below_authority_floor', 'priority': 'LOW', 'criterion': 3, 'floor_max': 2, 'item_type': 'framework', 'floor_basis': 'item_type_unconditional', 'floor_scope': 'default', 'source_tier_derived': 4}, {'claim': '[effective_date] An updated method to calculate the carbon footprint of the global logistics supply chain, in full alignment with the new ISO 14083 standard, was released today by Smart Freight Centre.', 'reason': 'fact_below_authority_floor', 'priority': 'LOW', 'criterion': 3, 'floor_max': 2, 'item_type': 'framework', 'floor_basis': 'item_type_unconditional', 'floor_scope': 'default', 'source_tier_derived': 4}, {'claim': 'This industry guideline was the first globally recognized methodology to calculate logistics GHG emissions and offer multinationals and their suppliers a harmonized, efficient and transparent way to calculate and report logistics emissions.', 'reason': 'fact_below_authority_floor', 'priority': 'LOW', 'criterion': 3, 'floor_max': 2, 'item_type': 'framework', 'floor_basis': 'item_type_unconditional', 'floor_scope': 'default', 'source_tier_derived': 4}, {'claim': 'The GLEC Framework version 3.0 supports companies to calculate their logistics emissions in compliance with the ISO 14083 by translating it into practical and comprehensive business requirements, making use of real-world examples.', 'reason': 'fact_below_authority_floor', 'priority': 'LOW', 'criterion': 3, 'floor_max': 2, 'item_type': 'framework', 'floor_basis': 'item_type_unconditional', 'floor_scope': 'default', 'source_tier_derived': 4}, {'claim': ""The GLEC Framework 'was established in 2014' by the Global Logistics Emissions Council."", 'reason': 'fact_below_authority_floor', 'priority': 'LOW', 'criterion': 3, 'floor_max': 2, 'item_type': 'framework', 'floor_basis': 'item_type_unconditional', 'floor_scope': 'default', 'source_tier_derived': 4}, {'claim': ""GLEC 3.0 'was launched in 2016' (referring to the original GLEC Framework) and has been updated to version 3.0 in full alignment with ISO 14083, published in March 2023."", 'reason': 'fact_below_authority_floor', 'priority': 'LOW', 'criterion': 3, 'floor_max': 2, 'item_type': 'framework', 'floor_basis': 'item_type_unconditional', 'floor_scope': 'default', 'source_tier_derived': 4}, {'claim': 'The GLEC Framework was a core element used to develop the content for the new standard. The new ISO14083 standard was built on the principles of the GLEC Framework.', 'reason': 'fact_below_authority_floor', 'priority': 'LOW', 'criterion': 3, 'floor_max': 2, 'item_type': 'framework', 'floor_basis': 'item_type_unconditional', 'floor_scope': 'default', 'source_tier_derived': 4}, {'claim': 'The version 3.0 of the GLEC Framework incorporates the methodologies of the ISO standard to support companies implementing transparency on the efficiency of their supply chains and logistics. It offers an easy-to-use approach to an ISO 14083-compliant calculation of GHG emissions from transport, covering the transport itself as well as logistics hubs and the emissions from the energy supply to them both.', 'reason': 'fact_below_authority_floor', 'priority': 'LOW', 'criterion': 3, 'floor_max': 2, 'item_type': 'framework', 'floor_basis': 'item_type_unconditional', 'floor_scope': 'default', 'source_tier_derived': 4}, {'claim': ""[jurisdictional_scope] The GLEC Framework is 'recommended by Greenhouse Gas Protocol, CDP, Science-Based Targets initiative, several green freight programs, calculation tools and industry associations, as well as the UN-led Global Green Freight Action Plan.'"", 'reason': 'fact_below_authority_floor', 'priority': 'LOW', 'criterion': 3, 'floor_max': 2, 'item_type': 'framework', 'floor_basis': 'item_type_unconditional', 'floor_scope': 'default', 'source_tier_derived': 4}, {'claim': 'More than 150 leading multinationals have committed to implementing the GLEC Framework through joining the SFC community.', 'reason': 'fact_below_authority_floor', 'priority': 'LOW', 'criterion': 3, 'floor_max': 2, 'item_type': 'framework', 'floor_basis': 'item_type_unconditional', 'floor_scope': 'default', 'source_tier_derived': 4}, {'claim': 'The GLEC Framework supports companies to calculate and report emissions from all transport modes consistently across their supply chains. The results are used by companies to identify emission hot spots for improvement, but also by customers, investors and governments who benefit from the increased transparency and comparability of logistics climate impacts.', 'reason': 'fact_below_authority_floor', 'priority': 'LOW', 'criterion': 3, 'floor_max': 2, 'item_type': 'framework', 'floor_basis': 'item_type_unconditional', 'floor_scope': 'default', 'source_tier_derived': 4}, {'claim': ""GLEC 3.0 offers 'an easy-to-use approach to an ISO 14083-compliant calculation of GHG emissions from transport, covering the transport itself as well as logistics hubs and the emissions from the energy supply to them both.'"", 'reason': 'fact_below_authority_floor', 'priority': 'LOW', 'criterion': 3, 'floor_max': 2, 'item_type': 'framework', 'floor_basis': 'item_type_unconditional', 'floor_scope': 'default', 'source_tier_derived': 4}, {'claim': ""'The GLEC Framework supports companies to calculate and report emissions from all transport modes consistently across their supply chains.'"", 'reason': 'fact_below_authority_floor', 'priority': 'LOW', 'criterion': 3, 'floor_max': 2, 'item_type': 'framework', 'floor_basis': 'item_type_unconditional', 'floor_scope': 'default', 'source_tier_derived': 4}, {'claim': ""'By aligning with the GLEC Framework, ISO 14083 facilitates the adoption of consistent processes by governments, international organizations, and investors, which have already been embraced by the industry.'"", 'reason': 'fact_below_authority_floor', 'priority': 'LOW', 'criterion': 3, 'floor_max': 2, 'item_type': 'framework', 'floor_basis': 'item_type_unconditional', 'floor_scope': 'default', 'source_tier_derived': 4}, {'claim': ""ISO 14083 is 'the ISO standard on the quantification and reporting of greenhouse gas emissions of transport operations, published in March 2023.'"", 'reason': 'fact_below_authority_floor', 'priority': 'LOW', 'criterion': 3, 'floor_max': 2, 'item_type': 'framework', 'floor_basis': 'item_type_unconditional', 'floor_scope': 'default', 'source_tier_derived': 4}, {'claim': ""[jurisdictional_scope] GLEC 3.0 'is recommended by Greenhouse Gas Protocol, CDP, Science-Based Targets initiative, several green freight programs, calculation tools and industry associations, as well as the UN-led Global Green Freight Action Plan.'"", 'reason': 'fact_below_authority_floor', 'priority': 'LOW', 'criterion': 3, 'floor_max': 2, 'item_type': 'framework', 'floor_basis': 'item_type_unconditional', 'floor_scope': 'default', 'source_tier_derived': 4}, {'claim': ""ISO 14083 is 'the ISO standard on the quantification and reporting of greenhouse gas emissions of transport operations.'"", 'reason': 'fact_below_authority_floor', 'priority': 'LOW', 'criterion': 3, 'floor_max': 2, 'item_type': 'framework', 'floor_basis': 'item_type_unconditional', 'floor_scope': 'default', 'source_tier_derived': 4}, {'claim': ""GLEC 3.0 covers 'the transport itself as well as logistics hubs and the emissions from the energy supply to them both.'"", 'reason': 'fact_below_authority_floor', 'priority': 'LOW', 'criterion': 3, 'floor_max': 2, 'item_type': 'framework', 'floor_basis': 'item_type_unconditional', 'floor_scope': 'default', 'source_tier_derived': 4}, {'claim': 'GLEC 3.0 covers calculation of GHG emissions from: (1) transport operations, (2) logistics hubs, and (3) the emissions from the energy supply to both.', 'reason': 'fact_below_authority_floor', 'priority': 'LOW', 'criterion': 3, 'floor_max': 2, 'item_type': 'framework', 'floor_basis': 'item_type_unconditional', 'floor_scope': 'default', 'source_tier_derived': 4}, {'claim': ""'The GLEC Framework supports companies to calculate and report emissions from all transport modes consistently across their supply chains.'"", 'reason': 'fact_below_authority_floor', 'priority': 'LOW', 'criterion': 3, 'floor_max': 2, 'item_type': 'framework', 'floor_basis': 'item_type_unconditional', 'floor_scope': 'default', 'source_tier_derived': 4}, {'claim': ""GLEC 3.0 translating ISO 14083 'into practical and comprehensive business requirements, making use of real-world examples.'"", 'reason': 'fact_below_authority_floor', 'priority': 'LOW', 'criterion': 3, 'floor_max': 2, 'item_type': 'framework', 'floor_basis': 'item_type_unconditional', 'floor_scope': 'default', 'source_tier_derived': 4}, {'claim': ""ISO 14083 is the international standard for 'Quantification and reporting of greenhouse gas emissions arising from transport chain operations,' published March 2023."", 'reason': 'fact_below_authority_floor', 'priority': 'LOW', 'criterion': 3, 'floor_max': 2, 'item_type': 'framework', 'floor_basis': 'item_type_unconditional', 'floor_scope': 'default', 'source_tier_derived': 4}, {'claim': ""GLEC 3.0 is 'recommended by Greenhouse Gas Protocol, CDP, Science-Based Targets initiative.'"", 'reason': 'fact_below_authority_floor', 'priority': 'LOW', 'criterion': 3, 'floor_max': 2, 'item_type': 'framework', 'floor_basis': 'item_type_unconditional', 'floor_scope': 'default', 'source_tier_derived': 4}, {'claim': '[penalty_summary] GLEC 3.0 is a voluntary industry framework.', 'reason': 'fact_below_authority_floor', 'priority': 'LOW', 'criterion': 3, 'floor_max': 2, 'item_type': 'framework', 'floor_basis': 'item_type_unconditional', 'floor_scope': 'default', 'source_tier_derived': 4}, {'claim': ""'More than 150 leading multinationals have committed to implementing the GLEC Framework through joining the SFC community.'"", 'reason': 'fact_below_authority_floor', 'priority': 'LOW', 'criterion': 3, 'floor_max': 2, 'item_type': 'framework', 'floor_basis': 'item_type_unconditional', 'floor_scope': 'default', 'source_tier_derived': 4}, {'claim': ""GLEC 3.0 scope includes 'logistics hubs and the emissions from the energy supply to them both.'"", 'reason': 'fact_below_authority_floor', 'priority': 'LOW', 'criterion': 3, 'floor_max': 2, 'item_type': 'framework', 'floor_basis': 'item_type_unconditional', 'floor_scope': 'default', 'source_tier_derived': 4}, {'claim': ""GLEC 3.0 is 'recommended by Greenhouse Gas Protocol.'"", 'reason': 'fact_below_authority_floor', 'priority': 'LOW', 'criterion': 3, 'floor_max': 2, 'item_type': 'framework', 'floor_basis': 'item_type_unconditional', 'floor_scope': 'default', 'source_tier_derived': 4}, {'claim': 'Smart Freight Centre operates Clean Cargo (maritime) and Clean Air Transport (aviation) programmes referenced in its navigation.', 'reason': 'fact_below_authority_floor', 'priority': 'LOW', 'criterion': 3, 'floor_max': 2, 'item_type': 'framework', 'floor_basis': 'item_type_unconditional', 'floor_scope': 'default', 'source_tier_derived': 4}, {'claim': ""'Freight transportation and logistics activities contributed to 8–10% of global greenhouse gas (GHG) emissions according to the International Transport Forum (ITF) Outlook Report 2021. With the use of more accurate data, the ITF recently highlighted the increased impact of freight and logistics, which currently represents 28% of global emissions (ITF Report 2023).'"", 'reason': 'fact_below_authority_floor', 'priority': 'LOW', 'criterion': 3, 'floor_max': 2, 'item_type': 'framework', 'floor_basis': 'item_type_unconditional', 'floor_scope': 'default', 'source_tier_derived': 4}, {'claim': '[effective_date] ISO 14083 published March 2023.', 'reason': 'fact_below_authority_floor', 'priority': 'LOW', 'criterion': 3, 'floor_max': 2, 'item_type': 'framework', 'floor_basis': 'item_type_unconditional', 'floor_scope': 'default', 'source_tier_derived': 4}, {'claim': '[effective_date] GLEC Framework 3.0 released 21 September 2023.', 'reason': 'fact_below_authority_floor', 'priority': 'LOW', 'criterion': 3, 'floor_max': 2, 'item_type': 'framework', 'floor_basis': 'item_type_unconditional', 'floor_scope': 'default', 'source_tier_derived': 4}]"
51b2c91e-776f-42f5-a799-a957312d4e56,regulation,verified,True,[]
52eadc84-b3ea-4a80-8173-30b7d5435d4f,market_signal,unverified,False,"[{'reason': 'source_not_active', 'status': 'suspended', 'criterion': 1, 'source_id': 'a6b20a8a-e6a9-41aa-9c6c-0f38b71016ba'}, {'reason': 'no_section_content', 'criterion': 2}, {'reason': 'gate_a_unproven_or_stale', 'criterion': 7}]"
5351d10b-62e7-42ec-98bf-c18595a9c20d,market_signal,quarantined,False,"[{'reason': 'gate_a_unproven_or_stale', 'criterion': 7}]"
537b8131-280b-47c8-b9fe-5a96070917b7,market_signal,quarantined,False,"[{'reason': 'gate_a_unproven_or_stale', 'criterion': 7}]"
538c2774-e271-4e8f-b03d-2385b705b862,market_signal,verified,True,[]
5511a87f-2bba-485a-9f54-6911ef385a63,framework,quarantined,False,"[{'claim': 'Requirement: Standardized methods for collecting and verifying GHG emissions data from covered sources.', 'reason': 'fact_below_authority_floor', 'priority': 'LOW', 'criterion': 3, 'floor_max': 2, 'item_type': 'framework', 'floor_basis': 'item_type_unconditional', 'floor_scope': 'default', 'source_tier_derived': None}, {'claim': 'Early 2023: DEC/NYSERDA initiated NYCI rulemaking process.', 'reason': 'fact_below_authority_floor', 'priority': 'LOW', 'criterion': 3, 'floor_max': 2, 'item_type': 'framework', 'floor_basis': 'item_type_unconditional', 'floor_scope': 'default', 'source_tier_derived': None}, {'claim': 'March 2025: DEC released Part 253 GHG Reporting Rule for public comment.', 'reason': 'fact_below_authority_floor', 'priority': 'LOW', 'criterion': 3, 'floor_max': 2, 'item_type': 'framework', 'floor_basis': 'item_type_unconditional', 'floor_scope': 'default', 'source_tier_derived': None}, {'claim': 'July 1, 2025: Part 253 public comment period closed.', 'reason': 'fact_below_authority_floor', 'priority': 'LOW', 'criterion': 3, 'floor_max': 2, 'item_type': 'framework', 'floor_basis': 'item_type_unconditional', 'floor_scope': 'default', 'source_tier_derived': None}, {'reason': 'gate_a_unproven_or_stale', 'criterion': 7}]"
5561231f-3e3d-4e6a-90a2-1f3f4baf2f1b,regulation,verified,True,[]
55f90df0-7d80-443d-8017-3ca078b5df42,regulation,quarantined,False,"[{'reason': 'gate_a_unproven_or_stale', 'criterion': 7}]"
56031fd3-d7ae-45e5-a1d0-bde3e3c30383,regulation,verified,True,[]
576554b3-7e69-431c-aa4f-474131458b14,guidance,quarantined,False,"[{'claim': 'The ZEV Mandate for LGVs requires 70% of new LGVs sold in 2030 to be zero emission, with intermediate annual targets.', 'reason': 'fact_below_authority_floor', 'priority': 'HIGH', 'criterion': 3, 'floor_max': 2, 'item_type': 'guidance', 'floor_basis': 'priority', 'floor_scope': 'default', 'source_tier_derived': 5}, {'claim': 'For LGVs, the target is 70% zero-emission sales by 2030.', 'reason': 'fact_below_authority_floor', 'priority': 'HIGH', 'criterion': 3, 'floor_max': 2, 'item_type': 'guidance', 'floor_basis': 'priority', 'floor_scope': 'default', 'source_tier_derived': 5}, {'claim': ""The SAF Bill had its first reading in the UK House of Lords on 20 October 2025 'with the date of its second reading to be announced shortly. Its purpose is to support the production of SAF by establishing a revenue certainty mechanism.'"", 'reason': 'fact_below_authority_floor', 'priority': 'HIGH', 'criterion': 3, 'floor_max': 2, 'item_type': 'guidance', 'floor_basis': 'priority', 'floor_scope': 'default', 'source_tier_derived': 7}, {'claim': ""The ZEV Mandate 'provides a strong financial incentive for manufacturers to sell a rapidly increasing proportion of zero emission vehicles.'"", 'reason': 'fact_below_authority_floor', 'priority': 'HIGH', 'criterion': 3, 'floor_max': 2, 'item_type': 'guidance', 'floor_basis': 'priority', 'floor_scope': 'default', 'source_tier_derived': 5}, {'claim': ""SAF eligible for certificates must 'achieve minimum GHG emissions reductions of 40% compared with fossil fuel-derived kerosene.'"", 'reason': 'fact_below_authority_floor', 'priority': 'HIGH', 'criterion': 3, 'floor_max': 2, 'item_type': 'guidance', 'floor_basis': 'priority', 'floor_scope': 'default', 'source_tier_derived': 6}, {'claim': ""The consultation on the revenue certainty mechanism notes the 'review of the Jet Zero Strategy in 2027.'"", 'reason': 'fact_below_authority_floor', 'priority': 'HIGH', 'criterion': 3, 'floor_max': 2, 'item_type': 'guidance', 'floor_basis': 'priority', 'floor_scope': 'default', 'source_tier_derived': 6}, {'claim': ""The EU ReFuelEU mandate sets SAF targets of '2% in 2025, 6% in 2030, 70% in 2050.'"", 'reason': 'fact_below_authority_floor', 'priority': 'HIGH', 'criterion': 3, 'floor_max': 2, 'item_type': 'guidance', 'floor_basis': 'priority', 'floor_scope': 'default', 'source_tier_derived': 7}, {'claim': ""HEFA cap: From 2027, a cap on HEFA-derived SAF applies: 'starting from 92% in 2027 and gradually lowering to 71% in 2030 and thereafter down to 35% in 2040.'"", 'reason': 'fact_below_authority_floor', 'priority': 'HIGH', 'criterion': 3, 'floor_max': 2, 'item_type': 'guidance', 'floor_basis': 'priority', 'floor_scope': 'default', 'source_tier_derived': 6}, {'claim': ""[penalty_summary] 'Intentional non-compliance will incur civil penalties in line with current penalties under the RTFO.'"", 'reason': 'fact_below_authority_floor', 'priority': 'HIGH', 'criterion': 3, 'floor_max': 2, 'item_type': 'guidance', 'floor_basis': 'priority', 'floor_scope': 'default', 'source_tier_derived': 6}, {'claim': 'ZEV mandate annual targets run 2024–2030; 70% of new LGV sales zero-emission by 2030; HGV phase-out targets from 2035.', 'reason': 'fact_below_authority_floor', 'priority': 'HIGH', 'criterion': 3, 'floor_max': 2, 'item_type': 'guidance', 'floor_basis': 'priority', 'floor_scope': 'default', 'source_tier_derived': 5}, {'claim': 'The HEFA cap under the SAF Mandate does not apply until 2027, with 92% allowed in 2027 before reducing.', 'reason': 'fact_below_authority_floor', 'priority': 'HIGH', 'criterion': 3, 'floor_max': 2, 'item_type': 'guidance', 'floor_basis': 'priority', 'floor_scope': 'default', 'source_tier_derived': 6}, {'claim': '1 January 2027 — HEFA cap begins: 92% cap on HEFA-derived SAF, reducing annually.', 'reason': 'fact_below_authority_floor', 'priority': 'HIGH', 'criterion': 3, 'floor_max': 2, 'item_type': 'guidance', 'floor_basis': 'priority', 'floor_scope': 'default', 'source_tier_derived': 6}, {'claim': '2030 — 70% of new LGV sales zero-emission (ZEV Mandate).', 'reason': 'fact_below_authority_floor', 'priority': 'HIGH', 'criterion': 3, 'floor_max': 2, 'item_type': 'guidance', 'floor_basis': 'priority', 'floor_scope': 'default', 'source_tier_derived': 5}, {'claim': ""The UK SAF Mandate requires 10% in 2030 versus the EU's 6%, making the UK's 2030 target more demanding in the medium term."", 'reason': 'fact_below_authority_floor', 'priority': 'HIGH', 'criterion': 3, 'floor_max': 2, 'item_type': 'guidance', 'floor_basis': 'priority', 'floor_scope': 'default', 'source_tier_derived': 7}, {'claim': '2030 — First SAF Mandate statutory review.', 'reason': 'fact_below_authority_floor', 'priority': 'HIGH', 'criterion': 3, 'floor_max': 2, 'item_type': 'guidance', 'floor_basis': 'priority', 'floor_scope': 'default', 'source_tier_derived': 6}, {'claim': 'The ZEV Mandate requires 70% of vehicles sold in 2030 to be zero emission, with intermediate annual targets; the full LGV zero-emission requirement at the tailpipe is from 2035.', 'reason': 'fact_below_authority_floor', 'priority': 'HIGH', 'criterion': 3, 'floor_max': 2, 'item_type': 'guidance', 'floor_basis': 'priority', 'floor_scope': 'default', 'source_tier_derived': 5}, {'claim': ""'The UK Government has confirmed that it will not introduce a minimum fuel requirement for airlines departing from UK airports when the UK SAF Mandate starts in 2025, but will conduct further research into the extent of tankering once the UK SAF Mandate is operational.'"", 'reason': 'fact_below_authority_floor', 'priority': 'HIGH', 'criterion': 3, 'floor_max': 2, 'item_type': 'guidance', 'floor_basis': 'priority', 'floor_scope': 'default', 'source_tier_derived': 6}, {'claim': 'SAF currently costs 2–7 times conventional kerosene according to industry reporting.', 'reason': 'analysis_missing_label_syntax', 'criterion': 4}, {'reason': 'gate_a_unproven_or_stale', 'criterion': 7}]"
5803219e-fe9e-4199-801c-ee2d31bdfcf4,framework,verified,True,[]
58bf0406-3be9-45bd-a2c8-b7c9d0b5c1a4,initiative,quarantined,False,"[{'reason': 'gate_a_unproven_or_stale', 'criterion': 7}]"
595117e9-a35f-414c-8182-53ef5b34c647,regional_data,verified,True,[]
5b07f503-8dbc-4bb4-b801-6359b5ab6018,regional_data,quarantined,False,"[{'reason': 'gate_a_unproven_or_stale', 'criterion': 7}]"
5b2c6655-b59f-4e8a-a813-466cd26cce5b,regulation,quarantined,False,"[{'claim': '[penalty_summary] Administrative penalties are imposed under Environmental Violations Administrative Monetary Penalties Act.', 'reason': 'analysis_missing_label_syntax', 'criterion': 4}, {'claim': 'Compliance managed via the Credit and Tracking System (CATS), a digital platform handling credit issuance, trading, and reporting.', 'reason': 'analysis_missing_label_syntax', 'criterion': 4}, {'claim': 'In 2024, the CFR market generated 7.9 million t CO₂e in credits (excluding CC1 credits and electricity credits), while incurring 12.3 million t CO₂e in deficits.', 'reason': 'analysis_missing_label_syntax', 'criterion': 4}, {'claim': 'RNG volumes rose 417% in 2024 to 137 million cubic metres. HDRD produced 2.11 million t CO₂e credits with a CI drop of 37% to 41 gCO₂e/MJ. Ethanol CI decreased by 20% to 41 gCO₂e/MJ in 2024.', 'reason': 'analysis_missing_label_syntax', 'criterion': 4}, {'claim': 'In 2024, the market expanded with 347 credit transactions transferring 3.33 million t CO₂e, and an average credit price of CAD 157. Prices reached CAD 166 in Q2 but decreased to CAD 149.24 by Q4 as credit supply increased. Approximately 5 million credits were exchanged in bundled fuel-supply agreements at near-zero prices.', 'reason': 'analysis_missing_label_syntax', 'criterion': 4}, {'claim': 'The average credit price for 2023 was CAD $127 per credit; for 2024 the average credit price was CAD $157 per credit; prices reached CAD $166 in Q2 2024 before decreasing to CAD $149.24 by Q4 2024.', 'reason': 'analysis_missing_label_syntax', 'criterion': 4}, {'claim': 'The CFR credit market is administered via the Credit and Tracking System (CATS), a digital platform handling credit issuance, trading, and reporting.', 'reason': 'analysis_missing_label_syntax', 'criterion': 4}, {'reason': 'gate_a_unproven_or_stale', 'criterion': 7}]"
5b37050b-7b9e-462c-8eae-84a51d3b3010,market_signal,quarantined,False,"[{'reason': 'gate_a_unproven_or_stale', 'criterion': 7}]"
5b8f3e8a-8096-4392-9c66-1c7d7b0e6385,market_signal,quarantined,False,"[{'reason': 'gate_a_unproven_or_stale', 'criterion': 7}]"
5b9b05c7-2c73-4a08-9c98-0a86cba95e43,regulation,quarantined,False,"[{'claim': ""[jurisdictional_scope] Existing Rule 62-210.300 establishes that 'the owner or operator of any facility or emissions unit which emits or can reasonably be expected to emit any air pollutant shall obtain appropriate authorization from the Department prior to undertaking any activity at the facility or emissions unit for which such authorization is required.'"", 'reason': 'fact_below_authority_floor', 'priority': 'LOW', 'criterion': 3, 'floor_max': 2, 'item_type': 'regulation', 'floor_basis': 'item_type_unconditional', 'floor_scope': 'default', 'source_tier_derived': None}, {'claim': ""[jurisdictional_scope] Existing Rule 62-210.300 establishes that authorization from the Department is required for 'the owner or operator of any facility or emissions unit which emits or can reasonably be expected to emit any air pollutant.'"", 'reason': 'fact_below_authority_floor', 'priority': 'LOW', 'criterion': 3, 'floor_max': 2, 'item_type': 'regulation', 'floor_basis': 'item_type_unconditional', 'floor_scope': 'default', 'source_tier_derived': None}, {'reason': 'gate_a_unproven_or_stale', 'criterion': 7}]"
5c75e081-0757-42a8-8b35-bf67125d3522,regulation,verified,True,[]
5d2e7616-99d2-4610-a4c1-9661edabb9c4,market_signal,quarantined,False,"[{'reason': 'gate_a_unproven_or_stale', 'criterion': 7}]"
5e0af336-e997-47ae-a235-b7b155d742bb,market_signal,verified,True,[]
5ea46db2-00e5-4eda-90d1-11f7e97ec4db,market_signal,unverified,False,"[{'reason': 'no_section_content', 'criterion': 2}, {'reason': 'gate_a_unproven_or_stale', 'criterion': 7}]"
5eed63be-f54a-4ca7-ac90-7c6ef013b96f,initiative,quarantined,False,"[{'claim': '13 September 2023 — AFIR (Regulation (EU) 2023/1804) adopted; sets binding hydrogen refuelling station deployment targets for EU member states along TEN-T core network.', 'reason': 'fact_span_not_in_source', 'criterion': 3, 'source_span': 'Regulation (EU) 2023/1804 of the European Parliament and of the Council of 13 September 2023 on the deployment of alternative fuels infrastructure, and repealing Directive 2014/94/EU'}, {'claim': 'Regulation (EU) 2023/1804 on the deployment of alternative fuels infrastructure (AFIR) — adopted 13 September 2023 — Binding EU Regulation (Tier 1).', 'reason': 'fact_span_not_in_source', 'criterion': 3, 'source_span': 'Regulation (EU) 2023/1804 of the European Parliament and of the Council of 13 September 2023 on the deployment of alternative fuels infrastructure, and repealing Directive 2014/94/EU'}, {'reason': 'gate_a_unproven_or_stale', 'criterion': 7}]"
5f1095c9-4098-4b62-99b3-cf54a6b1e3aa,initiative,verified,True,[]
5f218fc4-8cc0-4b35-87a1-616da962322a,framework,verified,True,[]
5faf8f8c-8054-4724-8c11-6e2c8fb12c95,market_signal,quarantined,False,"[{'reason': 'gate_a_unproven_or_stale', 'criterion': 7}]"
5fc45237-2db2-40b8-a052-88e4c77add73,market_signal,quarantined,False,"[{'reason': 'gate_a_unproven_or_stale', 'criterion': 7}]"
5fec12c6-23be-4a7f-b2d3-4b8e9faadc22,market_signal,verified,True,[]
605a2d06-80e5-4645-82d1-58ec57fc81d0,research_finding,verified,True,[]
608e6dae-c5c7-4ba0-be68-a3fa602d0fe9,regulation,unverified,False,"[{'reason': 'missing_source_id', 'criterion': 1}, {'reason': 'no_section_content', 'criterion': 2}, {'reason': 'missing_full_brief', 'criterion': 6}]"
60bccf36-f7c1-43d1-9a7d-409d56d67af1,guidance,quarantined,False,"[{'url': 'https://calsta.ca.gov/-/media/calsta-media/documents/sb125_cycle_2_guidelines_final_2025-01-10_a11y.pdf', 'reason': 'ungrounded_url', 'criterion': 2}, {'url': 'https://calsta.ca.gov/about-us/contact-us', 'reason': 'ungrounded_url', 'criterion': 2}, {'url': 'https://calsta.ca.gov/-/media/calsta-media/documents/sb125-final-guidelines-a11y.pdf', 'reason': 'ungrounded_url', 'criterion': 2}, {'url': 'https://calsta.ca.gov/subject-areas/sb125-transit-program', 'reason': 'ungrounded_url', 'criterion': 2}, {'url': 'https://leginfo.legislature.ca.gov/faces/billtextclient.xhtml?bill_id=202320240sb125', 'reason': 'ungrounded_url', 'criterion': 2}, {'url': 'https://calsta.ca.gov/newsroom', 'reason': 'ungrounded_url', 'criterion': 2}, {'reason': 'unlabeled_assertion', 'criterion': 4, 'section_row_id': '3071a92c-425d-4278-b8ba-f9d5fd4e6c65'}, {'reason': 'unlabeled_assertion', 'criterion': 4, 'section_row_id': '0d71eebd-a2ca-4a8a-b8d3-a981700b9b88'}, {'reason': 'unlabeled_assertion', 'criterion': 4, 'section_row_id': '3ece792c-8227-4b53-b4a1-0214e9199090'}, {'reason': 'missing_required_slot', 'slot_key': 'effective_date', 'criterion': 5, 'item_type': 'guidance'}, {'reason': 'missing_required_slot', 'slot_key': 'jurisdictional_scope', 'criterion': 5, 'item_type': 'guidance'}, {'reason': 'missing_required_slot', 'slot_key': 'penalty_summary', 'criterion': 5, 'item_type': 'guidance'}, {'reason': 'missing_required_slot', 'slot_key': 'primary_deadline', 'criterion': 5, 'item_type': 'guidance'}, {'reason': 'missing_full_brief', 'criterion': 6}]"
60f5f42e-0b91-4ba9-9091-37476337fe11,guidance,unverified,False,"[{'reason': 'no_section_content', 'criterion': 2}, {'reason': 'missing_full_brief', 'criterion': 6}]"
627da433-864b-4d60-98e6-3248726a3738,research_finding,verified,True,[]
62ba40b0-f03e-4f2b-a3c1-0bc199880eea,regulation,quarantined,False,"[{'reason': 'gate_a_unproven_or_stale', 'criterion': 7}]"
6304a9f0-6340-4c6d-90b6-a7321190bb42,regulation,verified,True,[]
6373df1e-1461-478e-b480-70dee471d597,regulation,quarantined,False,"[{'reason': 'gate_a_unproven_or_stale', 'criterion': 7}]"
63acfa2f-f54d-4bdb-8cbd-367d9faddbbd,market_signal,quarantined,False,"[{'reason': 'gate_a_unproven_or_stale', 'criterion': 7}]"
64e9d38d-75bf-4fc3-b946-eebff05a0d6a,market_signal,verified,True,[]
652b39e1-cb71-4465-af8a-4ceecf8679a1,guidance,verified,True,[]
653f174b-6e44-4f4c-8909-4ce9b000191d,regional_data,quarantined,False,"[{'reason': 'source_not_active', 'status': 'suspended', 'criterion': 1, 'source_id': 'ba680206-2b54-4d08-8d98-909da2b3c643'}, {'reason': 'no_section_content', 'criterion': 2}, {'reason': 'missing_full_brief', 'criterion': 6}]"
661a3f9e-a820-4a10-af71-3e7683abb4bb,guidance,unverified,False,"[{'url': 'https://gov.uk/government/consultations/reforms-to-the-energy-performance-of-buildings-regime/reforms-to-the-energy-performance-of-buildings-regime', 'reason': 'ungrounded_url', 'criterion': 2}, {'url': 'https://gov.uk/government/publications/private-rented-sector-minimum-energy-efficiency-standard-exemptions/guidance-on-prs-exemptions-and-exemptions-register-evidence-requirements', 'reason': 'ungrounded_url', 'criterion': 2}, {'url': 'https://assets.publishing.service.gov.uk/media/6051337ed3bf7f0453f7b992/non-domestic-prs-mees-epc-b-future-trajectory-implementation.pdf', 'reason': 'ungrounded_url', 'criterion': 2}, {'url': 'https://cbre.co.uk/insights/articles/what-can-we-expect-from-the-upcoming-changes-to-minimum-energy-efficiency-standards', 'reason': 'ungrounded_url', 'criterion': 2}, {'url': 'https://legislation.gov.uk/uksi/2015/962/contents', 'reason': 'ungrounded_url', 'criterion': 2}, {'url': 'https://kjtait.com/knowledge/mees-non-domestic-epc-band-e', 'reason': 'ungrounded_url', 'criterion': 2}, {'url': 'https://propertymark.co.uk/resource/anticipated-reinvention-of-epcs-held-back-until-2027.html', 'reason': 'ungrounded_url', 'criterion': 2}, {'url': 'https://assets.publishing.service.gov.uk/media/69722b193f2908a349040547/prs-homes-energy-performance-government-response.pdf', 'reason': 'ungrounded_url', 'criterion': 2}, {'url': 'https://gov.uk/government/publications/private-rented-sector-minimum-energy-efficiency-standard-exemptions/guidance-on-prs-exemptions-and-exemptions-register-evidence-requirements', 'reason': 'ungrounded_url', 'criterion': 2}, {'url': 'https://osborneclarke.com/insights/energy-efficiency-rules-uk-commercial-property-tighten-april-2023', 'reason': 'ungrounded_url', 'criterion': 2}, {'url': 'https://energyadvicehub.org/whats-happening-with-the-non-domestic-minimum-energy-efficiency-standards', 'reason': 'ungrounded_url', 'criterion': 2}, {'reason': 'unlabeled_assertion', 'criterion': 4, 'section_row_id': '6bca2ed7-ad0c-4c58-879c-de455262f73f'}, {'reason': 'unlabeled_assertion', 'criterion': 4, 'section_row_id': 'c8d83dc1-91c1-4d04-ae24-caa0660d2bb9'}, {'reason': 'unlabeled_assertion', 'criterion': 4, 'section_row_id': '421a6f0f-29b7-4dac-9ab1-77051e08e6c0'}, {'reason': 'unlabeled_assertion', 'criterion': 4, 'section_row_id': 'd3409cac-29b5-4774-b7b4-95aa3278d2d4'}, {'reason': 'unlabeled_assertion', 'criterion': 4, 'section_row_id': '9a39acff-f550-41df-a4b9-b4e91f8e9db7'}, {'reason': 'unlabeled_assertion', 'criterion': 4, 'section_row_id': '2081de83-c613-4157-86e5-792312330a6b'}, {'reason': 'missing_required_slot', 'slot_key': 'effective_date', 'criterion': 5, 'item_type': 'guidance'}, {'reason': 'missing_required_slot', 'slot_key': 'jurisdictional_scope', 'criterion': 5, 'item_type': 'guidance'}, {'reason': 'missing_required_slot', 'slot_key': 'penalty_summary', 'criterion': 5, 'item_type': 'guidance'}, {'reason': 'missing_required_slot', 'slot_key': 'primary_deadline', 'criterion': 5, 'item_type': 'guidance'}, {'reason': 'missing_full_brief', 'criterion': 6}]"
6627ef8b-5ca1-49a4-9442-7cc201c78a07,market_signal,quarantined,False,"[{'url': 'https://thetrucker.com/tucking-news/business/dat-roadcheck-week-tightens-capacity-sharply-lifts-spot-rates-across-the-board', 'reason': 'ungrounded_url', 'criterion': 2}, {'reason': 'unlabeled_assertion', 'criterion': 4, 'section_row_id': 'd664d671-856a-4bd3-a58c-8bd006673e75'}, {'reason': 'missing_required_slot', 'slot_key': 'signal_event', 'criterion': 5, 'item_type': 'market_signal'}, {'reason': 'missing_required_slot', 'slot_key': 'driving_parties', 'criterion': 5, 'item_type': 'market_signal'}, {'reason': 'missing_required_slot', 'slot_key': 'conversion_trigger', 'criterion': 5, 'item_type': 'market_signal'}, {'reason': 'missing_required_slot', 'slot_key': 'action_now', 'criterion': 5, 'item_type': 'market_signal'}, {'reason': 'gate_a_unproven_or_stale', 'criterion': 7}]"
663f593c-8834-45c9-bddd-05c334538c54,market_signal,quarantined,False,"[{'reason': 'gate_a_unproven_or_stale', 'criterion': 7}]"
6662ebeb-e310-4205-9582-2e98ad8b95d9,guidance,quarantined,False,"[{'reason': 'missing_required_slot', 'slot_key': 'effective_date', 'criterion': 5, 'item_type': 'guidance'}, {'reason': 'missing_required_slot', 'slot_key': 'jurisdictional_scope', 'criterion': 5, 'item_type': 'guidance'}, {'reason': 'missing_required_slot', 'slot_key': 'penalty_summary', 'criterion': 5, 'item_type': 'guidance'}, {'reason': 'missing_required_slot', 'slot_key': 'primary_deadline', 'criterion': 5, 'item_type': 'guidance'}, {'reason': 'gate_a_unproven_or_stale', 'criterion': 7}]"
66835398-477c-470a-a9a5-7e6d22cf4ad7,regional_data,verified,True,[]
67434312-05ce-4e90-b8ca-5aec18ea2ed9,regional_data,verified,True,[]
67c6e313-e501-48ec-82be-944296aad8db,market_signal,verified,True,[]
68af10b5-66a2-4fc1-b62b-89bd7fbf12a6,research_finding,verified,True,[]
68af8b45-fbbf-4ba1-add8-2c1761d2d120,regulation,verified,True,[]
68e05861-c953-485d-b081-cb6777dcfd99,regulation,quarantined,False,"[{'reason': 'gate_a_unproven_or_stale', 'criterion': 7}]"
692732ac-388e-460b-8a38-d30bfb005a27,guidance,unverified,False,"[{'reason': 'no_section_content', 'criterion': 2}, {'reason': 'missing_full_brief', 'criterion': 6}]"
6961f625-f7cb-4433-9f95-82f959016c46,market_signal,verified,True,[]
69d5dacb-b0a0-4b27-9784-4967e5759c1f,regulation,verified,True,[]
6a857887-8f3d-4812-886d-a30a396baea5,regulation,quarantined,False,"[{'reason': 'missing_required_slot', 'slot_key': 'jurisdictional_scope', 'criterion': 5, 'item_type': 'regulation'}, {'reason': 'gate_a_unproven_or_stale', 'criterion': 7}]"
6af04bf0-bebd-4dd5-a900-72974c87fa69,research_finding,verified,True,[]
6b55b53d-f383-453a-a029-707b86b80013,initiative,quarantined,False,"[{'reason': 'gate_a_unproven_or_stale', 'criterion': 7}]"
6c170351-b8d6-49de-a964-261401c6c62c,framework,unverified,False,"[{'reason': 'no_section_content', 'criterion': 2}, {'reason': 'missing_full_brief', 'criterion': 6}]"
6c59d250-5658-406b-b313-ca38b7b4915f,market_signal,unverified,False,"[{'reason': 'source_not_active', 'status': 'suspended', 'criterion': 1, 'source_id': 'a2d25d50-0bb7-4b7c-8cda-e37d26803e8e'}, {'reason': 'no_section_content', 'criterion': 2}, {'reason': 'missing_full_brief', 'criterion': 6}]"
6cdc920f-6110-412a-b4f8-7b6c7fabdda5,directive,verified,True,[]
6d2ebbdb-262e-442a-bc20-1f58806b6605,framework,quarantined,False,"[{'claim': ""[effective_date] The Singapore Green Plan 2030 is not a single binding legal instrument. It is Singapore's overarching national sustainability roadmap, coordinated across multiple ministries, that drives specific downstream regulations, taxes, and operational requirements. It was announced on 10 February 2021 and is structured around five pillars: City in Nature, Sustainable Living, Energy Reset, Green Economy, and Resilient Future."", 'reason': 'fact_span_not_in_source', 'criterion': 3, 'source_span': 'The Green Plan comprises 5 pillars that will influence all aspects of our lives: 1. City in Nature 2. Energy Reset 3. Sustainable Living 4. Green Economy 5. Resilient Future'}, {'claim': 'The Singapore Green Plan 2030 is not a single binding legal instrument.', 'reason': 'fact_span_not_in_source', 'criterion': 3, 'source_span': 'The Green Plan is a multi-agency effort spearheaded by five ministries: - Ministry of Education - Ministry of National Development - Ministry of Sustainability and the Environment - Ministry of Trade and Industry - Ministry of Transport'}, {'claim': 'ICAP Allowance Price Explorer is published by International Carbon Action Partnership, Tier 1.', 'reason': 'fact_below_authority_floor', 'priority': 'HIGH', 'criterion': 3, 'floor_max': 2, 'item_type': 'framework', 'floor_basis': 'priority', 'floor_scope': 'default', 'source_tier_derived': 3}, {'claim': 'World Bank Carbon Pricing Dashboard is published by World Bank, Tier 3.', 'reason': 'fact_below_authority_floor', 'priority': 'HIGH', 'criterion': 3, 'floor_max': 2, 'item_type': 'framework', 'floor_basis': 'priority', 'floor_scope': 'default', 'source_tier_derived': 3}, {'reason': 'unlabeled_assertion', 'criterion': 4, 'section_row_id': 'bcf06dd3-2838-4985-89c0-a58fe9beec3b'}, {'reason': 'gate_a_unproven_or_stale', 'criterion': 7}]"
6d562d34-e6c4-4901-8579-4482b5af647d,market_signal,quarantined,False,"[{'reason': 'gate_a_unproven_or_stale', 'criterion': 7}]"
6f1e6615-2394-440b-bd4c-88b7bf711c72,regulation,quarantined,False,"[{'reason': 'gate_a_unproven_or_stale', 'criterion': 7}]"
6f39b6b9-8f6f-4d92-abc4-ba1f763a572c,regional_data,quarantined,False,"[{'reason': 'gate_a_unproven_or_stale', 'criterion': 7}]"
708e0b02-6663-42ee-b138-74c80898291e,initiative,quarantined,False,"[{'reason': 'gate_a_unproven_or_stale', 'criterion': 7}]"
70c108a2-9833-4b5d-bfd1-c94652bbd1c7,initiative,verified,True,[]
7115c978-8384-4dd0-b9a8-c3d24c43a868,market_signal,quarantined,False,"[{'reason': 'gate_a_unproven_or_stale', 'criterion': 7}]"
7126e83b-4c96-4daa-8391-f49f970ce193,market_signal,verified,True,[]
7169c9ac-8a1d-43af-ad97-224c7456464a,technology,verified,True,[]
71b03469-c11c-4218-8b44-c1fec3ffda25,regional_data,quarantined,False,"[{'reason': 'gate_a_unproven_or_stale', 'criterion': 7}]"
7227b685-4ff9-47e1-868d-6d84d19c5f6f,regional_data,verified,True,[]
7556317d-4f0e-409d-a871-d7cc9a958af7,research_finding,quarantined,False,"[{'reason': 'gate_a_unproven_or_stale', 'criterion': 7}]"
770596e6-aeb2-46f9-ad29-a83e16f06fad,regulation,verified,True,[]
77b2b073-25c4-4d4a-b69d-d51574f2529d,guidance,verified,True,[]
7820e673-c984-44e6-95e0-d3884d7128c4,guidance,quarantined,False,"[{'reason': 'gate_a_unproven_or_stale', 'criterion': 7}]"
782878c0-757f-4a73-998f-48f52bbfa585,regulation,quarantined,False,"[{'reason': 'gate_a_unproven_or_stale', 'criterion': 7}]"
78b711f5-5109-458e-8ed7-375f67e22664,framework,quarantined,False,"[{'reason': 'gate_a_unproven_or_stale', 'criterion': 7}]"
79541d36-7971-4310-bc52-676ce734ca8b,research_finding,quarantined,False,"[{'reason': 'missing_source_id', 'criterion': 1}, {'reason': 'no_section_content', 'criterion': 2}]"
79e73a30-8e06-4702-98d9-80ec2a3514ad,initiative,quarantined,False,"[{'reason': 'gate_a_unproven_or_stale', 'criterion': 7}]"
79f69a00-9afc-43b1-9a44-2e3a47e9efce,regulation,unverified,False,"[{'reason': 'missing_source_id', 'criterion': 1}, {'reason': 'no_section_content', 'criterion': 2}, {'reason': 'missing_full_brief', 'criterion': 6}]"
7a0ead55-7a7b-403b-8ba3-33862cb296e2,regulation,quarantined,False,"[{'reason': 'gate_a_unproven_or_stale', 'criterion': 7}]"
7aa19423-f99d-4c2b-b634-f4f234b41068,market_signal,verified,True,[]
7aaecc81-b065-4f32-934b-d4c981269e8b,regulation,quarantined,False,"[{'reason': 'gate_a_unproven_or_stale', 'criterion': 7}]"
7ae06612-5467-40ca-a9b3-e6dc14601b44,initiative,verified,True,[]
7ae2adb0-352c-494d-acf1-45fc6540f735,initiative,quarantined,False,"[{'reason': 'unlabeled_assertion', 'criterion': 4, 'section_row_id': 'abbc7b8b-60b6-46dd-9d23-630b77370bdf'}, {'reason': 'missing_required_slot', 'slot_key': 'signal_event', 'criterion': 5, 'item_type': 'initiative'}, {'reason': 'missing_required_slot', 'slot_key': 'driving_parties', 'criterion': 5, 'item_type': 'initiative'}, {'reason': 'missing_required_slot', 'slot_key': 'conversion_trigger', 'criterion': 5, 'item_type': 'initiative'}, {'reason': 'missing_required_slot', 'slot_key': 'action_now', 'criterion': 5, 'item_type': 'initiative'}, {'reason': 'gate_a_unproven_or_stale', 'criterion': 7}]"
7ae77ef8-211a-4f20-ad88-341c8dcdae65,initiative,verified,True,[]
7d2f8d88-46b6-4998-a10e-75093500f46c,standard,quarantined,False,"[{'reason': 'unlabeled_assertion', 'criterion': 4, 'section_row_id': '849bf907-3071-4478-b21a-3c163ddd9a73'}, {'reason': 'missing_required_slot', 'slot_key': 'primary_deadline', 'criterion': 5, 'item_type': 'standard'}, {'reason': 'gate_a_unproven_or_stale', 'criterion': 7}]"
7e43c296-063c-4b21-813a-460379bd2dbe,regional_data,quarantined,False,"[{'reason': 'gate_a_unproven_or_stale', 'criterion': 7}]"
7e4f2b36-81a0-4769-85ae-e70e475076cd,research_finding,quarantined,False,"[{'reason': 'gate_a_unproven_or_stale', 'criterion': 7}]"
7f687602-297c-4c49-91cb-7aee0455f24e,guidance,unverified,False,"[{'reason': 'no_section_content', 'criterion': 2}, {'reason': 'missing_full_brief', 'criterion': 6}]"
7fd6fbf1-9428-4e24-aaf1-21ecf29b861b,market_signal,quarantined,False,"[{'reason': 'gate_a_unproven_or_stale', 'criterion': 7}]"
8107ba33-30e8-4e73-bee2-dd967f995114,tool,unverified,False,"[{'reason': 'no_section_content', 'criterion': 2}, {'reason': 'missing_full_brief', 'criterion': 6}]"
82f09535-ef34-4674-a16c-e7d9753b41bf,regulation,quarantined,False,"[{'claim': ""The NMA circular confirms: 'Responsibility for compliance rests with the shipping company.'"", 'reason': 'fact_below_authority_floor', 'priority': 'CRITICAL', 'criterion': 3, 'floor_max': 2, 'item_type': 'regulation', 'floor_basis': 'priority', 'floor_scope': 'default', 'source_tier_derived': 4}, {'claim': ""The NMA noted: 'The proposal, presented on 14 April by the NMA, will apply from 2026 to passenger vessels with capacity for over 12 people and under 10,000 GT.'"", 'reason': 'fact_below_authority_floor', 'priority': 'CRITICAL', 'criterion': 3, 'floor_max': 2, 'item_type': 'regulation', 'floor_basis': 'priority', 'floor_scope': 'default', 'source_tier_derived': None}, {'claim': ""Lloyd's Register confirms: 'If granted, the exemption may be valid for up to two years at a time but cannot be extended beyond 31 December 2029.'"", 'reason': 'fact_below_authority_floor', 'priority': 'CRITICAL', 'criterion': 3, 'floor_max': 2, 'item_type': 'regulation', 'floor_basis': 'priority', 'floor_scope': 'default', 'source_tier_derived': 4}, {'claim': 'In 2022, coastal ship operator Havila demonstrated a passenger ship operating solely on batteries in Geirangerfjord.', 'reason': 'fact_below_authority_floor', 'priority': 'CRITICAL', 'criterion': 3, 'floor_max': 2, 'item_type': 'regulation', 'floor_basis': 'priority', 'floor_scope': 'default', 'source_tier_derived': 7}, {'claim': 'The Storting resolution to introduce zero-emission requirement by 2026 was adopted on 17 May 2018.', 'reason': 'fact_below_authority_floor', 'priority': 'CRITICAL', 'criterion': 3, 'floor_max': 2, 'item_type': 'regulation', 'floor_basis': 'priority', 'floor_scope': 'default', 'source_tier_derived': 3}, {'reason': 'missing_required_slot', 'slot_key': 'effective_date', 'criterion': 5, 'item_type': 'regulation'}, {'reason': 'missing_required_slot', 'slot_key': 'primary_deadline', 'criterion': 5, 'item_type': 'regulation'}, {'reason': 'missing_required_slot', 'slot_key': 'penalty_summary', 'criterion': 5, 'item_type': 'regulation'}]"
831f9e63-42a9-4546-9bc6-281e04cea4f6,market_signal,verified,True,[]
83e87ace-7af9-4de0-af7e-1d6855d2a5a3,regulation,unverified,False,"[{'reason': 'missing_source_id', 'criterion': 1}, {'reason': 'no_section_content', 'criterion': 2}, {'reason': 'missing_full_brief', 'criterion': 6}]"
851a8e5a-a5e5-4ff9-a883-49cd98362721,guidance,unverified,False,"[{'reason': 'no_section_content', 'criterion': 2}, {'reason': 'missing_full_brief', 'criterion': 6}]"
85525e8f-04ce-4e4d-9a9e-8c948d322eb9,technology,verified,True,[]
856166be-0cf8-4c0e-8b2d-dbded771f0d5,framework,unverified,False,"[{'url': 'https://register.fca.org.uk', 'reason': 'ungrounded_url', 'criterion': 2}, {'reason': 'unlabeled_assertion', 'criterion': 4, 'section_row_id': '11cd30a6-2755-4487-9878-f489c8393fb5'}, {'reason': 'unlabeled_assertion', 'criterion': 4, 'section_row_id': 'c9bfa619-ad50-44e0-a2aa-3f5e1c58b588'}, {'reason': 'missing_required_slot', 'slot_key': 'effective_date', 'criterion': 5, 'item_type': 'framework'}, {'reason': 'missing_required_slot', 'slot_key': 'jurisdictional_scope', 'criterion': 5, 'item_type': 'framework'}, {'reason': 'missing_required_slot', 'slot_key': 'penalty_summary', 'criterion': 5, 'item_type': 'framework'}, {'reason': 'missing_required_slot', 'slot_key': 'primary_deadline', 'criterion': 5, 'item_type': 'framework'}, {'reason': 'gate_a_unproven_or_stale', 'criterion': 7}]"
859faf76-08a3-4587-a675-c181e19f227a,regulation,quarantined,False,"[{'reason': 'gate_a_unproven_or_stale', 'criterion': 7}]"
85a44451-3aec-4375-93ed-e1eaaacc2f89,market_signal,quarantined,False,"[{'reason': 'gate_a_unproven_or_stale', 'criterion': 7}]"
85a7a629-744d-4e59-9b9a-959cf76e5226,research_finding,verified,True,[]
87493612-1be4-4434-af30-e7f32b3bd48b,regulation,quarantined,False,"[{'claim': 'The EU transport emissions accounting regulation proposal COM(2023) 441 final is available on EUR-Lex', 'reason': 'fact_span_not_in_source', 'criterion': 3, 'source_span': 'Proposal for a REGULATION OF THE EUROPEAN PARLIAMENT AND OF THE COUNCIL on the accounting of greenhouse gas emissions of transport services COM/2023/441 final'}, {'reason': 'gate_a_unproven_or_stale', 'criterion': 7}]"
8767e010-dc79-41e2-9fb8-53d7a0bf7b8a,framework,unverified,False,"[{'url': 'https://unitingaviation.com/news/environment/we-delivered-a-strong-global-framework-for-aviations-clean-energy-transition', 'reason': 'ungrounded_url', 'criterion': 2}, {'url': 'https://icao.int/meetings/caaf3/documents/icao%20global%20framework%20on%20aviation%20cleaner%20energies_24nov2023.pdf', 'reason': 'ungrounded_url', 'criterion': 2}, {'url': 'https://atag.org/industry-topics/icao-caaf3', 'reason': 'ungrounded_url', 'criterion': 2}, {'url': 'https://greenairnews.com/?p=8325', 'reason': 'ungrounded_url', 'criterion': 2}, {'url': 'https://iata.org/en/iata-repository/pressroom/fact-sheets/fact-sheet-corsia', 'reason': 'ungrounded_url', 'criterion': 2}, {'url': 'https://icao.int/environmental-protection/gfaaf/pages/default.aspx', 'reason': 'ungrounded_url', 'criterion': 2}, {'url': 'https://airlines.iata.org/2026/04/14/ensuring-transparency-saf-environmental-benefits', 'reason': 'ungrounded_url', 'criterion': 2}, {'url': 'https://icao.int/environmental-protection/global-framework-saf-lcaf-cleaner-energies', 'reason': 'ungrounded_url', 'criterion': 2}, {'url': 'https://icao.int/sites/default/files/meetings/a42/documents/wp/wp_163_en.pdf', 'reason': 'ungrounded_url', 'criterion': 2}, {'url': 'https://climatecatalyst.org/learning-hub/sustainable-aviation-fuel-policy-in-the-eu', 'reason': 'ungrounded_url', 'criterion': 2}, {'url': 'https://iata.org/en/iata-repository/pressroom/fact-sheets/fact-sheet-corsia', 'reason': 'ungrounded_url', 'criterion': 2}, {'url': 'https://icao.int/sites/default/files/environmental-protection/corsia/documents/corsia%20eligible%20fuels/icao-document-06-default-life-cycle-emissions-november-2025.pdf', 'reason': 'ungrounded_url', 'criterion': 2}, {'url': 'https://wfw.com/articles/saf-flight-plans-untangling-corsia-ets-and-saf-mandates-for-flights-going-through-the-uk-and-eu-states', 'reason': 'ungrounded_url', 'criterion': 2}, {'url': 'https://icao.int/corsia/corsia-eligible-fuels', 'reason': 'ungrounded_url', 'criterion': 2}, {'url': 'https://icao.int/act-saf', 'reason': 'ungrounded_url', 'criterion': 2}, {'url': 'https://icao.int/sites/default/files/environmental-protection/documents/guidance-on-saf-policies-version-3.pdf', 'reason': 'ungrounded_url', 'criterion': 2}, {'url': 'https://airlines.iata.org/2026/04/14/ensuring-transparency-saf-environmental-benefits', 'reason': 'ungrounded_url', 'criterion': 2}, {'url': 'https://eurocontrol.int/article/we-are-making-steady-progress-achieving-net-zero-2050', 'reason': 'ungrounded_url', 'criterion': 2}, {'url': 'https://biofuelsalliance.com/pages/one-fuel-many-filters-navigating-global-differences-in-saf-sustainability-rules', 'reason': 'ungrounded_url', 'criterion': 2}, {'url': 'https://icao.int/saf', 'reason': 'ungrounded_url', 'criterion': 2}, {'url': 'https://icao.int/sites/default/files/environmental-protection/corsia/documents/corsia%20eligible%20fuels/icao-document-05-sustainability-criteria-june-2025.pdf', 'reason': 'ungrounded_url', 'criterion': 2}, {'url': 'https://icao.int/saf', 'reason': 'ungrounded_url', 'criterion': 2}, {'url': 'https://greenairnews.com/?p=8325', 'reason': 'ungrounded_url', 'criterion': 2}, {'url': 'https://airlines.iata.org/2026/04/14/ensuring-transparency-saf-environmental-benefits', 'reason': 'ungrounded_url', 'criterion': 2}, {'url': 'https://icao.int/saf', 'reason': 'ungrounded_url', 'criterion': 2}, {'url': 'https://climatecatalyst.org/learning-hub/sustainable-aviation-fuel-policy-in-the-eu', 'reason': 'ungrounded_url', 'criterion': 2}, {'url': 'https://iata.org/en/iata-repository/pressroom/fact-sheets/fact-sheet-corsia', 'reason': 'ungrounded_url', 'criterion': 2}, {'url': 'https://icao.int/corsia/corsia-eligible-fuels', 'reason': 'ungrounded_url', 'criterion': 2}, {'url': 'https://icao.int/sites/default/files/meetings/a42/documents/wp/wp_025_en.pdf', 'reason': 'ungrounded_url', 'criterion': 2}, {'reason': 'unlabeled_assertion', 'criterion': 4, 'section_row_id': '3386676b-5b66-4f84-99e0-ca6b3e9cac65'}, {'reason': 'unlabeled_assertion', 'criterion': 4, 'section_row_id': '6c44d7c2-3f3f-4c5b-8c14-b6f9c4ea50b7'}, {'reason': 'unlabeled_assertion', 'criterion': 4, 'section_row_id': '53a1a4e4-7ade-4778-a22e-ea0a1d58c05d'}, {'reason': 'unlabeled_assertion', 'criterion': 4, 'section_row_id': '4c79c341-1305-46e0-a370-eac20aab3d7e'}, {'reason': 'unlabeled_assertion', 'criterion': 4, 'section_row_id': 'fdf3507e-0365-49bd-905e-38ee49a6af97'}, {'reason': 'unlabeled_assertion', 'criterion': 4, 'section_row_id': 'dbb0f365-d226-465d-9fdd-fc5d69c2ecec'}, {'reason': 'missing_required_slot', 'slot_key': 'effective_date', 'criterion': 5, 'item_type': 'framework'}, {'reason': 'missing_required_slot', 'slot_key': 'jurisdictional_scope', 'criterion': 5, 'item_type': 'framework'}, {'reason': 'missing_required_slot', 'slot_key': 'penalty_summary', 'criterion': 5, 'item_type': 'framework'}, {'reason': 'missing_required_slot', 'slot_key': 'primary_deadline', 'criterion': 5, 'item_type': 'framework'}, {'reason': 'missing_full_brief', 'criterion': 6}]"
878294c8-ebc3-4cae-9644-4e931bc6549f,initiative,quarantined,False,"[{'reason': 'gate_a_unproven_or_stale', 'criterion': 7}]"
87ed781c-5916-417d-9bfd-feefa3c095bb,framework,quarantined,False,"[{'claim': 'MAFC Memorandum of Understanding signed by ten states including Wisconsin in October 2006.', 'reason': 'fact_below_authority_floor', 'priority': 'LOW', 'criterion': 3, 'floor_max': 2, 'item_type': 'framework', 'floor_basis': 'item_type_unconditional', 'floor_scope': 'default', 'source_tier_derived': 4}, {'claim': ""[jurisdictional_scope] The MAFC's ten-state region — Illinois, Indiana, Iowa, Kansas, Kentucky, Michigan, Minnesota, Missouri, Ohio, and Wisconsin — shares key interstate corridors, inland waterways, and the Great Lakes."", 'reason': 'fact_below_authority_floor', 'priority': 'LOW', 'criterion': 3, 'floor_max': 2, 'item_type': 'framework', 'floor_basis': 'item_type_unconditional', 'floor_scope': 'default', 'source_tier_derived': 4}, {'claim': ""Wisconsin is one of ten states in the Mid-America Freight Coalition that 'share key interstate corridors, inland waterways, and the Great Lakes. These ten states have signed a Memorandum of Understanding in October 2006, demonstrating their willingness to meet freight demand through regional cooperative efforts.'"", 'reason': 'fact_below_authority_floor', 'priority': 'LOW', 'criterion': 3, 'floor_max': 2, 'item_type': 'framework', 'floor_basis': 'item_type_unconditional', 'floor_scope': 'default', 'source_tier_derived': 4}, {'claim': ""Analytical inference: this federal guidance may update requirements that state freight plans — including Wisconsin's 2027 SFP — must satisfy, which could alter the plan's scope, required content, or intermodal coverage in ways relevant to workspace operations."", 'reason': 'analysis_missing_label_syntax', 'criterion': 4}]"
88927b29-7af5-467d-a0c0-f5ff3069b8a5,market_signal,verified,True,[]
88a2918c-c362-455d-94f5-754c35a5cba9,market_signal,quarantined,False,"[{'reason': 'gate_a_unproven_or_stale', 'criterion': 7}]"
88c3a053-e5c4-44f2-b1cb-ecb1a313090a,research_finding,quarantined,False,"[{'reason': 'gate_a_unproven_or_stale', 'criterion': 7}]"
89656109-694f-4dbb-95eb-586db75f9855,regulation,quarantined,False,"[{'claim': 'Starting in 2025, all benchmarking submissions must be certified by a Registered Design Professional (licensed architect or engineer).', 'reason': 'fact_below_authority_floor', 'priority': 'CRITICAL', 'criterion': 3, 'floor_max': 2, 'item_type': 'regulation', 'floor_basis': 'priority', 'floor_scope': 'default', 'source_tier_derived': None}, {'claim': '[penalty_summary] These penalties cannot be extinguished by late filing — fines remain payable regardless of when data is eventually submitted.', 'reason': 'fact_below_authority_floor', 'priority': 'CRITICAL', 'criterion': 3, 'floor_max': 2, 'item_type': 'regulation', 'floor_basis': 'priority', 'floor_scope': 'default', 'source_tier_derived': None}, {'claim': 'Starting with submissions due in 2025 (covering CY2024 data), all benchmarking reports must be certified by a Registered Design Professional (licensed architect or professional engineer).', 'reason': 'fact_below_authority_floor', 'priority': 'CRITICAL', 'criterion': 3, 'floor_max': 2, 'item_type': 'regulation', 'floor_basis': 'priority', 'floor_scope': 'default', 'source_tier_derived': None}, {'claim': 'Disputes on building coverage, square footage, or property data must be directed to the NYC Department of Finance at benchmarking@finance.nyc.gov.', 'reason': 'fact_below_authority_floor', 'priority': 'CRITICAL', 'criterion': 3, 'floor_max': 2, 'item_type': 'regulation', 'floor_basis': 'priority', 'floor_scope': 'default', 'source_tier_derived': None}, {'claim': 'Starting with 2025 filings (CY2024 data) and all subsequent annual submissions, benchmarking reports must be certified by a licensed architect or professional engineer.', 'reason': 'fact_below_authority_floor', 'priority': 'CRITICAL', 'criterion': 3, 'floor_max': 2, 'item_type': 'regulation', 'floor_basis': 'priority', 'floor_scope': 'default', 'source_tier_derived': None}, {'claim': 'August 29, 2025 — Further extension deadline (by application) for buildings filing both LL84 and LL97 for CY2024.', 'reason': 'fact_below_authority_floor', 'priority': 'CRITICAL', 'criterion': 3, 'floor_max': 2, 'item_type': 'regulation', 'floor_basis': 'priority', 'floor_scope': 'default', 'source_tier_derived': None}, {'reason': 'unlabeled_assertion', 'criterion': 4, 'section_row_id': 'c732aae7-f1a2-4c38-8340-dd5cb4b1cd69'}, {'reason': 'missing_full_brief', 'criterion': 6}]"
8a9af9ef-0fe5-40c8-b8f4-dd97a316a574,regional_data,verified,True,[]
8ac4846b-753c-4fe1-af68-0ccd4b647a41,initiative,quarantined,False,"[{'reason': 'gate_a_unproven_or_stale', 'criterion': 7}]"
8c0049b4-7f91-4fcd-90ff-99de2cbf8df5,market_signal,verified,True,[]
8c0e4e5f-69ee-4ac2-939d-34a95cdc0eae,tool,quarantined,False,"[{'reason': 'no_section_content', 'criterion': 2}, {'reason': 'missing_full_brief', 'criterion': 6}]"
8c186db2-ca7c-4b92-8960-3337a4d01b09,regulation,quarantined,False,"[{'reason': 'gate_a_unproven_or_stale', 'criterion': 7}]"
8c47cbb2-839d-4a88-8b92-7eb6e865ee5d,regulation,unverified,False,"[{'url': 'https://parliament.qld.gov.au/work-of-committees/committees/committee-details?cid=0&id=8574', 'reason': 'ungrounded_url', 'criterion': 2}, {'url': 'https://dpi.qld.gov.au/business-priorities/biosecurity/policy-legislation-regulation/biosecurity-act-2014', 'reason': 'ungrounded_url', 'criterion': 2}, {'url': 'https://thegcminute.com.au/p/queensland-seeks-feedback-on-biosecurity', 'reason': 'ungrounded_url', 'criterion': 2}, {'url': 'https://planning.qld.gov.au/planning-framework/legislation/regional-planning-interests-condamine-alluvium-and-other-legislation-amendment-bill-2026', 'reason': 'ungrounded_url', 'criterion': 2}, {'url': 'https://environment.qld.gov.au/management/policy-regulation/changes', 'reason': 'ungrounded_url', 'criterion': 2}, {'url': 'https://legislation.qld.gov.au/view/pdf/inforce/current/sl-2016-0075', 'reason': 'ungrounded_url', 'criterion': 2}, {'url': 'https://legislation.qld.gov.au/view/whole/html/inforce/2026-05-02/act-2025-008', 'reason': 'ungrounded_url', 'criterion': 2}, {'url': 'https://legislation.qld.gov.au/view/pdf/inforce/current/sl-2016-0075', 'reason': 'ungrounded_url', 'criterion': 2}, {'url': 'https://sparke.com.au/insights/regional-planning-interests-condamine-alluvium-and-other-legislation-amendment-bill-2026', 'reason': 'ungrounded_url', 'criterion': 2}, {'url': 'https://agforceqld.org.au/knowledgebase/article/agf-03008', 'reason': 'ungrounded_url', 'criterion': 2}, {'url': 'https://roselitigation.com.au/knowledge-centre/queenslands-new-trusts-act-what-trustees-beneficiaries-and-advisors-need-to-know', 'reason': 'ungrounded_url', 'criterion': 2}, {'url': 'https://environment.qld.gov.au/management/policy-regulation/changes', 'reason': 'ungrounded_url', 'criterion': 2}, {'url': 'https://legislation.qld.gov.au/view/whole/html/inforce/2026-05-02/act-2025-008', 'reason': 'ungrounded_url', 'criterion': 2}, {'url': 'https://dpi.engagementhub.com.au/biosecurity-regulation-review', 'reason': 'ungrounded_url', 'criterion': 2}, {'url': 'https://dpi.qld.gov.au/business-priorities/biosecurity/policy-legislation-regulation/biosecurity-act-2014', 'reason': 'ungrounded_url', 'criterion': 2}, {'url': 'https://dpi.engagementhub.com.au/biosecurity-prohibited-restricted-matter', 'reason': 'ungrounded_url', 'criterion': 2}, {'url': 'https://dpi.engagementhub.com.au/biosecurity-regulation-review', 'reason': 'ungrounded_url', 'criterion': 2}, {'url': 'https://roselitigation.com.au/knowledge-centre/queenslands-new-trusts-act-what-trustees-beneficiaries-and-advisors-need-to-know', 'reason': 'ungrounded_url', 'criterion': 2}, {'url': 'https://planning.qld.gov.au/planning-framework/legislation/regional-planning-interests-condamine-alluvium-and-other-legislation-amendment-bill-2026', 'reason': 'ungrounded_url', 'criterion': 2}, {'url': 'https://sparke.com.au/insights/regional-planning-interests-condamine-alluvium-and-other-legislation-amendment-bill-2026', 'reason': 'ungrounded_url', 'criterion': 2}, {'url': 'https://qlsproctor.com.au/2026/03/trusts-act-2025-commencement-nears', 'reason': 'ungrounded_url', 'criterion': 2}, {'url': 'https://qlsproctor.com.au/2026/03/trusts-act-2025-commencement-nears', 'reason': 'ungrounded_url', 'criterion': 2}, {'url': 'https://parliament.qld.gov.au/work-of-committees/committees/committee-details?cid=0&id=8574', 'reason': 'ungrounded_url', 'criterion': 2}, {'reason': 'unlabeled_assertion', 'criterion': 4, 'section_row_id': 'c5c67a7c-ef76-4499-8604-3a9f5d8e6633'}, {'reason': 'unlabeled_assertion', 'criterion': 4, 'section_row_id': '336d5d0a-b38e-4745-8999-fb5d55d8c2cd'}, {'reason': 'unlabeled_assertion', 'criterion': 4, 'section_row_id': '23ae42fb-6652-43c1-b4d8-acca5f82b6ec'}, {'reason': 'unlabeled_assertion', 'criterion': 4, 'section_row_id': 'a35335d6-67c9-426f-8103-bdc7e0ace608'}, {'reason': 'unlabeled_assertion', 'criterion': 4, 'section_row_id': 'fc43d80c-a1f7-454b-b430-a481cde47bf5'}, {'reason': 'missing_required_slot', 'slot_key': 'effective_date', 'criterion': 5, 'item_type': 'regulation'}, {'reason': 'missing_required_slot', 'slot_key': 'primary_deadline', 'criterion': 5, 'item_type': 'regulation'}, {'reason': 'missing_required_slot', 'slot_key': 'jurisdictional_scope', 'criterion': 5, 'item_type': 'regulation'}, {'reason': 'missing_required_slot', 'slot_key': 'penalty_summary', 'criterion': 5, 'item_type': 'regulation'}, {'reason': 'missing_full_brief', 'criterion': 6}]"
8cb6e73e-1c35-428f-8f5c-f1ee51a9e169,guidance,unverified,False,"[{'reason': 'no_section_content', 'criterion': 2}]"
8d18eda9-817f-496a-890e-42386c1ffb1d,regulation,unverified,False,"[{'reason': 'missing_source_id', 'criterion': 1}, {'reason': 'no_section_content', 'criterion': 2}, {'reason': 'missing_full_brief', 'criterion': 6}]"
8d256568-54c3-46e9-b1c0-ad7c17c35819,market_signal,quarantined,False,"[{'reason': 'no_section_content', 'criterion': 2}, {'reason': 'missing_full_brief', 'criterion': 6}]"
8de055dc-0930-48fd-b18a-b403f6e7313f,regulation,quarantined,False,"[{'claim': '[jurisdictional_scope] The PNRS is a federal Brazilian law that applies nationally, complemented by specific state and municipal regulations.', 'reason': 'fact_below_authority_floor', 'priority': 'CRITICAL', 'criterion': 3, 'floor_max': 2, 'item_type': 'regulation', 'floor_basis': 'priority', 'floor_scope': 'default', 'source_tier_derived': None}, {'claim': 'Ordinance GM/MMA No. 1,102/2024 establishes the criteria for qualifying managing entities and the method for submitting data from the technician in charge of reverse logistics systems for packaging in general.', 'reason': 'fact_below_authority_floor', 'priority': 'CRITICAL', 'criterion': 3, 'floor_max': 2, 'item_type': 'regulation', 'floor_basis': 'priority', 'floor_scope': 'default', 'source_tier_derived': 5}, {'claim': 'Ordinance GM/MMA No. 1,117/2024 regulates Federal Decree No. 11,413/2023 regarding the qualification criteria for auditors of results of reverse-logistics systems, and institutes the first public call for the registration of legal entities for this purpose.', 'reason': 'fact_below_authority_floor', 'priority': 'CRITICAL', 'criterion': 3, 'floor_max': 2, 'item_type': 'regulation', 'floor_basis': 'priority', 'floor_scope': 'default', 'source_tier_derived': 5}, {'claim': ""The registration and qualification of cooperatives and associations under SINIR is intended to 'support those responsible for reverse-logistics systems with information for contracting cooperatives and associations of collectors.'"", 'reason': 'fact_below_authority_floor', 'priority': 'CRITICAL', 'criterion': 3, 'floor_max': 2, 'item_type': 'regulation', 'floor_basis': 'priority', 'floor_scope': 'default', 'source_tier_derived': 5}, {'claim': 'Ordinance 1,102/2024 also establishes the criteria for standardizing the operation of systems and parameters to be observed by the managing entities in the performance of their activities, regulating articles of Federal Decree No. 11,413/2023.', 'reason': 'fact_below_authority_floor', 'priority': 'CRITICAL', 'criterion': 3, 'floor_max': 2, 'item_type': 'regulation', 'floor_basis': 'priority', 'floor_scope': 'default', 'source_tier_derived': 5}, {'claim': ""The qualification criteria for auditors require: '(i) a legal entity with legal personality; (ii) not a manufacturer, importer, distributor, trader linked to the reverse-logistics system, among others; and (iii) not engaged in activities that entail the provision of services to, or the maintenance of, a business that has an interest in its decision.'"", 'reason': 'fact_below_authority_floor', 'priority': 'CRITICAL', 'criterion': 3, 'floor_max': 2, 'item_type': 'regulation', 'floor_basis': 'priority', 'floor_scope': 'default', 'source_tier_derived': 5}, {'claim': ""Federal Decree No. 12,106/2024 'provides tax benefits for the recycling production chain.'"", 'reason': 'fact_below_authority_floor', 'priority': 'CRITICAL', 'criterion': 3, 'floor_max': 2, 'item_type': 'regulation', 'floor_basis': 'priority', 'floor_scope': 'default', 'source_tier_derived': 5}, {'claim': ""'Reverse Logistics Credits are certificates that confirm that reverse logistics services were provided to ensure that a certain amount of waste was responsibly disposed of. These credits are issued and sold by cooperatives of Catadores and purchased by producers and/or importers who need to comply with the solid waste legislation.'"", 'reason': 'fact_below_authority_floor', 'priority': 'CRITICAL', 'criterion': 3, 'floor_max': 2, 'item_type': 'regulation', 'floor_basis': 'priority', 'floor_scope': 'default', 'source_tier_derived': None}, {'claim': ""Ordinance GM/MMA No. 1,018/2024 'establishes the procedures for the registration and qualification of cooperatives and associations of collectors of recyclable and reusable materials with Sinir.'"", 'reason': 'fact_below_authority_floor', 'priority': 'CRITICAL', 'criterion': 3, 'floor_max': 2, 'item_type': 'regulation', 'floor_basis': 'priority', 'floor_scope': 'default', 'source_tier_derived': 5}, {'claim': ""'Since this approach was developed and adopted by BVRio, there has been a vibrant market for NFs, that act as proto-credits for solid waste recycling. Market participants using solely NFs, however, lack additional safeguards and verifications, making the system potentially open for abuse.'"", 'reason': 'fact_below_authority_floor', 'priority': 'CRITICAL', 'criterion': 3, 'floor_max': 2, 'item_type': 'regulation', 'floor_basis': 'priority', 'floor_scope': 'default', 'source_tier_derived': None}, {'claim': ""Federal Decree No. 11,413/2023 'instituted the Certificates of Reverse Logistics Recycling Credit, Structuring and Recycling of Packaging in General, and Future Mass Credit.'"", 'reason': 'fact_below_authority_floor', 'priority': 'CRITICAL', 'criterion': 3, 'floor_max': 2, 'item_type': 'regulation', 'floor_basis': 'priority', 'floor_scope': 'default', 'source_tier_derived': 5}, {'claim': 'Ordinance GM/MMA No. 1,018/2024 establishes the procedures for the registration and qualification of cooperatives and associations of collectors of recyclable and reusable materials with Sinir, interfacing with Federal Decree No. 12,106/2024, which provides tax benefits for the recycling production chain.', 'reason': 'fact_below_authority_floor', 'priority': 'CRITICAL', 'criterion': 3, 'floor_max': 2, 'item_type': 'regulation', 'floor_basis': 'priority', 'floor_scope': 'default', 'source_tier_derived': 5}, {'claim': ""The regulation establishes a 'collective model reverse logistics system for packaging in general' in which a managing entity operates on behalf of multiple obligated parties."", 'reason': 'fact_below_authority_floor', 'priority': 'CRITICAL', 'criterion': 3, 'floor_max': 2, 'item_type': 'regulation', 'floor_basis': 'priority', 'floor_scope': 'default', 'source_tier_derived': 5}, {'claim': ""To qualify as a managing entity, an entity must: '(i) be a legal entity with its own legal personality; (ii) be a designated entity by a valid instrument serving as a managing entity in a collective model reverse logistics system for packaging in general; and (iii) have national operations in reverse logistics for packaging in general.'"", 'reason': 'fact_below_authority_floor', 'priority': 'CRITICAL', 'criterion': 3, 'floor_max': 2, 'item_type': 'regulation', 'floor_basis': 'priority', 'floor_scope': 'default', 'source_tier_derived': 5}, {'claim': ""The registration and qualification of cooperatives and associations of collectors is intended to: '(i) assist in defining criteria for payment for environmental services; (ii) support states and municipalities in managing solid waste; and (iii) support those responsible for reverse-logistics systems with information for contracting cooperatives and associations of collectors.'"", 'reason': 'fact_below_authority_floor', 'priority': 'CRITICAL', 'criterion': 3, 'floor_max': 2, 'item_type': 'regulation', 'floor_basis': 'priority', 'floor_scope': 'default', 'source_tier_derived': 5}, {'claim': ""The Recircula Brasil Platform was launched 'as part of the national movement to encourage recycling, regulated by Federal Decree No. 12,082/2024, which established the National Circular Economy Strategy.'"", 'reason': 'fact_below_authority_floor', 'priority': 'CRITICAL', 'criterion': 3, 'floor_max': 2, 'item_type': 'regulation', 'floor_basis': 'priority', 'floor_scope': 'default', 'source_tier_derived': 5}, {'claim': 'Managing entities in the collective model must meet three criteria: legal personality, designation as managing entity by a valid instrument in a collective model system, and national operations in reverse logistics for packaging in general.', 'reason': 'fact_below_authority_floor', 'priority': 'CRITICAL', 'criterion': 3, 'floor_max': 2, 'item_type': 'regulation', 'floor_basis': 'priority', 'floor_scope': 'default', 'source_tier_derived': 5}, {'claim': ""To qualify as a managing entity, managing entities must: '(i) be a legal entity with its own legal personality; (ii) be a designated entity by a valid instrument serving as a managing entity in a collective model reverse logistics system for packaging in general; and (iii) have national operations in reverse logistics for packaging in general.'"", 'reason': 'fact_below_authority_floor', 'priority': 'CRITICAL', 'criterion': 3, 'floor_max': 2, 'item_type': 'regulation', 'floor_basis': 'priority', 'floor_scope': 'default', 'source_tier_derived': 5}, {'claim': ""Ordinance 1,102/2024 establishes 'the method for submitting data from the technician in charge of reverse logistics systems for packaging in general.'"", 'reason': 'fact_below_authority_floor', 'priority': 'CRITICAL', 'criterion': 3, 'floor_max': 2, 'item_type': 'regulation', 'floor_basis': 'priority', 'floor_scope': 'default', 'source_tier_derived': 5}, {'claim': ""Verifier qualification bars entities that are 'manufacturer, importer, distributor, trader linked to the reverse-logistics system, among others' and those 'engaged in activities that entail the provision of services to, or the maintenance of, a business that has an interest in its decision.'"", 'reason': 'fact_below_authority_floor', 'priority': 'CRITICAL', 'criterion': 3, 'floor_max': 2, 'item_type': 'regulation', 'floor_basis': 'priority', 'floor_scope': 'default', 'source_tier_derived': 5}, {'claim': ""The PNRS 'established the basis for the remuneration for the environmental services of reverse logistics' for catadores."", 'reason': 'fact_below_authority_floor', 'priority': 'CRITICAL', 'criterion': 3, 'floor_max': 2, 'item_type': 'regulation', 'floor_basis': 'priority', 'floor_scope': 'default', 'source_tier_derived': None}, {'claim': ""The PNRS 'provides flexibility as to how companies can demonstrate compliance, and different approaches have been proposed and adopted by industry, including the use of reverse logistics credits.'"", 'reason': 'fact_below_authority_floor', 'priority': 'CRITICAL', 'criterion': 3, 'floor_max': 2, 'item_type': 'regulation', 'floor_basis': 'priority', 'floor_scope': 'default', 'source_tier_derived': None}, {'claim': ""The Recircula Brasil Platform was 'launched by the Brazilian Agency for Industrial Development (ABDI) and the Brazilian Plastics Association (Abiplast) to enable the tracking and certification of plastic recycling in the country.' The platform 'will use electronic invoices to monitor the cycle of recycled plastics, from their origin to the final product.'"", 'reason': 'fact_below_authority_floor', 'priority': 'CRITICAL', 'criterion': 3, 'floor_max': 2, 'item_type': 'regulation', 'floor_basis': 'priority', 'floor_scope': 'default', 'source_tier_derived': 5}, {'claim': 'SINIR registration procedures under Ordinance 1,018/2024 are in force from its publication in 2024.', 'reason': 'fact_below_authority_floor', 'priority': 'CRITICAL', 'criterion': 3, 'floor_max': 2, 'item_type': 'regulation', 'floor_basis': 'priority', 'floor_scope': 'default', 'source_tier_derived': 5}, {'claim': ""The Recircula Brasil Platform 'enable[s] the tracking and certification of plastic recycling in the country' and 'will use electronic invoices to monitor the cycle of recycled plastics, from their origin to the final product.' It is 'part of the national movement to encourage recycling, regulated by Federal Decree No. 12,082/2024.'"", 'reason': 'fact_below_authority_floor', 'priority': 'CRITICAL', 'criterion': 3, 'floor_max': 2, 'item_type': 'regulation', 'floor_basis': 'priority', 'floor_scope': 'default', 'source_tier_derived': 5}, {'claim': 'Annual qualification windows: March 1–31 for management entities; April 1–30 for result verifiers.', 'reason': 'analysis_missing_label_syntax', 'criterion': 4}, {'claim': ""The operative target is '17% of the total weight of household electronic products sold in the domestic market.'"", 'reason': 'analysis_missing_label_syntax', 'criterion': 4}, {'claim': 'Source 3: New MMA Ordinances reinforce rules and expand the scope of reverse logistics in Brazil, Tier 5 — Law firm briefing, Trench Rossi Watanabe, January 6, 2026.', 'reason': 'analysis_missing_label_syntax', 'criterion': 4}, {'claim': '[effective_date] The most recent implementing ordinances — GM/MMA Nos. 1,560 and 1,561 — came into force after their publication on January 5, 2026.', 'reason': 'analysis_missing_label_syntax', 'criterion': 4}, {'claim': '[primary_deadline] For packaging management entities, the annual qualification window opens from March 1 to 31; for result verifiers, from April 1 to 30.', 'reason': 'analysis_missing_label_syntax', 'criterion': 4}, {'claim': ""For household electronic products, the operative collection target is '17% of the total weight of household electronic products sold in the domestic market' — this target applies under Phase 2 and is maintained for 2026 'until new regulations are issued.'"", 'reason': 'analysis_missing_label_syntax', 'criterion': 4}, {'claim': ""Key quantitative target from Annex II of Decree No. 10,240: 'the target for environmentally appropriate collection and disposal stands out, set at 17% of the total weight of household electronic products sold in the domestic market.'"", 'reason': 'analysis_missing_label_syntax', 'criterion': 4}, {'claim': ""Ordinance GM/MMA No. 1,561/2026 amends Ordinance No. 1,102/2024 and includes 'the inclusion of new materials in the scope of reverse logistics for packaging, covering paper and cardboard (including long-life carton packaging), metals (aluminum, steel, other metals or metal alloys), and glass.'"", 'reason': 'analysis_missing_label_syntax', 'criterion': 4}, {'claim': ""Ordinance No. 1,561/2026 added to the scope of packaging reverse logistics: 'paper and cardboard (including long-life carton packaging), metals (aluminum, steel, other metals or metal alloys), and glass.'"", 'reason': 'analysis_missing_label_syntax', 'criterion': 4}, {'claim': ""The annual qualification periods are now formally defined: 'from March 1 to 31 for management entities and from April 1 to 30 for result verifiers.'"", 'reason': 'analysis_missing_label_syntax', 'criterion': 4}, {'claim': 'Ordinance GM/MMA No. 1,560/2026 establishes guidelines for reverse logistics systems for electronic products and their components for domestic use, as provided for in Decree No. 10,240/2020.', 'reason': 'analysis_missing_label_syntax', 'criterion': 4}, {'claim': ""The January 2026 expansion added 'paper and cardboard (including long-life carton packaging), metals (aluminum, steel, other metals or metal alloys), and glass' to packaging reverse logistics scope."", 'reason': 'analysis_missing_label_syntax', 'criterion': 4}, {'claim': '[effective_date] Ordinances GM/MMA Nos. 1,560 and 1,561 published and entered into force on January 5, 2026.', 'reason': 'analysis_missing_label_syntax', 'criterion': 4}, {'reason': 'unlabeled_assertion', 'criterion': 4, 'section_row_id': '1a747d82-8ea1-4494-8871-69bd5db4fbda'}, {'reason': 'missing_required_slot', 'slot_key': 'effective_date', 'criterion': 5, 'item_type': 'regulation'}, {'reason': 'missing_required_slot', 'slot_key': 'primary_deadline', 'criterion': 5, 'item_type': 'regulation'}, {'reason': 'gate_a_unproven_or_stale', 'criterion': 7}]"
8dff0e0e-b3a2-40c8-93d7-5b84d008031f,framework,unverified,False,"[{'reason': 'no_section_content', 'criterion': 2}, {'reason': 'missing_full_brief', 'criterion': 6}]"
8e1ce829-3a35-4105-a75b-33ca2e3e1e57,research_finding,quarantined,False,"[{'reason': 'unlabeled_assertion', 'criterion': 4, 'section_row_id': '0a46d8f3-3a66-45bd-a971-78231e5d1c52'}, {'reason': 'unlabeled_assertion', 'criterion': 4, 'section_row_id': '6d9a6bfc-08f0-4a7e-9ec9-314f71de1616'}, {'reason': 'missing_required_slot', 'slot_key': 'finding', 'criterion': 5, 'item_type': 'research_finding'}, {'reason': 'missing_required_slot', 'slot_key': 'methodology_limits', 'criterion': 5, 'item_type': 'research_finding'}, {'reason': 'missing_required_slot', 'slot_key': 'decision_relevance', 'criterion': 5, 'item_type': 'research_finding'}, {'reason': 'missing_required_slot', 'slot_key': 'does_not_resolve', 'criterion': 5, 'item_type': 'research_finding'}, {'reason': 'gate_a_unproven_or_stale', 'criterion': 7}]"
8ef75b0c-9216-4fd4-864e-753810bd3e74,regulation,unverified,False,"[{'reason': 'missing_source_id', 'criterion': 1}, {'reason': 'no_section_content', 'criterion': 2}, {'reason': 'missing_full_brief', 'criterion': 6}]"
8fb37a9e-6c7c-4252-9cd6-7ffaf6de45bc,directive,quarantined,False,"[{'reason': 'gate_a_unproven_or_stale', 'criterion': 7}]"
9090a7c2-34bf-41b7-b998-35524def1c5e,regulation,quarantined,False,"[{'claim': 'The findings of this will feed into the statutory Post-Implementation Review that will be published in due course.', 'reason': 'fact_below_authority_floor', 'priority': 'LOW', 'criterion': 3, 'floor_max': 2, 'item_type': 'regulation', 'floor_basis': 'item_type_unconditional', 'floor_scope': 'default', 'source_tier_derived': None}, {'claim': 'The Call for Evidence closed in December 2023 and a summary of responses was published in May 2024.', 'reason': 'fact_below_authority_floor', 'priority': 'LOW', 'criterion': 3, 'floor_max': 2, 'item_type': 'regulation', 'floor_basis': 'item_type_unconditional', 'floor_scope': 'default', 'source_tier_derived': None}, {'claim': 'Low energy user companies must still include a statement in their report confirming that they are a low energy user.', 'reason': 'fact_below_authority_floor', 'priority': 'LOW', 'criterion': 3, 'floor_max': 2, 'item_type': 'regulation', 'floor_basis': 'item_type_unconditional', 'floor_scope': 'default', 'source_tier_derived': 4}, {'claim': 'Public bodies do not fall under the new SECR regulations, but charities, not-for-profit companies or others undertaking public activities may still need to check whether they meet the qualifying criteria.', 'reason': 'fact_below_authority_floor', 'priority': 'LOW', 'criterion': 3, 'floor_max': 2, 'item_type': 'regulation', 'floor_basis': 'item_type_unconditional', 'floor_scope': 'default', 'source_tier_derived': 4}, {'claim': 'The methodology used must be disclosed and although no methodology is prescribed, it must be robust, transparent and widely accepted.', 'reason': 'fact_below_authority_floor', 'priority': 'LOW', 'criterion': 3, 'floor_max': 2, 'item_type': 'regulation', 'floor_basis': 'item_type_unconditional', 'floor_scope': 'default', 'source_tier_derived': 4}, {'claim': 'Quoted and unquoted companies and LLPs all need to report energy use, GHG emissions and at least one emissions intensity metric for the current and previous financial years.', 'reason': 'fact_below_authority_floor', 'priority': 'LOW', 'criterion': 3, 'floor_max': 2, 'item_type': 'regulation', 'floor_basis': 'item_type_unconditional', 'floor_scope': 'default', 'source_tier_derived': 4}, {'claim': 'The use of forward-looking science-based targets on emissions, and adopting the reporting recommendations of the Task Force on Climate-related Financial Disclosures (TCFD) is also encouraged beyond the SECR minimum.', 'reason': 'fact_below_authority_floor', 'priority': 'LOW', 'criterion': 3, 'floor_max': 2, 'item_type': 'regulation', 'floor_basis': 'item_type_unconditional', 'floor_scope': 'default', 'source_tier_derived': 4}, {'claim': 'The new SECR regulations will require an estimated 11,900 companies incorporated in the UK to disclose their energy and carbon emissions.', 'reason': 'fact_below_authority_floor', 'priority': 'LOW', 'criterion': 3, 'floor_max': 2, 'item_type': 'regulation', 'floor_basis': 'item_type_unconditional', 'floor_scope': 'default', 'source_tier_derived': 4}, {'claim': '[primary_deadline] The government missed its own April 2024 deadline for the post-implementation review.', 'reason': 'fact_below_authority_floor', 'priority': 'LOW', 'criterion': 3, 'floor_max': 2, 'item_type': 'regulation', 'floor_basis': 'item_type_unconditional', 'floor_scope': 'default', 'source_tier_derived': None}, {'claim': 'The methodology used must be disclosed, and no single methodology is prescribed, but it must be robust, transparent and widely accepted.', 'reason': 'fact_below_authority_floor', 'priority': 'LOW', 'criterion': 3, 'floor_max': 2, 'item_type': 'regulation', 'floor_basis': 'item_type_unconditional', 'floor_scope': 'default', 'source_tier_derived': 4}, {'claim': 'For group reports, the low energy user threshold applies to the energy consumption of the parent group and its subsidiaries.', 'reason': 'fact_below_authority_floor', 'priority': 'LOW', 'criterion': 3, 'floor_max': 2, 'item_type': 'regulation', 'floor_basis': 'item_type_unconditional', 'floor_scope': 'default', 'source_tier_derived': 4}, {'claim': 'SECR builds on – but does not replace – existing requirements that companies may face, such as mandatory greenhouse gas (GHG) reporting for quoted companies, the Energy Saving Opportunity Scheme (ESOS), Climate Change Agreements (CCA) Scheme, and the EU Emissions Trading Scheme (ETS).', 'reason': 'fact_below_authority_floor', 'priority': 'LOW', 'criterion': 3, 'floor_max': 2, 'item_type': 'regulation', 'floor_basis': 'item_type_unconditional', 'floor_scope': 'default', 'source_tier_derived': 4}, {'claim': 'A statutory de minimis exemption exists for quoted or large unquoted companies and LLPs that can confirm their energy use is 40 MWh or less over the reporting period.', 'reason': 'fact_below_authority_floor', 'priority': 'LOW', 'criterion': 3, 'floor_max': 2, 'item_type': 'regulation', 'floor_basis': 'item_type_unconditional', 'floor_scope': 'default', 'source_tier_derived': 4}, {'claim': 'Quoted companies of any size are obliged to report under SECR regardless of the size thresholds.', 'reason': 'fact_below_authority_floor', 'priority': 'LOW', 'criterion': 3, 'floor_max': 2, 'item_type': 'regulation', 'floor_basis': 'item_type_unconditional', 'floor_scope': 'default', 'source_tier_derived': 4}, {'claim': 'There is the option to exclude energy and carbon information from the group report which relates to a subsidiary that would not be obliged to report in its own right under SECR.', 'reason': 'fact_below_authority_floor', 'priority': 'LOW', 'criterion': 3, 'floor_max': 2, 'item_type': 'regulation', 'floor_basis': 'item_type_unconditional', 'floor_scope': 'default', 'source_tier_derived': 4}, {'claim': 'Businesses in scope need to comply for financial years starting on or after 1 April 2019.', 'reason': 'fact_below_authority_floor', 'priority': 'LOW', 'criterion': 3, 'floor_max': 2, 'item_type': 'regulation', 'floor_basis': 'item_type_unconditional', 'floor_scope': 'default', 'source_tier_derived': 4}, {'claim': 'The Call for Evidence on Scope 3 GHG emissions reporting and SECR was launched on 19 October 2023 by DESNZ.', 'reason': 'analysis_missing_label_syntax', 'criterion': 4}, {'reason': 'missing_required_slot', 'slot_key': 'effective_date', 'criterion': 5, 'item_type': 'regulation'}, {'reason': 'gate_a_unproven_or_stale', 'criterion': 7}]"
9118aab6-bafe-43d8-9944-baf8dc698aab,initiative,verified,True,[]
91534b5a-d112-41d7-898b-71846600e5b4,regulation,quarantined,False,"[{'reason': 'gate_a_unproven_or_stale', 'criterion': 7}]"
924731b1-c92c-4f5d-a2e5-79d27d3f2dcd,regional_data,verified,True,[]
93366a82-dd93-4f72-9397-3db9e52b12f9,market_signal,quarantined,False,"[{'reason': 'gate_a_unproven_or_stale', 'criterion': 7}]"
93c344a1-f947-4e48-bb84-85d3f7223037,regulation,quarantined,False,"[{'claim': '[primary_deadline] SEEMP Part III revision deadline 31 December 2025.', 'reason': 'fact_below_authority_floor', 'priority': 'CRITICAL', 'criterion': 3, 'floor_max': 2, 'item_type': 'regulation', 'floor_basis': 'priority', 'floor_scope': 'default', 'source_tier_derived': 4}, {'claim': 'The Energy Efficiency Existing Ship Index (EEXI) is a technical measure that assesses the energy efficiency of existing ships over 400 gross tonnage (GT). It requires vessels to meet a specific energy efficiency baseline, calculated based on their design.', 'reason': 'fact_below_authority_floor', 'priority': 'CRITICAL', 'criterion': 3, 'floor_max': 2, 'item_type': 'regulation', 'floor_basis': 'priority', 'floor_scope': 'default', 'source_tier_derived': None}, {'claim': 'Compliance is verified through a one-time certification process, and ships must have an approved EEXI technical file and a compliant EEXI value to receive an International Energy Efficiency Certificate (IEEC).', 'reason': 'fact_below_authority_floor', 'priority': 'CRITICAL', 'criterion': 3, 'floor_max': 2, 'item_type': 'regulation', 'floor_basis': 'priority', 'floor_scope': 'default', 'source_tier_derived': None}, {'claim': 'The Carbon Intensity Indicator (CII) measures the operational carbon intensity of ships over 5,000 GT. It quantifies annual CO₂ emissions per tonne-mile, rating vessels from A (best) to E (worst). Ships must achieve at least a C rating; those rated D for three consecutive years or E in any year must submit a corrective action plan.', 'reason': 'fact_below_authority_floor', 'priority': 'CRITICAL', 'criterion': 3, 'floor_max': 2, 'item_type': 'regulation', 'floor_basis': 'priority', 'floor_scope': 'default', 'source_tier_derived': None}, {'claim': 'A 2% reduction factor will be applied every year from 5% in 2023 reaching 11% by 2026, with further reduction figures for 2027 to 2030 under development.', 'reason': 'fact_below_authority_floor', 'priority': 'CRITICAL', 'criterion': 3, 'floor_max': 2, 'item_type': 'regulation', 'floor_basis': 'priority', 'floor_scope': 'default', 'source_tier_derived': None}, {'claim': 'New reduction factors from MEPC.400(83): 2027: 13.625%; 2028: 16.250%; 2029: 18.875%; 2030: 21.500%.', 'reason': 'fact_below_authority_floor', 'priority': 'CRITICAL', 'criterion': 3, 'floor_max': 2, 'item_type': 'regulation', 'floor_basis': 'priority', 'floor_scope': 'default', 'source_tier_derived': 4}, {'claim': '[primary_deadline] All ships must update their SEEMP Part III by December 31, 2025, to comply with new IMO CII reduction targets.', 'reason': 'fact_below_authority_floor', 'priority': 'CRITICAL', 'criterion': 3, 'floor_max': 2, 'item_type': 'regulation', 'floor_basis': 'priority', 'floor_scope': 'default', 'source_tier_derived': 4}, {'claim': 'The attained annual operational CII and the environmental rating (A to E) will be noted on the DCS Statement of Compliance (SoC), which will be required to be kept on board for five years.', 'reason': 'fact_below_authority_floor', 'priority': 'CRITICAL', 'criterion': 3, 'floor_max': 2, 'item_type': 'regulation', 'floor_basis': 'priority', 'floor_scope': 'default', 'source_tier_derived': 4}, {'claim': 'Compliance is verified through a one-time certification process, and ships must have an approved EEXI technical file and a compliant EEXI value to receive an International Energy Efficiency Certificate (IEEC).', 'reason': 'fact_below_authority_floor', 'priority': 'CRITICAL', 'criterion': 3, 'floor_max': 2, 'item_type': 'regulation', 'floor_basis': 'priority', 'floor_scope': 'default', 'source_tier_derived': None}, {'claim': 'EEXI requirements are stable, with no major changes expected. Compliance remains a one-time technical assessment, though ongoing monitoring is advised.', 'reason': 'fact_below_authority_floor', 'priority': 'CRITICAL', 'criterion': 3, 'floor_max': 2, 'item_type': 'regulation', 'floor_basis': 'priority', 'floor_scope': 'default', 'source_tier_derived': None}, {'claim': 'Deadline for DCS and CII submission remains unchanged - no later than 31 March each year.', 'reason': 'fact_below_authority_floor', 'priority': 'CRITICAL', 'criterion': 3, 'floor_max': 2, 'item_type': 'regulation', 'floor_basis': 'priority', 'floor_scope': 'default', 'source_tier_derived': 4}, {'claim': ""The ships subject to the CII rating are required to develop a SEEMP (Part III) to include 'CII calculation methodology', 'Required CII values over the next 3 years', 'implementation plan for achieving the required CII' and 'procedures for self-evaluation and improvement', which should be confirmed by the Administration or an RO."", 'reason': 'fact_below_authority_floor', 'priority': 'CRITICAL', 'criterion': 3, 'floor_max': 2, 'item_type': 'regulation', 'floor_basis': 'priority', 'floor_scope': 'default', 'source_tier_derived': 4}, {'claim': 'The attained annual operational CII and the environmental rating (A to E) will be noted on the DCS Statement of Compliance (SoC), which will be required to be kept on board for five years.', 'reason': 'fact_below_authority_floor', 'priority': 'CRITICAL', 'criterion': 3, 'floor_max': 2, 'item_type': 'regulation', 'floor_basis': 'priority', 'floor_scope': 'default', 'source_tier_derived': 4}, {'claim': 'The IMO has set new, more stringent Carbon Intensity Indicator (CII) reduction factors, reaching 21.5% by 2030, requiring updated operational plans.', 'reason': 'fact_below_authority_floor', 'priority': 'CRITICAL', 'criterion': 3, 'floor_max': 2, 'item_type': 'regulation', 'floor_basis': 'priority', 'floor_scope': 'default', 'source_tier_derived': 4}, {'claim': '[penalty_summary] Penalties for non-compliance could be introduced as part of these measures.', 'reason': 'fact_below_authority_floor', 'priority': 'CRITICAL', 'criterion': 3, 'floor_max': 2, 'item_type': 'regulation', 'floor_basis': 'priority', 'floor_scope': 'default', 'source_tier_derived': None}, {'claim': 'Aggregation of the collected data, calculation of the CII and the CII rating, and reporting to the Administration or an RO — Within three months after the end of each calendar year.', 'reason': 'fact_below_authority_floor', 'priority': 'CRITICAL', 'criterion': 3, 'floor_max': 2, 'item_type': 'regulation', 'floor_basis': 'priority', 'floor_scope': 'default', 'source_tier_derived': 4}, {'claim': '[penalty_summary] In the case of a rating result of E in any year or a rating of D for 3 consecutive years, it is necessary to fill out a corrective action plan in the SEEMP III and submit it to the Administration or an RO — Within four months after the end of each calendar year.', 'reason': 'fact_below_authority_floor', 'priority': 'CRITICAL', 'criterion': 3, 'floor_max': 2, 'item_type': 'regulation', 'floor_basis': 'priority', 'floor_scope': 'default', 'source_tier_derived': 4}, {'claim': 'Verification of the reporting data including the CII rating result, verification of the revised SEEMP Part III including a corrective action plan, and issuance of Statement of Compliance by the Administration or an RO — Not later than five months after the end of each calendar year.', 'reason': 'fact_below_authority_floor', 'priority': 'CRITICAL', 'criterion': 3, 'floor_max': 2, 'item_type': 'regulation', 'floor_basis': 'priority', 'floor_scope': 'default', 'source_tier_derived': 4}, {'claim': '[jurisdictional_scope] CII applies to ships above 5,000 GT.', 'reason': 'fact_below_authority_floor', 'priority': 'CRITICAL', 'criterion': 3, 'floor_max': 2, 'item_type': 'regulation', 'floor_basis': 'priority', 'floor_scope': 'default', 'source_tier_derived': 6}, {'claim': 'SEEMP Part I is not applied to ships not propelled by mechanical means, and platforms including FPSOs, FSUs and drilling rigs, regardless of their propulsion.', 'reason': 'fact_below_authority_floor', 'priority': 'CRITICAL', 'criterion': 3, 'floor_max': 2, 'item_type': 'regulation', 'floor_basis': 'priority', 'floor_scope': 'default', 'source_tier_derived': 4}, {'claim': 'In addition, to cater for special design and operational circumstances, the correction factors and voyage adjustments can be applied to the basic CII calculations for the purposes of determining the rating.', 'reason': 'fact_below_authority_floor', 'priority': 'CRITICAL', 'criterion': 3, 'floor_max': 2, 'item_type': 'regulation', 'floor_basis': 'priority', 'floor_scope': 'default', 'source_tier_derived': 4}, {'claim': '2027: 13.625% CII reduction factor relative to 2019 reference line takes effect (MEPC.400(83)).', 'reason': 'fact_below_authority_floor', 'priority': 'CRITICAL', 'criterion': 3, 'floor_max': 2, 'item_type': 'regulation', 'floor_basis': 'priority', 'floor_scope': 'default', 'source_tier_derived': 4}, {'claim': ""Source 6: Lloyd's Register Class News 13/2025, Tier 4 — Classification society, 18 July 2025."", 'reason': 'fact_below_authority_floor', 'priority': 'CRITICAL', 'criterion': 3, 'floor_max': 2, 'item_type': 'regulation', 'floor_basis': 'priority', 'floor_scope': 'default', 'source_tier_derived': 4}, {'claim': '[jurisdictional_scope] The Energy Efficiency Existing Ship Index (EEXI) is a technical measure that assesses the energy efficiency of existing ships over 400 gross tonnage (GT). It requires vessels to meet a specific energy efficiency baseline, calculated based on their design.', 'reason': 'fact_below_authority_floor', 'priority': 'CRITICAL', 'criterion': 3, 'floor_max': 2, 'item_type': 'regulation', 'floor_basis': 'priority', 'floor_scope': 'default', 'source_tier_derived': None}, {'claim': '[jurisdictional_scope] The Carbon Intensity Indicator (CII) measures the operational carbon intensity of ships over 5,000 GT. It quantifies annual CO₂ emissions per tonne-mile, rating vessels from A (best) to E (worst). Ships must achieve at least a C rating; those rated D for three consecutive years or E in any year must submit a corrective action plan.', 'reason': 'fact_below_authority_floor', 'priority': 'CRITICAL', 'criterion': 3, 'floor_max': 2, 'item_type': 'regulation', 'floor_basis': 'priority', 'floor_scope': 'default', 'source_tier_derived': None}, {'claim': '[primary_deadline] Deadline for DCS and CII submission remains unchanged - no later than 31 March each year.', 'reason': 'fact_below_authority_floor', 'priority': 'CRITICAL', 'criterion': 3, 'floor_max': 2, 'item_type': 'regulation', 'floor_basis': 'priority', 'floor_scope': 'default', 'source_tier_derived': 4}, {'claim': 'Reduction factor table from MEPC.400(83): 2027: 13.625%; 2028: 16.250%; 2029: 18.875%; 2030: 21.500%.', 'reason': 'fact_below_authority_floor', 'priority': 'CRITICAL', 'criterion': 3, 'floor_max': 2, 'item_type': 'regulation', 'floor_basis': 'priority', 'floor_scope': 'default', 'source_tier_derived': 4}, {'claim': '[primary_deadline] Aggregation of the collected data, calculation of the CII and the CII rating, and reporting to the Administration or an RO — Within three months after the end of each calendar year.', 'reason': 'fact_below_authority_floor', 'priority': 'CRITICAL', 'criterion': 3, 'floor_max': 2, 'item_type': 'regulation', 'floor_basis': 'priority', 'floor_scope': 'default', 'source_tier_derived': 4}, {'claim': '[jurisdictional_scope] SEEMP Part I is not applied to ships not propelled by mechanical means, and platforms including FPSOs, FSUs and drilling rigs, regardless of their propulsion.', 'reason': 'fact_below_authority_floor', 'priority': 'CRITICAL', 'criterion': 3, 'floor_max': 2, 'item_type': 'regulation', 'floor_basis': 'priority', 'floor_scope': 'default', 'source_tier_derived': 4}, {'claim': '[primary_deadline] 31 December 2025: SEEMP Part III revision deadline — all ships must update to reflect 2026–2028 reduction factors.', 'reason': 'fact_below_authority_floor', 'priority': 'CRITICAL', 'criterion': 3, 'floor_max': 2, 'item_type': 'regulation', 'floor_basis': 'priority', 'floor_scope': 'default', 'source_tier_derived': 4}, {'claim': '[jurisdictional_scope] The CII applies to ships above 5,000 GT of the following ships types: bulk carriers, gas carriers, tankers, container ships, general cargo ships, refrigerated cargo carriers, combination carriers, LNG carriers, vehicle carriers, Ro-Ro cargo vessels, Ro-Ro passenger vessels and cruise passenger ships.', 'reason': 'fact_below_authority_floor', 'priority': 'CRITICAL', 'criterion': 3, 'floor_max': 2, 'item_type': 'regulation', 'floor_basis': 'priority', 'floor_scope': 'default', 'source_tier_derived': 6}, {'claim': '[jurisdictional_scope] CII applies to ships above 5,000 GT.', 'reason': 'fact_below_authority_floor', 'priority': 'CRITICAL', 'criterion': 3, 'floor_max': 2, 'item_type': 'regulation', 'floor_basis': 'priority', 'floor_scope': 'default', 'source_tier_derived': 6}, {'claim': 'Penalties for non-compliance could be introduced as part of these measures.', 'reason': 'analysis_missing_label_syntax', 'criterion': 4}, {'reason': 'gate_a_unproven_or_stale', 'criterion': 7}]"
947e08f3-0136-423d-8f62-03bb071bad49,research_finding,quarantined,False,"[{'reason': 'gate_a_unproven_or_stale', 'criterion': 7}]"
9546c01a-dec6-46cc-88d7-56c7f30a7764,initiative,verified,True,[]
956bad5c-80b0-411b-8fd5-726cc0d4a333,regulation,verified,True,[]
96169446-5510-4d47-ad13-39bc08385852,market_signal,quarantined,False,"[{'reason': 'gate_a_unproven_or_stale', 'criterion': 7}]"
9622fa5d-4e23-44ff-a926-150d41650043,directive,verified,True,[]
96d8a3c1-0479-4dcf-822e-e5f17ee757c1,regulation,quarantined,False,"[{'claim': ""When targets are fully met, fleet average fuel economy is estimated to be: 'For trucks, 7.63 km/L, a 13.4% improvement over the 2015 baseline at 6.72 km/L. For buses, 6.52 km/L, a 14.3% improvement over the 2015 baseline at 5.71 km/L.'"", 'reason': 'fact_below_authority_floor', 'priority': 'LOW', 'criterion': 3, 'floor_max': 2, 'item_type': 'regulation', 'floor_basis': 'item_type_unconditional', 'floor_scope': 'default', 'source_tier_derived': 4}, {'claim': ""Phase 2 test cycle modifications include a '3% correction factor for the urban driving mode to capture the effects of transient engine operation.'"", 'reason': 'fact_below_authority_floor', 'priority': 'LOW', 'criterion': 3, 'floor_max': 2, 'item_type': 'regulation', 'floor_basis': 'item_type_unconditional', 'floor_scope': 'default', 'source_tier_derived': 4}, {'claim': ""[jurisdictional_scope] The regulation is also 'applicable to non-type-approved diesel vehicles that are equipped with CO or other emission control devices.'"", 'reason': 'fact_below_authority_floor', 'priority': 'LOW', 'criterion': 3, 'floor_max': 2, 'item_type': 'regulation', 'floor_basis': 'item_type_unconditional', 'floor_scope': 'default', 'source_tier_derived': 7}, {'claim': 'Phase 2 regulations require on average a 13.4% efficiency improvement for trucks and a 14.3% improvement for buses compared to the Phase 1 regulations set for MY 2015.', 'reason': 'fact_below_authority_floor', 'priority': 'LOW', 'criterion': 3, 'floor_max': 2, 'item_type': 'regulation', 'floor_basis': 'item_type_unconditional', 'floor_scope': 'default', 'source_tier_derived': 4}, {'claim': ""Phase 2 test cycle modifications include additional steady-state engine fuel map test points increased 'from the prior 31 points (6 RPM x 5 torque points plus one idle) to 51 points (10 RPM x 5 torque points plus one idle point).'"", 'reason': 'fact_below_authority_floor', 'priority': 'LOW', 'criterion': 3, 'floor_max': 2, 'item_type': 'regulation', 'floor_basis': 'item_type_unconditional', 'floor_scope': 'default', 'source_tier_derived': 4}, {'claim': ""[jurisdictional_scope] 'Fuel economy from heavy vehicles fueled by gasoline, LPG or other alternative fuels is not regulated' under the HDV standard."", 'reason': 'fact_below_authority_floor', 'priority': 'LOW', 'criterion': 3, 'floor_max': 2, 'item_type': 'regulation', 'floor_basis': 'item_type_unconditional', 'floor_scope': 'default', 'source_tier_derived': 7}, {'claim': 'Phase 2 trucks/tractors measurement basis: JH25 mode fuel efficiency value (JE05 + interurban transient test with updated weighting, load factors, and simulation refinements).', 'reason': 'fact_below_authority_floor', 'priority': 'LOW', 'criterion': 3, 'floor_max': 2, 'item_type': 'regulation', 'floor_basis': 'item_type_unconditional', 'floor_scope': 'default', 'source_tier_derived': 4}, {'claim': 'Phase 1 trucks/tractors measurement basis: heavy vehicle mode fuel efficiency value (JE05 + interurban transient test, computer simulation procedure).', 'reason': 'fact_below_authority_floor', 'priority': 'LOW', 'criterion': 3, 'floor_max': 2, 'item_type': 'regulation', 'floor_basis': 'item_type_unconditional', 'floor_scope': 'default', 'source_tier_derived': 7}, {'claim': '[penalty_summary] While the fuel economy targets are mandatory, the penalties for missing the targets are minimal.', 'reason': 'fact_below_authority_floor', 'priority': 'LOW', 'criterion': 3, 'floor_max': 2, 'item_type': 'regulation', 'floor_basis': 'item_type_unconditional', 'floor_scope': 'default', 'source_tier_derived': 7}, {'claim': '[penalty_summary] The enforcement mechanism is further strengthened by financial incentives (progressive taxes on vehicle weight and engine displacement) and a sticker system identifying compliant vehicles.', 'reason': 'fact_below_authority_floor', 'priority': 'LOW', 'criterion': 3, 'floor_max': 2, 'item_type': 'regulation', 'floor_basis': 'item_type_unconditional', 'floor_scope': 'default', 'source_tier_derived': 7}, {'claim': ""[jurisdictional_scope] 'Fuel economy from heavy vehicles fueled by gasoline, LPG or other alternative fuels is not regulated' under the HDV Top Runner standard."", 'reason': 'fact_below_authority_floor', 'priority': 'LOW', 'criterion': 3, 'floor_max': 2, 'item_type': 'regulation', 'floor_basis': 'item_type_unconditional', 'floor_scope': 'default', 'source_tier_derived': 7}, {'claim': ""'Hybrids, electric vehicles, alternative fuel, and other advanced technology vehicles are excluded from the Top Runner system.' However, Phase 2 introduced a credit framework for heavy-duty EVs and hydrogen vehicles."", 'reason': 'fact_below_authority_floor', 'priority': 'LOW', 'criterion': 3, 'floor_max': 2, 'item_type': 'regulation', 'floor_basis': 'item_type_unconditional', 'floor_scope': 'default', 'source_tier_derived': 4}, {'claim': '[penalty_summary] The enabling legislation historically imposed minimal financial penalties, with regulatory pressure operating primarily through public disclosure and the Top Runner reputational mechanism.', 'reason': 'fact_below_authority_floor', 'priority': 'LOW', 'criterion': 3, 'floor_max': 2, 'item_type': 'regulation', 'floor_basis': 'item_type_unconditional', 'floor_scope': 'default', 'source_tier_derived': 7}, {'claim': 'Steady-state engine fuel map test points increased from 31 (6 RPM × 5 torque + 1 idle) to 51 (10 RPM × 5 torque + 1 idle).', 'reason': 'fact_below_authority_floor', 'priority': 'LOW', 'criterion': 3, 'floor_max': 2, 'item_type': 'regulation', 'floor_basis': 'item_type_unconditional', 'floor_scope': 'default', 'source_tier_derived': 4}, {'claim': 'The Top Runner system historically excluded hybrid, electric, and alternative-fuel vehicles from mandatory targets.', 'reason': 'fact_below_authority_floor', 'priority': 'LOW', 'criterion': 3, 'floor_max': 2, 'item_type': 'regulation', 'floor_basis': 'item_type_unconditional', 'floor_scope': 'default', 'source_tier_derived': 4}, {'claim': '[effective_date] Phase 2 standards became fully enforceable in model year (MY) 2025.', 'reason': 'fact_below_authority_floor', 'priority': 'LOW', 'criterion': 3, 'floor_max': 2, 'item_type': 'regulation', 'floor_basis': 'item_type_unconditional', 'floor_scope': 'default', 'source_tier_derived': 4}, {'claim': 'For trucks, the fleet average fuel economy target is 7.63 km/L, a 13.4% improvement over the 2015 baseline at 6.72 km/L.', 'reason': 'fact_below_authority_floor', 'priority': 'LOW', 'criterion': 3, 'floor_max': 2, 'item_type': 'regulation', 'floor_basis': 'item_type_unconditional', 'floor_scope': 'default', 'source_tier_derived': 4}, {'claim': 'A 3% correction factor introduced for urban driving mode to capture transient engine operation effects.', 'reason': 'fact_below_authority_floor', 'priority': 'LOW', 'criterion': 3, 'floor_max': 2, 'item_type': 'regulation', 'floor_basis': 'item_type_unconditional', 'floor_scope': 'default', 'source_tier_derived': 4}, {'claim': ""Japan's 2030 passenger vehicle standards require an average fleet gasoline-equivalent fuel economy of 25.4 km/L by 2030, a 32.4% improvement over the 2016 fleet average."", 'reason': 'fact_below_authority_floor', 'priority': 'LOW', 'criterion': 3, 'floor_max': 2, 'item_type': 'regulation', 'floor_basis': 'item_type_unconditional', 'floor_scope': 'default', 'source_tier_derived': 7}, {'claim': '[primary_deadline] FY 2025 (April 2025 onward) is the headline enforcement date for Phase 2 targets.', 'reason': 'fact_below_authority_floor', 'priority': 'LOW', 'criterion': 3, 'floor_max': 2, 'item_type': 'regulation', 'floor_basis': 'item_type_unconditional', 'floor_scope': 'default', 'source_tier_derived': 4}, {'claim': 'For buses, the fleet average fuel economy target is 6.52 km/L, a 14.3% improvement over the 2015 baseline at 5.71 km/L.', 'reason': 'fact_below_authority_floor', 'priority': 'LOW', 'criterion': 3, 'floor_max': 2, 'item_type': 'regulation', 'floor_basis': 'item_type_unconditional', 'floor_scope': 'default', 'source_tier_derived': 4}, {'claim': 'Tractor interurban percentage weight is 45% and load factor is 50%.', 'reason': 'fact_below_authority_floor', 'priority': 'LOW', 'criterion': 3, 'floor_max': 2, 'item_type': 'regulation', 'floor_basis': 'item_type_unconditional', 'floor_scope': 'default', 'source_tier_derived': 4}, {'claim': 'The Phase 2 standard does not apply to gasoline or LPG HDVs.', 'reason': 'fact_below_authority_floor', 'priority': 'LOW', 'criterion': 3, 'floor_max': 2, 'item_type': 'regulation', 'floor_basis': 'item_type_unconditional', 'floor_scope': 'default', 'source_tier_derived': 7}, {'claim': '[jurisdictional_scope] Gasoline, LPG, and alternative-fuel HDVs are not regulated under this standard.', 'reason': 'fact_below_authority_floor', 'priority': 'LOW', 'criterion': 3, 'floor_max': 2, 'item_type': 'regulation', 'floor_basis': 'item_type_unconditional', 'floor_scope': 'default', 'source_tier_derived': 7}, {'claim': 'Phase 2 mandates a fleet-average fuel economy improvement of approximately 13.4% for trucks and 14.3% for buses over Phase 1 baselines.', 'reason': 'fact_below_authority_floor', 'priority': 'LOW', 'criterion': 3, 'floor_max': 2, 'item_type': 'regulation', 'floor_basis': 'item_type_unconditional', 'floor_scope': 'default', 'source_tier_derived': 4}, {'claim': 'Non-tractor trucks GVW 3.5–7.5 t: interurban weight 15%, load factor 45%.', 'reason': 'fact_below_authority_floor', 'priority': 'LOW', 'criterion': 3, 'floor_max': 2, 'item_type': 'regulation', 'floor_basis': 'item_type_unconditional', 'floor_scope': 'default', 'source_tier_derived': 4}, {'claim': 'The Phase 2 regulatory document states that MLIT would develop a measurement method for heavy-duty electric vehicles and would explore efficiency standards incorporating these and other types of advanced technology trucks and buses.', 'reason': 'fact_below_authority_floor', 'priority': 'LOW', 'criterion': 3, 'floor_max': 2, 'item_type': 'regulation', 'floor_basis': 'item_type_unconditional', 'floor_scope': 'default', 'source_tier_derived': 4}, {'claim': 'Non-diesel HDVs (gasoline, LPG, hydrogen-only, electric-only) are not subject to the diesel-based fuel economy targets.', 'reason': 'fact_below_authority_floor', 'priority': 'LOW', 'criterion': 3, 'floor_max': 2, 'item_type': 'regulation', 'floor_basis': 'item_type_unconditional', 'floor_scope': 'default', 'source_tier_derived': 7}, {'claim': '[effective_date] Phase 2 HDV standards became fully enforceable from FY 2025 (April 2025).', 'reason': 'fact_below_authority_floor', 'priority': 'LOW', 'criterion': 3, 'floor_max': 2, 'item_type': 'regulation', 'floor_basis': 'item_type_unconditional', 'floor_scope': 'default', 'source_tier_derived': 4}, {'claim': 'Japan was the first jurisdiction in the world to set fuel efficiency performance regulations for commercial trucks and buses, which were responsible for approximately one-quarter of all CO2 emissions from motor vehicles in 2002.', 'reason': 'fact_below_authority_floor', 'priority': 'LOW', 'criterion': 3, 'floor_max': 2, 'item_type': 'regulation', 'floor_basis': 'item_type_unconditional', 'floor_scope': 'default', 'source_tier_derived': 4}, {'reason': 'gate_a_unproven_or_stale', 'criterion': 7}]"
97d22488-5ee8-4795-8df6-6c47eb01a869,research_finding,quarantined,False,"[{'reason': 'gate_a_unproven_or_stale', 'criterion': 7}]"
99de93a3-da2c-4e8c-85e2-f37cd3fa1860,market_signal,verified,True,[]
9baa3126-52d5-42f8-8748-192d390f8d4c,initiative,verified,True,[]
9d18608f-269e-405a-9ad8-afa638dda928,initiative,verified,True,[]
9e113196-9223-4dae-8292-f68ab2a080e6,research_finding,quarantined,False,"[{'reason': 'gate_a_unproven_or_stale', 'criterion': 7}]"
9e594959-7de8-41e8-a25c-5b1976f77b34,standard,quarantined,False,"[{'claim': ""[jurisdictional_scope] LEED for Building Design and Construction (BD+C): New Construction and Major Renovation is the most appropriate rating type for buildings that are new construction or major renovation. At least 60% of the project's gross floor area must be complete by the time of certification and must include the entire building's gross floor area in the project."", 'reason': 'fact_below_authority_floor', 'priority': 'LOW', 'criterion': 3, 'floor_max': 2, 'item_type': 'standard', 'floor_basis': 'item_type_unconditional', 'floor_scope': 'default', 'source_tier_derived': 4}, {'claim': 'As of March 2026, there are almost 8,353 LEED‐certified and registered warehouse and distribution center projects representing over 2.94 billion square feet (273 million square meters) of built space.', 'reason': 'fact_below_authority_floor', 'priority': 'LOW', 'criterion': 3, 'floor_max': 2, 'item_type': 'standard', 'floor_basis': 'item_type_unconditional', 'floor_scope': 'default', 'source_tier_derived': 4}, {'claim': ""LEED for Operations and Maintenance (O+M): Existing Buildings can be applied to existing buildings that are fully operational and occupied for at least one year and must include the entire building's gross floor area."", 'reason': 'fact_below_authority_floor', 'priority': 'LOW', 'criterion': 3, 'floor_max': 2, 'item_type': 'standard', 'floor_basis': 'item_type_unconditional', 'floor_scope': 'default', 'source_tier_derived': 4}, {'claim': '[effective_date] LEED v5 is the most current version of the rating system and is available for all commercial projects pursuing certification under New Construction, Core and Shell, Commercial Interiors, and Existing Buildings.', 'reason': 'fact_below_authority_floor', 'priority': 'LOW', 'criterion': 3, 'floor_max': 2, 'item_type': 'standard', 'floor_basis': 'item_type_unconditional', 'floor_scope': 'default', 'source_tier_derived': 4}, {'claim': 'Many new build projects are speculative and do not have tenants contracted to occupy space. When tenant spaces are not under contract, the project may only be able to account for design and construction activities under the control of the owner and will not have details related to future tenant build-outs.', 'reason': 'fact_below_authority_floor', 'priority': 'LOW', 'criterion': 3, 'floor_max': 2, 'item_type': 'standard', 'floor_basis': 'item_type_unconditional', 'floor_scope': 'default', 'source_tier_derived': 4}, {'claim': 'LEED v5 BD+C, ID+C, and O+M rating systems allow for all space types to certify utilizing the new Arc experience, which offers fluidity and flexibility for users. All performance, certification, and reporting will be delivered in one place.', 'reason': 'fact_below_authority_floor', 'priority': 'LOW', 'criterion': 3, 'floor_max': 2, 'item_type': 'standard', 'floor_basis': 'item_type_unconditional', 'floor_scope': 'default', 'source_tier_derived': 4}, {'claim': 'Warehouse and distribution center projects commonly operate with multiple buildings spread across a single site under the control of a single entity. To address this, the LEED Campus Guidance developed.', 'reason': 'fact_below_authority_floor', 'priority': 'LOW', 'criterion': 3, 'floor_max': 2, 'item_type': 'standard', 'floor_basis': 'item_type_unconditional', 'floor_scope': 'default', 'source_tier_derived': 4}, {'claim': 'Some warehouse and distribution center O+M projects can face challenges with process loads (energy, water, and waste) that can impact performance scores to the point that the prerequisites may not be met.', 'reason': 'fact_below_authority_floor', 'priority': 'LOW', 'criterion': 3, 'floor_max': 2, 'item_type': 'standard', 'floor_basis': 'item_type_unconditional', 'floor_scope': 'default', 'source_tier_derived': 4}, {'claim': 'For organizations planning to certify several new construction projects, LEED volume certification can simplify LEED documentation and speed up the review process for those portfolios where uniformity and standardization of the LEED requirements are built into the project delivery process.', 'reason': 'fact_below_authority_floor', 'priority': 'LOW', 'criterion': 3, 'floor_max': 2, 'item_type': 'standard', 'floor_basis': 'item_type_unconditional', 'floor_scope': 'default', 'source_tier_derived': 4}, {'claim': ""LEED for O+M can be applied to existing buildings that are fully operational and occupied for at least one year and must include the entire building's gross floor area."", 'reason': 'fact_below_authority_floor', 'priority': 'LOW', 'criterion': 3, 'floor_max': 2, 'item_type': 'standard', 'floor_basis': 'item_type_unconditional', 'floor_scope': 'default', 'source_tier_derived': 4}, {'claim': 'The LEED v4.1 O+M rating system uses legacy Arc, a state-of-the-art platform designed to collect, manage and benchmark your building across five performance categories: energy, water, waste, transportation, and human experience. The performance pathway enables recertification every 3 years.', 'reason': 'fact_below_authority_floor', 'priority': 'LOW', 'criterion': 3, 'floor_max': 2, 'item_type': 'standard', 'floor_basis': 'item_type_unconditional', 'floor_scope': 'default', 'source_tier_derived': 4}, {'claim': 'Where LEED O+M process loads cause prerequisite non-compliance, the source directs applicants to contact USGBC. This is not a formal exemption but a case-by-case pathway.', 'reason': 'fact_below_authority_floor', 'priority': 'LOW', 'criterion': 3, 'floor_max': 2, 'item_type': 'standard', 'floor_basis': 'item_type_unconditional', 'floor_scope': 'default', 'source_tier_derived': 4}, {'claim': 'BREEAM New Construction V7 registrations are now open. BREEAM V7 addresses carbon reduction and biodiversity net gain legislation.', 'reason': 'fact_below_authority_floor', 'priority': 'LOW', 'criterion': 3, 'floor_max': 2, 'item_type': 'standard', 'floor_basis': 'item_type_unconditional', 'floor_scope': 'default', 'source_tier_derived': 4}, {'claim': ""BREEAM is described as the world-leading sustainability assessment method for the built environment and infrastructure, with its standards functioning as the world's leading science-based frameworks for assessing, validating and certifying sustainability in the built environment."", 'reason': 'fact_below_authority_floor', 'priority': 'LOW', 'criterion': 3, 'floor_max': 2, 'item_type': 'standard', 'floor_basis': 'item_type_unconditional', 'floor_scope': 'default', 'source_tier_derived': 4}, {'claim': 'BREEAM In-Use specifically enables sustainable performance benchmarking and operational asset improvement strategies.', 'reason': 'fact_below_authority_floor', 'priority': 'LOW', 'criterion': 3, 'floor_max': 2, 'item_type': 'standard', 'floor_basis': 'item_type_unconditional', 'floor_scope': 'default', 'source_tier_derived': 4}, {'claim': 'BREEAM supports ESG solutions in: Net zero carbon; Whole life performance; Health and social impact; Circularity and resilience; Biodiversity; Disclosures and reporting.', 'reason': 'fact_below_authority_floor', 'priority': 'LOW', 'criterion': 3, 'floor_max': 2, 'item_type': 'standard', 'floor_basis': 'item_type_unconditional', 'floor_scope': 'default', 'source_tier_derived': 4}, {'reason': 'gate_a_unproven_or_stale', 'criterion': 7}]"
9e70b75b-48be-405e-9c1f-41f7c3b5538b,framework,verified,True,[]
9fe7578b-b019-4b92-ad0b-57a93e0c51a9,market_signal,pending_human_verify,False,"[{'reason': 'no_section_content', 'criterion': 2}, {'reason': 'missing_full_brief', 'criterion': 6}]"
9ffa15d6-ed9b-45e3-a3b5-162b750569fc,regulation,quarantined,False,"[{'claim': ""The UAE's National Hydrogen Strategy outlines plans to establish the country as a major producer and exporter of hydrogen while maintaining the focus on achieving Net Zero by 2050."", 'reason': 'fact_below_authority_floor', 'priority': 'LOW', 'criterion': 3, 'floor_max': 2, 'item_type': 'regulation', 'floor_basis': 'item_type_unconditional', 'floor_scope': 'default', 'source_tier_derived': 6}, {'claim': 'The strategy forecasts demand to reach 2.1 megatons (MT) by 2031, of which roughly 50% would be from aluminum, iron and steel, and 30% from aviation and shipping. From 2031 to 2050, demand is expected to increase nearly five-fold to 10.1 MT. However, the increase would come with a significant change in the contribution of key sectors: roughly 50% would be from aviation and shipping, whereas only 30% from aluminum, iron and steel.', 'reason': 'fact_below_authority_floor', 'priority': 'LOW', 'criterion': 3, 'floor_max': 2, 'item_type': 'regulation', 'floor_basis': 'item_type_unconditional', 'floor_scope': 'default', 'source_tier_derived': 6}, {'claim': '[jurisdictional_scope] The UAE is the first country in the Middle East and North Africa (MENA) region with this [Net Zero by 2050] target.', 'reason': 'fact_below_authority_floor', 'priority': 'LOW', 'criterion': 3, 'floor_max': 2, 'item_type': 'regulation', 'floor_basis': 'item_type_unconditional', 'floor_scope': 'default', 'source_tier_derived': 6}, {'claim': 'The strategy forecasts demand to reach 2.1 megatons (MT) by 2031, of which roughly 50% would be from aluminum, iron and steel, and 30% from aviation and shipping.', 'reason': 'fact_below_authority_floor', 'priority': 'LOW', 'criterion': 3, 'floor_max': 2, 'item_type': 'regulation', 'floor_basis': 'item_type_unconditional', 'floor_scope': 'default', 'source_tier_derived': 6}, {'claim': 'The UAE is not clear on the exact locations of these priority clusters, their sizes, or potential offtakers. Nonetheless, the strategy does offer some clues: It identifies the industrial regions of Ruwais and Khalifa Economic Zone Abu Dhabi (KEZAD) as suitable clusters given their hydrogen storage potential.', 'reason': 'fact_below_authority_floor', 'priority': 'LOW', 'criterion': 3, 'floor_max': 2, 'item_type': 'regulation', 'floor_basis': 'item_type_unconditional', 'floor_scope': 'default', 'source_tier_derived': 6}, {'claim': 'Total domestic demand target: 2.1mtpa by 2031, growing to 10.1mtpa by 2050.', 'reason': 'fact_below_authority_floor', 'priority': 'LOW', 'criterion': 3, 'floor_max': 2, 'item_type': 'regulation', 'floor_basis': 'item_type_unconditional', 'floor_scope': 'default', 'source_tier_derived': 6}, {'claim': 'Aviation and shipping share of domestic demand: approximately 30% by 2031, rising to approximately 50% by 2050 of total domestic demand.', 'reason': 'fact_below_authority_floor', 'priority': 'LOW', 'criterion': 3, 'floor_max': 2, 'item_type': 'regulation', 'floor_basis': 'item_type_unconditional', 'floor_scope': 'default', 'source_tier_derived': 6}, {'claim': 'ADNOC is developing large-scale blue and green hydrogen projects, leveraging its existing gas infrastructure. It has partnered with Mubadala Investment Company PJSC (Mubadala) and Abu Dhabi Developmental Holding Company (ADQ) to create the Abu Dhabi Hydrogen Alliance the aim of which is to establish the UAE as a key hydrogen exporter.', 'reason': 'fact_below_authority_floor', 'priority': 'LOW', 'criterion': 3, 'floor_max': 2, 'item_type': 'regulation', 'floor_basis': 'item_type_unconditional', 'floor_scope': 'default', 'source_tier_derived': 6}, {'claim': 'First MENA green hydrogen pilot plant commissioned (DEWA, Dubai) in May 2021.', 'reason': 'fact_below_authority_floor', 'priority': 'LOW', 'criterion': 3, 'floor_max': 2, 'item_type': 'regulation', 'floor_basis': 'item_type_unconditional', 'floor_scope': 'default', 'source_tier_derived': 6}, {'claim': '[primary_deadline] Domestic demand is forecast to reach 2.1mtpa (with an additional 0.6mtpa of forecast export potential) by 2031.', 'reason': 'analysis_missing_label_syntax', 'criterion': 4}, {'claim': 'This domestic market demand could grow 5x between 2031 and 2050 (from 2.1mtpa to 10.1mtpa).', 'reason': 'analysis_missing_label_syntax', 'criterion': 4}, {'claim': '2050 production target: 15mtpa.', 'reason': 'analysis_missing_label_syntax', 'criterion': 4}, {'claim': '[primary_deadline] Total 2031 production target: 1.4mtpa of low-carbon hydrogen, comprising 0.5mtpa green hydrogen produced in UAE, 0.5mtpa green hydrogen produced abroad, 0.4mtpa blue hydrogen, and 0.0075mtpa pink (nuclear) hydrogen.', 'reason': 'analysis_missing_label_syntax', 'criterion': 4}, {'claim': ""There is a lot of detail to come, including further technical codes and standards, definitions and thresholds for 'low carbon' hydrogen."", 'reason': 'analysis_missing_label_syntax', 'criterion': 4}, {'claim': ""As in other countries, the UAE will encourage the development of clusters (known in the UAE as 'oases') where production and end-use applications can be co-located to help the full supply chain develop and to accelerate industry adoption of hydrogen-based energy transition solutions. These will likely be located near depleted oil wells for CCS and potential connections to salt caverns for high volume hydrogen storage (as well as to pipeline infrastructure for distribution). The target is to have two hydrogen oases developed by 2031 (most likely Ruwais and KIZAD) and five by 2050. Oases will be isolated from the broader electricity system - micro-systems will help avoid grid management problems."", 'reason': 'analysis_missing_label_syntax', 'criterion': 4}, {'claim': ""The strategy describes overall governance for the UAE's hydrogen model, with the Federal Hydrogen Committee (chaired by the Undersecretary of the Ministry of Energy and Infrastructure and attended by a number of other undersecretaries from other responsible ministries) responsible for regulatory and financial and non-financial stimuluses, a Hydrogen Strategy Advisory Council of stakeholders outside government, various working groups to drive policy and the Ministry of Energy and Infrastructure playing a coordinating role."", 'reason': 'analysis_missing_label_syntax', 'criterion': 4}, {'claim': 'HGVs are identified as an initial incentive focus, with SAF and ancillary grid services to follow in 2026–2028.', 'reason': 'analysis_missing_label_syntax', 'criterion': 4}, {'claim': 'A Hydrogen Support Committee (led by the Abu Dhabi Department of Economic Development) will also facilitate permitting, regulatory, economic and financial support for specific projects on a case-by-case basis.', 'reason': 'analysis_missing_label_syntax', 'criterion': 4}, {'claim': 'The initial focus is on finding incentives for steel, aluminum, cement and heavy goods vehicles (with sustainable aviation fuel and ancillary grid services to follow in 2026 to 2028).', 'reason': 'analysis_missing_label_syntax', 'criterion': 4}, {'claim': 'The strategy contemplates a number of different types of incentive to stimulate development of the hydrogen production industry, including references to carbon pricing mechanisms and a potential cap and trade system on the demand side.', 'reason': 'analysis_missing_label_syntax', 'criterion': 4}, {'claim': '[jurisdictional_scope] The UAE already has significant domestic industry in hard to abate sectors where hydrogen can help lower carbon footprints (including iron and steel, chemicals and fertilizers, aluminum, refining, shipping and aviation).', 'reason': 'analysis_missing_label_syntax', 'criterion': 4}, {'claim': '[primary_deadline] The strategy also indicates an aim of providing certainty for hydrogen oasis customers by setting a market price for clean hydrogen between 2026 and 2028.', 'reason': 'analysis_missing_label_syntax', 'criterion': 4}, {'claim': 'By 2031, the aim is to have 0.5mtpa of green h2 produced in the UAE, 0.5mtpa of green h2 produced abroad, 0.4mtpa of blue h2 and 0.0075mtpa of pink (nuclear) hydrogen.', 'reason': 'analysis_missing_label_syntax', 'criterion': 4}, {'claim': ""The strategy was prepared with support from a number of the UAE's big state-owned champions: TAQA, ADNOC, Masdar, Mubadala, EGA, Emirates Steel, Etihad Rail and others."", 'reason': 'analysis_missing_label_syntax', 'criterion': 4}, {'claim': 'The strategy contemplates a number of different types of incentive to stimulate development of the hydrogen production industry, including references to carbon pricing mechanisms and a potential cap and trade system on the demand side.', 'reason': 'analysis_missing_label_syntax', 'criterion': 4}, {'claim': 'By 2050, the UAE could be exporting between 4.8 and 9.6mtpa. Initially exports are expected to be derivatives and green products (ammonia, synthetic fuels and green steel for example) but a hydrogen export industry will also emerge in time as technologies and markets develop.', 'reason': 'analysis_missing_label_syntax', 'criterion': 4}, {'claim': 'The initial focus is on finding incentives for steel, aluminum, cement and heavy goods vehicles (with sustainable aviation fuel and ancillary grid services to follow in 2026 to 2028).', 'reason': 'analysis_missing_label_syntax', 'criterion': 4}, {'claim': ""While the strategy provides further clarity on the UAE's direction of travel, there is a lot of detail to come, including further technical codes and standards, definitions and thresholds for 'low carbon' hydrogen, a guarantee of origin certification scheme and more detail on incentive schemes."", 'reason': 'analysis_missing_label_syntax', 'criterion': 4}, {'claim': 'On the supply side, it refers to cost support to reduce the LCOH of hydrogen production projects in the UAE (with precise form TBD but perhaps including electricity, technology, land and/or offtake support) and also to revenue support guarantees, with an ultimate aim of providing low-interest sustainable financing options for h2 projects.', 'reason': 'analysis_missing_label_syntax', 'criterion': 4}, {'claim': 'The strategy also indicates an aim of providing certainty for hydrogen oasis customers by setting a market price for clean hydrogen between 2026 and 2028.', 'reason': 'analysis_missing_label_syntax', 'criterion': 4}, {'claim': 'SAF incentives are targeted to follow in 2026 to 2028.', 'reason': 'analysis_missing_label_syntax', 'criterion': 4}, {'claim': ""A 'guarantee of origin certification scheme' is listed as detail still to come."", 'reason': 'analysis_missing_label_syntax', 'criterion': 4}, {'claim': '[primary_deadline] 2031 target: two hydrogen oases operational (most likely Ruwais and KIZAD); 1.4mtpa low-carbon hydrogen production target; 2.1mtpa domestic demand target including approximately 0.63mtpa from aviation and shipping; UAE target to be top global producer.', 'reason': 'analysis_missing_label_syntax', 'criterion': 4}, {'claim': '[primary_deadline] 2026–2028 target window: HGV hydrogen incentives; SAF incentives; market price for clean hydrogen to be set for oasis customers; potential cap-and-trade mechanism announcement.', 'reason': 'analysis_missing_label_syntax', 'criterion': 4}, {'claim': 'The strategy also indicates an aim of providing certainty for hydrogen oasis customers by setting a market price for clean hydrogen between 2026 and 2028.', 'reason': 'analysis_missing_label_syntax', 'criterion': 4}, {'claim': 'By 2050, the UAE could be exporting between 4.8 and 9.6mtpa. Initially exports are expected to be derivatives and green products (ammonia, synthetic fuels and green steel for example).', 'reason': 'analysis_missing_label_syntax', 'criterion': 4}, {'claim': 'Target: two oases by 2031, five by 2050. Most likely locations for first two: Ruwais and KIZAD. Oases will be co-located with end-use applications, isolated from the broader electricity system using micro-systems.', 'reason': 'analysis_missing_label_syntax', 'criterion': 4}, {'claim': 'The plan refers to green (both light and dark), blue (using CCS), turquoise and pink (using 50MW generated by Barakah nuclear power plant). A certain amount of green h2 will also be produced abroad under the strategy.', 'reason': 'analysis_missing_label_syntax', 'criterion': 4}, {'claim': '2050 target: 15mtpa production; 10.1mtpa domestic demand; 4.8–9.6mtpa exports; five hydrogen oases; aviation and shipping approximately 50% of domestic demand.', 'reason': 'analysis_missing_label_syntax', 'criterion': 4}, {'reason': 'missing_required_slot', 'slot_key': 'effective_date', 'criterion': 5, 'item_type': 'regulation'}, {'reason': 'missing_required_slot', 'slot_key': 'primary_deadline', 'criterion': 5, 'item_type': 'regulation'}, {'reason': 'gate_a_unproven_or_stale', 'criterion': 7}]"
a1fd9574-3be2-48f2-ab3a-4c8b92ca6cc0,initiative,verified,True,[]
a212b2ab-c394-49f7-9527-9c94a4bf700f,framework,verified,True,[]
a381c08c-31b8-4d49-9b1a-403a7e215858,framework,unverified,False,"[{'reason': 'no_section_content', 'criterion': 2}, {'reason': 'missing_full_brief', 'criterion': 6}]"
a4153234-f634-4fb7-8acb-d57c7bc07595,initiative,quarantined,False,"[{'reason': 'gate_a_unproven_or_stale', 'criterion': 7}]"
a530f0a4-29e8-44b4-be47-df917529f101,framework,unverified,False,"[{'reason': 'no_section_content', 'criterion': 2}, {'reason': 'missing_full_brief', 'criterion': 6}]"
a7d9bc29-1514-4ee9-9177-a4408426498c,guidance,verified,True,[]
a7fd2700-de27-4cc1-b5e6-442fdf8a66ad,research_finding,quarantined,False,"[{'reason': 'gate_a_unproven_or_stale', 'criterion': 7}]"
a8cdaa93-b0c9-4b07-be60-1836581a42e8,regulation,verified,True,[]
aa0c5308-5aaf-4177-8a64-b68821bdca72,market_signal,quarantined,False,"[{'reason': 'gate_a_unproven_or_stale', 'criterion': 7}]"
ab362011-bea5-4cc3-95b2-c185ced3c2de,market_signal,quarantined,False,"[{'reason': 'missing_required_slot', 'slot_key': 'signal_event', 'criterion': 5, 'item_type': 'market_signal'}]"
ab922a18-c9a8-4b1b-9ac6-b7f20606c5d7,regulation,quarantined,False,"[{'claim': 'Regulation (EU) 2019/1242, as amended by Regulation (EU) 2024/1610, sets binding fleet-wide CO₂ emission performance standards for new heavy-duty vehicles sold in the European Union.', 'reason': 'fact_span_not_in_source', 'criterion': 3, 'source_span': 'Regulation (EU) 2024/1610 of the European Parliament and of the Council of 14 May 2024 amending Regulation (EU) 2019/1242 as regards strengthening the CO2 emission performance standards for new heavy-duty vehicles'}, {'claim': '[effective_date] The consolidated version in force as of 14 August 2025 is the operative text.', 'reason': 'fact_span_not_in_source', 'criterion': 3, 'source_span': 'Current consolidated version: 14/08/2025'}, {'claim': '[effective_date] 25 July 2019: Regulation (EU) 2019/1242 entered into force.', 'reason': 'fact_span_not_in_source', 'criterion': 3, 'source_span': 'OJ L 198, 25.7.2019, pp. 202–240'}, {'claim': '14 May 2024: Regulation (EU) 2024/1610 adopted, amending 2019/1242 with tightened targets; -45%/2030, -65%/2035, -90%/2040 targets established.', 'reason': 'fact_span_not_in_source', 'criterion': 3, 'source_span': 'Regulation (EU) 2024/1610 of the European Parliament and of the Council of 14 May 2024 amending Regulation (EU) 2019/1242 as regards strengthening the CO 2 emission performance standards for new heavy-duty vehicles'}, {'reason': 'gate_a_unproven_or_stale', 'criterion': 7}]"
ab92d0c4-8995-484e-ae74-83ad64f8cffd,regulation,unverified,False,"[{'url': 'https://gov.br/casacivil/pt-br/assuntos/noticias/2022/janeiro/sancionado-decreto-que-regulamenta-a-politica-nacional-de-residuos-solidos', 'reason': 'ungrounded_url', 'criterion': 2}, {'url': 'https://braziliannr.com/brazilian-environmental-legislation/law-no-12305-brazilian-national-policy-solid-waste', 'reason': 'ungrounded_url', 'criterion': 2}, {'url': 'https://packagingeurope.com/news/brazil-mandates-reverse-logistics-system-for-plastic-packaging-from-2026/13545.article', 'reason': 'ungrounded_url', 'criterion': 2}, {'url': 'https://sevenresiduos.com.br/decreto-10936-pnrs-novo-regulamento-logistica-reversa-gestor-industrial', 'reason': 'ungrounded_url', 'criterion': 2}, {'url': 'https://www2.camara.leg.br/legin/fed/decret/2022/decreto-10936-12-janeiro-2022-792233-publicacaooriginal-164412-pe.html', 'reason': 'ungrounded_url', 'criterion': 2}, {'url': 'https://sinir.gov.br/sistemas/mtr', 'reason': 'ungrounded_url', 'criterion': 2}, {'url': 'https://www2.camara.leg.br/legin/fed/decret/2025/decreto-12688-21-outubro-2025-798174-publicacaooriginal-176787-pe.html', 'reason': 'ungrounded_url', 'criterion': 2}, {'url': 'https://mayerbrown.com/en/insights/publications/2025/10/brazil-publishes-federal-decree-establishing-reverse-logistics-system-for-plastic-packaging', 'reason': 'ungrounded_url', 'criterion': 2}, {'url': 'https://ssc4c.org.br/en/central-de-conhecimento/good-washing-practices/national-solid-waste-policy-pnrs', 'reason': 'ungrounded_url', 'criterion': 2}, {'url': 'https://blog.eureciclo.com.br/mtr-o-que-e-como-emitir', 'reason': 'ungrounded_url', 'criterion': 2}, {'url': 'https://www2.camara.leg.br/legin/fed/decret/2022/decreto-10936-12-janeiro-2022-792233-publicacaooriginal-164412-pe.html', 'reason': 'ungrounded_url', 'criterion': 2}, {'url': 'https://sinir.gov.br/sistemas/mtr', 'reason': 'ungrounded_url', 'criterion': 2}, {'url': 'https://globalcompliancenews.com/2022/02/07/brazil-new-federal-decree-regulating-the-national-solid-waste-policy-is-published170122', 'reason': 'ungrounded_url', 'criterion': 2}, {'url': 'https://tauilchequer.com.br/en/insights/publications/2022/01/federal-decree-no-10-936-2022-new-national-policy-on-solid-waste-regulation', 'reason': 'ungrounded_url', 'criterion': 2}, {'reason': 'unlabeled_assertion', 'criterion': 4, 'section_row_id': '1362e2ec-18f2-4a38-a1b0-6af80db4c36d'}, {'reason': 'unlabeled_assertion', 'criterion': 4, 'section_row_id': '7b546f98-c317-43ae-8beb-a3eba8771f4c'}, {'reason': 'unlabeled_assertion', 'criterion': 4, 'section_row_id': 'cd88cf84-f993-45ec-8223-db94958f7169'}, {'reason': 'unlabeled_assertion', 'criterion': 4, 'section_row_id': 'e4fb9aeb-a967-4fd3-96e5-94c84a84cc9b'}, {'reason': 'unlabeled_assertion', 'criterion': 4, 'section_row_id': 'b5037c75-2a91-4519-9a14-60952dc70faf'}, {'reason': 'unlabeled_assertion', 'criterion': 4, 'section_row_id': '4611dab0-fc59-4209-bca4-dc7167fada32'}, {'reason': 'missing_required_slot', 'slot_key': 'effective_date', 'criterion': 5, 'item_type': 'regulation'}, {'reason': 'missing_required_slot', 'slot_key': 'primary_deadline', 'criterion': 5, 'item_type': 'regulation'}, {'reason': 'missing_required_slot', 'slot_key': 'jurisdictional_scope', 'criterion': 5, 'item_type': 'regulation'}, {'reason': 'missing_required_slot', 'slot_key': 'penalty_summary', 'criterion': 5, 'item_type': 'regulation'}, {'reason': 'missing_full_brief', 'criterion': 6}]"
abd29144-9afa-47af-80a3-97c1e5d34c5e,research_finding,quarantined,False,"[{'claim': ""[does_not_resolve] Benchmark formulas for aviation and shipping are still being finalised by Japan's Ministry of Land, Infrastructure, Transport and Tourism (MLIT)."", 'reason': 'fact_below_authority_floor', 'priority': 'HIGH', 'criterion': 3, 'floor_max': 4, 'item_type': 'research_finding', 'floor_basis': 'priority', 'floor_scope': 'default', 'source_tier_derived': None}, {'claim': ""[does_not_resolve] Japan GX-ETS aviation and shipping benchmark formulas are promised but not yet released (MLIT process ongoing as of the report's February 2026 editorial cut-off)."", 'reason': 'fact_below_authority_floor', 'priority': 'HIGH', 'criterion': 3, 'floor_max': 4, 'item_type': 'research_finding', 'floor_basis': 'priority', 'floor_scope': 'default', 'source_tier_derived': None}, {'reason': 'unlabeled_assertion', 'criterion': 4, 'section_row_id': 'fef4ed8c-dfe5-4387-a7c5-6724ad93191e'}, {'reason': 'unlabeled_assertion', 'criterion': 4, 'section_row_id': 'd799528e-1f3c-43c2-9f86-337509f09069'}, {'reason': 'unlabeled_assertion', 'criterion': 4, 'section_row_id': 'cccb02cf-0374-4c00-baa7-d6a8dec380cd'}, {'reason': 'unlabeled_assertion', 'criterion': 4, 'section_row_id': '26ac136f-2aba-4c2e-9f52-bf8df17aec39'}, {'reason': 'unlabeled_assertion', 'criterion': 4, 'section_row_id': 'f89b4bb9-758c-407e-a01d-abe60158ac22'}, {'reason': 'missing_required_slot', 'slot_key': 'methodology_limits', 'criterion': 5, 'item_type': 'research_finding'}, {'reason': 'missing_full_brief', 'criterion': 6}]"
ac349a70-606d-4eb3-ac19-5a4a0facd07c,regulation,quarantined,False,"[{'reason': 'gate_a_unproven_or_stale', 'criterion': 7}]"
ad4cc6c6-6c72-44bf-8b54-79671ee1707c,regulation,quarantined,False,"[{'claim': '[penalty_summary] Where a person conceals or disguises either wholly or partly the basis for assessing duties, a heavy additional tax is imposed in an amount equivalent to the amount obtained by multiplying the amount of duties that forms the basis for calculating the amount of additional tax for deficient declaration by a rate of 35/100 (for deficient declaration cases) or 40/100 (for non-declaration cases).', 'reason': 'analysis_missing_label_syntax', 'criterion': 4}, {'claim': 'Customs duties on cargo that a person entering Japan imports by bringing it with them at the time of entry, on cargo sent unaccompanied, and on similar cargo prescribed by Cabinet Order are assessed under the official assessment system, not the self-assessment system.', 'reason': 'analysis_missing_label_syntax', 'criterion': 4}, {'claim': '[penalty_summary] Heavy additional tax for concealment: where a person conceals or disguises either wholly or partly the basis for assessing duties … a heavy additional tax is imposed … in an amount equivalent to the amount obtained by multiplying the amount of duties … by a rate of 35/100 (deficient declaration context) or a rate of 40/100 (non-declaration context).', 'reason': 'analysis_missing_label_syntax', 'criterion': 4}, {'claim': 'Under Customs Act Article 7(1), a person seeking to import cargo to which the self-assessment system applies must file a declaration concerning the payment of customs duties for that cargo with the Director General of Customs.', 'reason': 'analysis_missing_label_syntax', 'criterion': 4}, {'claim': '[penalty_summary] Additional tax for deficient declaration: an additional tax for deficient declaration in an amount equivalent to the amount obtained by multiplying the amount of duties … by a rate of 10/100 (or, if an amended declaration has not been made in anticipation of a reassessment … a rate of 5/100, instead of a rate of 10/100).', 'reason': 'analysis_missing_label_syntax', 'criterion': 4}, {'claim': '[penalty_summary] If a person liable to pay customs duties fails to fully pay customs duties, the person must pay a tax on delinquency at an annual rate of 7.3 percent from the day following the statutory deadline, rising to 14.6 percent after the two-month period from the payment deadline.', 'reason': 'analysis_missing_label_syntax', 'criterion': 4}, {'claim': 'Official assessment applies to: (a) customs duties imposed on cargo that a person entering Japan imports by bringing it with them at the time of entry; (b) customs duties imposed on postal items (excluding postal items for which the value exceeds 200,000 yen); (c) customs duties imposed pursuant to Customs Tariff Act Article 7(3) (Countervailing Duties) or Article 8(2) (Anti-Dumping Duties).', 'reason': 'analysis_missing_label_syntax', 'criterion': 4}, {'claim': ""Under Customs Act Article 67, a person seeking to export or import cargo must declare to the Director General of Customs the cargo's product name, its quantity and price (or the quantity and value forming the basis for assessing duties, for cargo being imported), and other necessary particulars."", 'reason': 'analysis_missing_label_syntax', 'criterion': 4}, {'claim': 'The laws and regulations that are applied when customs duties are imposed are the laws and regulations applicable on the date of the import declaration.', 'reason': 'analysis_missing_label_syntax', 'criterion': 4}, {'claim': 'Except as otherwise provided for in this Act, the Customs Tariff Act, and other laws concerning customs duties, a person that imports cargo has the obligation to pay customs duties.', 'reason': 'analysis_missing_label_syntax', 'criterion': 4}, {'claim': '[penalty_summary] An additional tax for deficient declaration in an amount equivalent to the amount obtained by multiplying the amount of duties by a rate of 10/100 (or a rate of 5/100 if the amended declaration was not made in anticipation of a reassessment and was made before notice of examination) is imposed.', 'reason': 'analysis_missing_label_syntax', 'criterion': 4}, {'claim': 'The nature and quantity of cargo that serve as the basis for assessment when customs duties are assessed are established by the condition of the cargo at the time of the import declaration.', 'reason': 'analysis_missing_label_syntax', 'criterion': 4}, {'claim': 'A person seeking to import cargo to which the self-assessment system applies must file a declaration concerning the payment of customs duties for that cargo with the Director General of Customs.', 'reason': 'analysis_missing_label_syntax', 'criterion': 4}, {'claim': 'The Director General may extend the payment deadline for up to three months upon application and provision of security.', 'reason': 'analysis_missing_label_syntax', 'criterion': 4}, {'claim': '[penalty_summary] If a customs broker that provided customs clearance services at the time of import of the cargo cannot identify the person that entrusted the broker with the services, the customs broker and the importer of the cargo are jointly and severally liable to pay the customs duties.', 'reason': 'analysis_missing_label_syntax', 'criterion': 4}, {'claim': '[effective_date] The laws and regulations that are applied when customs duties are imposed … are the laws and regulations applicable on the date of the import declaration.', 'reason': 'analysis_missing_label_syntax', 'criterion': 4}, {'claim': ""It is prohibited to import cargo as set forth in the following items: (i) narcotics and psychotropic drugs, cannabis, opium … (ii) hand-guns, rifles, machine guns, cannons, and bullets … (iii) explosives … (iv) gunpowder … (vi) counterfeit, altered and imitated coins, money bills, bank notes … (vii) books, pictures, sculptures or other goods that are detrimental to public security or that corrupt public morals … (viii) child pornography … (ix) goods that infringe patent rights, utility model rights, design rights, trademark rights, copyrights, neighboring rights, layout-design exploitation rights or breeder's rights; (x) goods that compose the acts set forth in [the Unfair Competition Prevention Act's unfair competition provisions]."", 'reason': 'analysis_missing_label_syntax', 'criterion': 4}, {'claim': 'A waiver of tax on delinquency is available where: if the determination of an amount of customs duties that are unpaid … occurs after the statutory payment deadline … due to an error in the amount of duties or assessment basis that is caused by compelling grounds, and if these circumstances are confirmed by the Director General of Customs.', 'reason': 'analysis_missing_label_syntax', 'criterion': 4}, {'claim': 'Anti-dumping duties imposed under Customs Tariff Act Article 8(2) are assessed under the official assessment system.', 'reason': 'analysis_missing_label_syntax', 'criterion': 4}, {'claim': '[primary_deadline] A person that has made a duty payment declaration must pay the State customs duties in an amount equivalent to the amount of duties payable that is stated in documents related to the declaration or in a written reassessment notice by the date of import of the cargo subject to the declaration.', 'reason': 'analysis_missing_label_syntax', 'criterion': 4}, {'claim': 'The books-and-records obligation does not apply to documents submitted to customs pursuant to the provisions of Article 68 (Documents to Be Submitted at the Time of Export or Import Declaration).', 'reason': 'analysis_missing_label_syntax', 'criterion': 4}, {'claim': 'When, pursuant to the provisions of Cabinet Order, foreign cargo is used in combination with domestic cargo with the approval of the Director General of Customs, manufactured products resulting from this which correspond to the quantity of the foreign cargo used are, notwithstanding the provisions of the preceding paragraph, deemed to be foreign cargo which arrive in Japan from abroad.', 'reason': 'analysis_missing_label_syntax', 'criterion': 4}, {'claim': 'If a person who brings foreign cargo into a bonded warehouse seeks to store the cargo in that warehouse for a period exceeding three months … from the day on which it is brought into the warehouse, the person must … obtain approval of the Director General of Customs.', 'reason': 'analysis_missing_label_syntax', 'criterion': 4}, {'claim': 'The electronic mandate does not apply in a case that Ministry of Finance Order prescribes as one in which a person is unable to use an electronic data processing system to give that report or submit that document due to faulty telecommunication lines or any other such cause.', 'reason': 'analysis_missing_label_syntax', 'criterion': 4}, {'claim': 'The period for which foreign cargo may be stored in a bonded warehouse is two years from the day on which approval for storage of that cargo in the bonded warehouse is initially given.', 'reason': 'analysis_missing_label_syntax', 'criterion': 4}, {'claim': '[penalty_summary] Limitation period: A reassessment, determination, or official assessment decision for customs duties may not be made once five years has passed since the statutory payment deadline … provided, however, that if a person has evaded customs duties through deception or other wrongful acts … the reassessment … may be made up until the final day in the seven-year period following the statutory payment deadline.', 'reason': 'analysis_missing_label_syntax', 'criterion': 4}, {'claim': 'An importer in the course of trade must keep books stating the product names, quantities, prices, and other such necessary particulars of the cargo and preserve these books and documents prepared or received in connection with transactions involving that cargo and other documents prescribed by Cabinet Order.', 'reason': 'analysis_missing_label_syntax', 'criterion': 4}, {'claim': 'A person must use an electronic data processing system to give a report as provided under paragraph (1) (excluding a report on the particulars of cargo), submit a document as under paragraph (2) … give a report under paragraphs (7) through (9) or the preceding paragraph.', 'reason': 'analysis_missing_label_syntax', 'criterion': 4}, {'claim': '[penalty_summary] Tax on delinquency rate: a person liable to pay customs duties fails to fully pay customs duties … must pay a tax on delinquency in an amount equivalent to that calculated by multiplying the amount unpaid or to be collected by an annual rate of 7.3 percent … provided, however, that the amount of the tax on delinquency to be paid after the final day in the two-month period … is calculated by multiplying the amount of customs duties unpaid by an annual rate of 14.6 percent.', 'reason': 'analysis_missing_label_syntax', 'criterion': 4}, {'claim': '[penalty_summary] If foreign cargo stored in a bonded warehouse … is lost or destroyed, the customs duties are immediately collected from the bonded warehouse licensee; provided, however, that this does not apply if foreign cargo is lost due to a disaster or any other unavoidable reasons, or is destroyed with prior approval of the Director General of Customs.', 'reason': 'analysis_missing_label_syntax', 'criterion': 4}, {'claim': 'An applicant for authorized importer status may be refused if, during a period of three years preceding the day on which an application for approval is made, the person was subject to the imposition of a heavy additional tax in connection with customs duties or in connection with a consumption tax or local consumption tax on imported cargo; or if the person has been delinquent in paying customs duties.', 'reason': 'analysis_missing_label_syntax', 'criterion': 4}, {'claim': 'For cargo subject to the official assessment system — including cargo that a person entering Japan imports by bringing it with them at the time of entry and postal items below ¥200,000 — the self-assessment declaration process does not apply; the official assessment system governs.', 'reason': 'analysis_missing_label_syntax', 'criterion': 4}, {'claim': 'When foreign cargo and domestic cargo are used in bonded operations (except repacking, sorting or other normal handling operations) at a bonded factory, manufactured products resulting from this are deemed to be foreign cargo that has arrived in Japan from abroad.', 'reason': 'analysis_missing_label_syntax', 'criterion': 4}, {'claim': 'Japan publishes updated tariff schedules at January 1 and April 1 each year; a cargo vertical classified under one rate in the January 1 2026 schedule may carry a different rate under the April 1 2026 schedule, directly affecting duty cost on any shipment entering Japan after April 1, 2026.', 'reason': 'analysis_missing_label_syntax', 'criterion': 4}, {'reason': 'gate_a_unproven_or_stale', 'criterion': 7}]"
ad5b78ea-ddf1-4df0-a532-0d2829df96cf,framework,quarantined,False,"[{'claim': 'The ITF/OECD publication page lists ""Date of Publication 14 June 2019"" for the ASEAN Transport Strategic Plan and Road Safety Initiatives document.', 'reason': 'fact_below_authority_floor', 'priority': 'LOW', 'criterion': 3, 'floor_max': 2, 'item_type': 'framework', 'floor_basis': 'item_type_unconditional', 'floor_scope': 'default', 'source_tier_derived': 3}, {'claim': 'The KLTSP outlines 30 specific goals, 78 actions and 221 milestones in the areas of air transport, land transport, maritime transport, sustainable transport and transport facilitation.', 'reason': 'fact_below_authority_floor', 'priority': 'LOW', 'criterion': 3, 'floor_max': 2, 'item_type': 'framework', 'floor_basis': 'item_type_unconditional', 'floor_scope': 'default', 'source_tier_derived': 3}, {'claim': '[effective_date] ASEAN transport ministers formally adopted the ATSP 2026–2030 during the 31st ASEAN Transport Ministerial Meeting held last November 20, 2025 in Nay Pyi, Myanmar.', 'reason': 'fact_below_authority_floor', 'priority': 'LOW', 'criterion': 3, 'floor_max': 2, 'item_type': 'framework', 'floor_basis': 'item_type_unconditional', 'floor_scope': 'default', 'source_tier_derived': 4}, {'claim': ""The working groups function as the 'principal coordinating and implementing arms' of the ASEAN Senior Transport Officials Meeting in carrying out the various programmes, projects and activities."", 'reason': 'fact_below_authority_floor', 'priority': 'LOW', 'criterion': 3, 'floor_max': 2, 'item_type': 'framework', 'floor_basis': 'item_type_unconditional', 'floor_scope': 'default', 'source_tier_derived': 3}, {'claim': '[jurisdictional_scope] Directly participating countries in the TCC project are Indonesia, Malaysia, Philippines, Thailand, and Vietnam.', 'reason': 'fact_below_authority_floor', 'priority': 'LOW', 'criterion': 3, 'floor_max': 2, 'item_type': 'framework', 'floor_basis': 'item_type_unconditional', 'floor_scope': 'default', 'source_tier_derived': 4}, {'claim': 'Successful implementation of the ATSP sectoral plan will depend on sustained political commitment, public-private collaboration, and coordinated execution among member states.', 'reason': 'fact_below_authority_floor', 'priority': 'LOW', 'criterion': 3, 'floor_max': 2, 'item_type': 'framework', 'floor_basis': 'item_type_unconditional', 'floor_scope': 'default', 'source_tier_derived': 4}, {'claim': 'The ATSP 2026–2030 includes an Electric Vehicles Implementation Roadmap as an endorsed complementary initiative.', 'reason': 'fact_below_authority_floor', 'priority': 'LOW', 'criterion': 3, 'floor_max': 2, 'item_type': 'framework', 'floor_basis': 'item_type_unconditional', 'floor_scope': 'default', 'source_tier_derived': 4}, {'claim': ""Green freight and logistics have been a stated ASEAN regional priority since the KLTSP's sustainable transport chapter, with German development cooperation (GIZ/TCC) providing technical support in five major ASEAN markets."", 'reason': 'fact_below_authority_floor', 'priority': 'LOW', 'criterion': 3, 'floor_max': 2, 'item_type': 'framework', 'floor_basis': 'item_type_unconditional', 'floor_scope': 'default', 'source_tier_derived': 4}, {'claim': 'The TCC/GIZ work on MRV and the KLTSP monitoring framework established the institutional groundwork for harmonised GHG emissions data in ASEAN transport.', 'reason': 'fact_below_authority_floor', 'priority': 'LOW', 'criterion': 3, 'floor_max': 2, 'item_type': 'framework', 'floor_basis': 'item_type_unconditional', 'floor_scope': 'default', 'source_tier_derived': 4}, {'claim': 'The KLTSP was published by the ASEAN Secretariat in 2015.', 'reason': 'fact_below_authority_floor', 'priority': 'LOW', 'criterion': 3, 'floor_max': 2, 'item_type': 'framework', 'floor_basis': 'item_type_unconditional', 'floor_scope': 'default', 'source_tier_derived': 3}, {'claim': 'The 30th ATM Meeting was encouraged by the progress in the development of the ATSP 2026-2030, building upon the implementation of the KLTSP 2016-2025.', 'reason': 'fact_below_authority_floor', 'priority': 'LOW', 'criterion': 3, 'floor_max': 2, 'item_type': 'framework', 'floor_basis': 'item_type_unconditional', 'floor_scope': 'default', 'source_tier_derived': 3}, {'claim': 'The 30th ATM Meeting was held on 21 November 2024, in Kuala Lumpur, Malaysia.', 'reason': 'fact_below_authority_floor', 'priority': 'LOW', 'criterion': 3, 'floor_max': 2, 'item_type': 'framework', 'floor_basis': 'item_type_unconditional', 'floor_scope': 'default', 'source_tier_derived': 3}, {'claim': 'GIZ has operated the TCC project in cooperation with the ASEAN Secretariat since 2012.', 'reason': 'fact_below_authority_floor', 'priority': 'LOW', 'criterion': 3, 'floor_max': 2, 'item_type': 'framework', 'floor_basis': 'item_type_unconditional', 'floor_scope': 'default', 'source_tier_derived': 4}, {'claim': 'The ATSP 2026–2030 will address the evolving demands of seamless connectivity, global trade, climate commitments, and economic growth, ensure that ASEAN remains competitive and well-connected in the global landscape, in support and alignment with the ASEAN Economic Community Strategic Plan 2026-2030.', 'reason': 'fact_below_authority_floor', 'priority': 'LOW', 'criterion': 3, 'floor_max': 2, 'item_type': 'framework', 'floor_basis': 'item_type_unconditional', 'floor_scope': 'default', 'source_tier_derived': 3}, {'claim': 'The ATSP 2026–2030 includes key elements: harmonisation of standards, enhanced interoperability of cross-border infrastructure, adoption of digital systems to reduce trade and logistics costs, the ASEAN Regional Strategy on Sustainable Ship Waste Management, the Electric Vehicles Implementation Roadmap, and recommendations to digitise last-mile transport services.', 'reason': 'fact_below_authority_floor', 'priority': 'LOW', 'criterion': 3, 'floor_max': 2, 'item_type': 'framework', 'floor_basis': 'item_type_unconditional', 'floor_scope': 'default', 'source_tier_derived': 4}, {'claim': 'ASEAN has completed a 10-year transport strategic plan (KLTSP 2016–2025) and formally adopted a successor framework (ATSP 2026–2030) at ministerial level in November 2025.', 'reason': 'fact_below_authority_floor', 'priority': 'LOW', 'criterion': 3, 'floor_max': 2, 'item_type': 'framework', 'floor_basis': 'item_type_unconditional', 'floor_scope': 'default', 'source_tier_derived': 4}, {'claim': 'The ATSP 2026–2030 prioritises digital systems and cross-border interoperability.', 'reason': 'fact_below_authority_floor', 'priority': 'LOW', 'criterion': 3, 'floor_max': 2, 'item_type': 'framework', 'floor_basis': 'item_type_unconditional', 'floor_scope': 'default', 'source_tier_derived': 4}, {'claim': 'The 30th ATM Joint Ministerial Statement was issued on 21 November 2024.', 'reason': 'fact_below_authority_floor', 'priority': 'LOW', 'criterion': 3, 'floor_max': 2, 'item_type': 'framework', 'floor_basis': 'item_type_unconditional', 'floor_scope': 'default', 'source_tier_derived': 3}, {'claim': '[primary_deadline] The ATSP 2026–2030 was formally adopted in November 2025 and represents the active framework.', 'reason': 'fact_below_authority_floor', 'priority': 'LOW', 'criterion': 3, 'floor_max': 2, 'item_type': 'framework', 'floor_basis': 'item_type_unconditional', 'floor_scope': 'default', 'source_tier_derived': 4}]"
adbf2587-535e-4c7e-9e77-433a24d250d5,regulation,verified,True,[]
ae628786-ad32-4dd4-bd43-64a812029966,research_finding,quarantined,False,"[{'reason': 'gate_a_unproven_or_stale', 'criterion': 7}]"
aea2e314-8969-4242-b4cf-54223707bdfb,standard,quarantined,False,"[{'reason': 'unlabeled_assertion', 'criterion': 4, 'section_row_id': '63c9ae84-272f-4220-953f-13ab9ee103fb'}, {'reason': 'unlabeled_assertion', 'criterion': 4, 'section_row_id': '5b63be7b-24b7-4c4b-929e-e4ac60173ece'}, {'reason': 'unlabeled_assertion', 'criterion': 4, 'section_row_id': '73dc5e85-0fb0-4405-a1ef-91119238135a'}, {'reason': 'unlabeled_assertion', 'criterion': 4, 'section_row_id': '83b53652-86e8-4e18-8101-d446ea5d67a8'}, {'reason': 'unlabeled_assertion', 'criterion': 4, 'section_row_id': 'f76d2bc7-2872-4b7a-8fe0-d6757c9360c9'}, {'reason': 'gate_a_unproven_or_stale', 'criterion': 7}]"
af277afd-b925-4583-852a-eaa6db310888,research_finding,verified,True,[]
afc851b1-4413-4d8a-8462-8b726b11ce45,technology,verified,True,[]
b0307895-f5a6-46d0-9f8a-97e7f8b04a3a,regulation,unverified,False,"[{'reason': 'missing_source_id', 'criterion': 1}, {'reason': 'no_section_content', 'criterion': 2}, {'reason': 'missing_full_brief', 'criterion': 6}]"
b040b08c-41e5-406f-8dcf-dacda0a32fb5,guidance,quarantined,False,"[{'claim': '[jurisdictional_scope] EBEWE Programme applies in the City of Los Angeles', 'reason': 'fact_below_authority_floor', 'priority': 'LOW', 'criterion': 3, 'floor_max': 2, 'item_type': 'guidance', 'floor_basis': 'item_type_unconditional', 'floor_scope': 'default', 'source_tier_derived': None}, {'claim': 'The ENERGY STAR® Portfolio Manager® (ESPM) is a free online tool that allows you to track the energy and water use for the entire building, and comply with the City ordinance and State Legislation.', 'reason': 'fact_below_authority_floor', 'priority': 'LOW', 'criterion': 3, 'floor_max': 2, 'item_type': 'guidance', 'floor_basis': 'item_type_unconditional', 'floor_scope': 'default', 'source_tier_derived': None}, {'claim': 'EBEWE applies to all buildings over 20,000 square feet.', 'reason': 'fact_below_authority_floor', 'priority': 'LOW', 'criterion': 3, 'floor_max': 2, 'item_type': 'guidance', 'floor_basis': 'item_type_unconditional', 'floor_scope': 'default', 'source_tier_derived': None}, {'claim': '[primary_deadline] The Los Angeles Benchmarking Guide recommends submitting data request(s) no later than March 1st to allow sufficient processing time ahead of the annual June 1st deadline.', 'reason': 'fact_below_authority_floor', 'priority': 'LOW', 'criterion': 3, 'floor_max': 2, 'item_type': 'guidance', 'floor_basis': 'item_type_unconditional', 'floor_scope': 'default', 'source_tier_derived': None}, {'claim': '[primary_deadline] The June 1 annual deadline applies; LADWP recommends data requests no later than March 1 to allow sufficient processing time.', 'reason': 'fact_below_authority_floor', 'priority': 'LOW', 'criterion': 3, 'floor_max': 2, 'item_type': 'guidance', 'floor_basis': 'item_type_unconditional', 'floor_scope': 'default', 'source_tier_derived': None}, {'claim': 'Obtain a LADBS Building ID (BID) or CEC Benchmarking Reference Number (BRN). Either are required to receive usage data.', 'reason': 'fact_below_authority_floor', 'priority': 'LOW', 'criterion': 3, 'floor_max': 2, 'item_type': 'guidance', 'floor_basis': 'item_type_unconditional', 'floor_scope': 'default', 'source_tier_derived': None}, {'claim': '[primary_deadline] The Los Angeles Benchmarking Guide recommends submitting data request(s) no later than March 1st to allow sufficient processing time ahead of the annual June 1st deadline.', 'reason': 'fact_below_authority_floor', 'priority': 'LOW', 'criterion': 3, 'floor_max': 2, 'item_type': 'guidance', 'floor_basis': 'item_type_unconditional', 'floor_scope': 'default', 'source_tier_derived': None}, {'claim': 'The EBEWE benchmarking obligation applies to all buildings over 20,000 square feet (including municipal buildings over 7,500 square feet).', 'reason': 'fact_below_authority_floor', 'priority': 'LOW', 'criterion': 3, 'floor_max': 2, 'item_type': 'guidance', 'floor_basis': 'item_type_unconditional', 'floor_scope': 'default', 'source_tier_derived': None}, {'claim': 'Submit the LADWP benchmarking application and acceptable documentation. Please note that application processing may take 4-6 weeks.', 'reason': 'fact_below_authority_floor', 'priority': 'LOW', 'criterion': 3, 'floor_max': 2, 'item_type': 'guidance', 'floor_basis': 'item_type_unconditional', 'floor_scope': 'default', 'source_tier_derived': None}, {'claim': 'The State of California AB 802 followed by establishing a statewide building energy use benchmarking and public disclosure program under AB 802. AB 802 revises PRC Section 25402.10 to require utilities to provide energy consumption data for covered buildings to the building owners upon request, and requires the Energy Commission to establish a building energy use benchmarking and public disclosure program for certain buildings.', 'reason': 'fact_below_authority_floor', 'priority': 'LOW', 'criterion': 3, 'floor_max': 2, 'item_type': 'guidance', 'floor_basis': 'item_type_unconditional', 'floor_scope': 'default', 'source_tier_derived': None}]"
b0cf862e-a95a-41a9-8d97-ab2c03b3342b,market_signal,quarantined,False,"[{'reason': 'gate_a_unproven_or_stale', 'criterion': 7}]"
b0d9737e-5e8a-4a81-89bb-921c172219fd,initiative,verified,True,[]
b11cccc4-fdb6-4008-b76c-1ff6632c2657,research_finding,verified,True,[]
b2193d25-f7de-4efb-a816-9d5532e08b44,research_finding,quarantined,False,"[{'reason': 'gate_a_unproven_or_stale', 'criterion': 7}]"
b293a2b6-c882-44dc-8efc-a801ed6a160b,regulation,quarantined,False,"[{'reason': 'gate_a_unproven_or_stale', 'criterion': 7}]"
b2ca8ce7-6810-40da-ae87-0a74d6d3cc79,regulation,quarantined,False,"[{'url': 'https://all4inc.com/4-the-record-articles/ny-climate-act-updates-insights', 'reason': 'ungrounded_url', 'criterion': 2}, {'url': 'https://dec.ny.gov', 'reason': 'ungrounded_url', 'criterion': 2}, {'url': 'https://capandinvest.ny.gov/-/media/project/capinvest/files/second-stage-of-pre-proposal-outreach.pdf', 'reason': 'ungrounded_url', 'criterion': 2}, {'url': 'https://babstcalland.com/news-article/court-enforces-clcpa-compliance-ny-dec-ordered-to-adopt-emission-reduction-regulations', 'reason': 'ungrounded_url', 'criterion': 2}, {'url': 'https://budget.ny.gov', 'reason': 'ungrounded_url', 'criterion': 2}, {'url': 'https://nysenate.gov/legislation/bills/2019/s6599', 'reason': 'ungrounded_url', 'criterion': 2}, {'url': 'https://climate.law.columbia.edu/scoping-plan-tracker', 'reason': 'ungrounded_url', 'criterion': 2}, {'url': 'https://iapps.courts.state.ny.us', 'reason': 'ungrounded_url', 'criterion': 2}, {'url': 'https://nysfocus.com/2026/05/27/clcpa-climate-change-rollbacks-hochul-new-york-emissions', 'reason': 'ungrounded_url', 'criterion': 2}, {'url': 'https://climate.ny.gov/resources/scoping-plan', 'reason': 'ungrounded_url', 'criterion': 2}, {'url': 'https://natlawreview.com/article/new-york-budget-amends-states-climate-leadership-and-community-protection-act', 'reason': 'ungrounded_url', 'criterion': 2}, {'url': 'https://icapcarbonaction.com/en/ets/usa-new-yorks-cap-and-invest-program-nyci', 'reason': 'ungrounded_url', 'criterion': 2}, {'url': 'https://cbcny.org/research/improving-nys-cap-and-invest-design', 'reason': 'ungrounded_url', 'criterion': 2}, {'url': 'https://capandinvest.ny.gov', 'reason': 'ungrounded_url', 'criterion': 2}, {'url': 'https://ostroffassociates.com/news/new-york-cap-and-invest-mandatory-greenhouse-gas-emissions-reporting-update', 'reason': 'ungrounded_url', 'criterion': 2}, {'url': 'https://blogs.edf.org/climate411/2024/07/25/five-years-into-new-yorks-climate-law-the-state-needs-a-bold-cap-and-invest-program-to-bring-emissions-goals-into-reach', 'reason': 'ungrounded_url', 'criterion': 2}, {'url': 'https://cityandstateny.com/policy/2026/05/heres-whats-fy-27-new-york-state-budget/413729', 'reason': 'ungrounded_url', 'criterion': 2}, {'reason': 'unlabeled_assertion', 'criterion': 4, 'section_row_id': '6a162bba-3ce5-4305-b1cc-228dea154476'}, {'reason': 'unlabeled_assertion', 'criterion': 4, 'section_row_id': '8016207c-7c2d-46a9-a645-c1a80b6c73bf'}, {'reason': 'unlabeled_assertion', 'criterion': 4, 'section_row_id': 'bdc635b7-2c13-4d02-b842-2590a94728d5'}, {'reason': 'unlabeled_assertion', 'criterion': 4, 'section_row_id': '67ebf828-eba1-41b1-b596-ad48fdcd51a2'}, {'reason': 'unlabeled_assertion', 'criterion': 4, 'section_row_id': 'a054d857-0668-4e25-92d7-e4c6044af2f3'}, {'reason': 'unlabeled_assertion', 'criterion': 4, 'section_row_id': 'edb69683-424f-4d97-a423-4fcb7870ae3e'}, {'reason': 'missing_required_slot', 'slot_key': 'effective_date', 'criterion': 5, 'item_type': 'regulation'}, {'reason': 'missing_required_slot', 'slot_key': 'primary_deadline', 'criterion': 5, 'item_type': 'regulation'}, {'reason': 'missing_required_slot', 'slot_key': 'jurisdictional_scope', 'criterion': 5, 'item_type': 'regulation'}, {'reason': 'missing_required_slot', 'slot_key': 'penalty_summary', 'criterion': 5, 'item_type': 'regulation'}, {'reason': 'missing_full_brief', 'criterion': 6}]"
b3b32236-047c-4011-a79b-25913a70a662,market_signal,quarantined,False,"[{'reason': 'gate_a_unproven_or_stale', 'criterion': 7}]"
b4710002-d626-429b-9796-e7c9ea43c43e,research_finding,verified,True,[]
b4811af8-d45e-4e4f-b7ca-1f94451cc91e,regional_data,quarantined,False,"[{'reason': 'gate_a_unproven_or_stale', 'criterion': 7}]"
b680a0b8-239c-4556-b627-aebddbbfae60,regulation,quarantined,False,"[{'claim': ""[jurisdictional_scope] The IDB's transport sector framework and stated priorities; the E-Mobility Program for Sustainable Cities co-endorsed with the Green Climate Fund (GCF); the South Connection corridor integration plan including the Bi-Oceanic Corridor (Paraguay, PR-L1200); the Regional Transport Network and Transport Policy Lab launched jointly with the International Transport Forum (ITF); and IDB Invest's private-sector transport financing portfolio."", 'reason': 'fact_below_authority_floor', 'priority': 'LOW', 'criterion': 3, 'floor_max': 2, 'item_type': 'regulation', 'floor_basis': 'item_type_unconditional', 'floor_scope': 'default', 'source_tier_derived': 3}, {'claim': '[jurisdictional_scope] The IDB aims to improve the quality of life and economic development in Latin America and the Caribbean by promoting efficient, accessible, affordable, safe, and sustainable transportation and infrastructure solutions to its borrowing member countries.', 'reason': 'fact_below_authority_floor', 'priority': 'LOW', 'criterion': 3, 'floor_max': 2, 'item_type': 'regulation', 'floor_basis': 'item_type_unconditional', 'floor_scope': 'default', 'source_tier_derived': 3}, {'claim': 'The nine beneficiary countries are Barbados, Chile, Colombia, Costa Rica, the Dominican Republic, Jamaica, Panama, Paraguay, and Uruguay.', 'reason': 'fact_below_authority_floor', 'priority': 'LOW', 'criterion': 3, 'floor_max': 2, 'item_type': 'regulation', 'floor_basis': 'item_type_unconditional', 'floor_scope': 'default', 'source_tier_derived': 3}, {'claim': 'The Bi-Oceanic Corridor PR-L1200 is a $200 million IDB sovereign loan approved 11 February 2026, signed 13 March 2026, currently in implementation.', 'reason': 'fact_below_authority_floor', 'priority': 'LOW', 'criterion': 3, 'floor_max': 2, 'item_type': 'regulation', 'floor_basis': 'item_type_unconditional', 'floor_scope': 'default', 'source_tier_derived': 3}, {'claim': 'The corridor will run over 2,300 miles from the Atlantic to the Pacific, slashing through Brazil, Paraguay, Argentina, and Chile.', 'reason': 'fact_below_authority_floor', 'priority': 'LOW', 'criterion': 3, 'floor_max': 2, 'item_type': 'regulation', 'floor_basis': 'item_type_unconditional', 'floor_scope': 'default', 'source_tier_derived': None}, {'claim': 'The $450 million E-Mobility Program will finance electric buses, taxis and ride-hailing vehicles, last-mile delivery service vehicles, and trucks and institutional fleets.', 'reason': 'fact_below_authority_floor', 'priority': 'LOW', 'criterion': 3, 'floor_max': 2, 'item_type': 'regulation', 'floor_basis': 'item_type_unconditional', 'floor_scope': 'default', 'source_tier_derived': 3}, {'claim': '[primary_deadline] The Bi-Oceanic Corridor is expected to be completed in late 2026 or early 2027.', 'reason': 'fact_below_authority_floor', 'priority': 'LOW', 'criterion': 3, 'floor_max': 2, 'item_type': 'regulation', 'floor_basis': 'item_type_unconditional', 'floor_scope': 'default', 'source_tier_derived': None}, {'claim': 'The Bi-Oceanic Corridor route runs 2,300 miles from the Atlantic to the Pacific, slashing through Brazil, Paraguay, Argentina, and Chile.', 'reason': 'fact_below_authority_floor', 'priority': 'LOW', 'criterion': 3, 'floor_max': 2, 'item_type': 'regulation', 'floor_basis': 'item_type_unconditional', 'floor_scope': 'default', 'source_tier_derived': None}, {'claim': 'The IDB and other partners are expected to provide $200 million of the funding ($195 million in loans and $5 million in grants).', 'reason': 'fact_below_authority_floor', 'priority': 'LOW', 'criterion': 3, 'floor_max': 2, 'item_type': 'regulation', 'floor_basis': 'item_type_unconditional', 'floor_scope': 'default', 'source_tier_derived': 3}, {'claim': 'The governments of the nine beneficiary countries are expected to provide an additional $50 million in local cofinancing, for a total initial investment of $450 million.', 'reason': 'fact_below_authority_floor', 'priority': 'LOW', 'criterion': 3, 'floor_max': 2, 'item_type': 'regulation', 'floor_basis': 'item_type_unconditional', 'floor_scope': 'default', 'source_tier_derived': 3}, {'claim': 'Twenty-two percent of the funding ($98 million) will support climate-resilient micro mobility infrastructure, including short-distance vehicles, docking stations, cycling lanes, and pedestrian streets.', 'reason': 'fact_below_authority_floor', 'priority': 'LOW', 'criterion': 3, 'floor_max': 2, 'item_type': 'regulation', 'floor_basis': 'item_type_unconditional', 'floor_scope': 'default', 'source_tier_derived': 3}, {'claim': '[effective_date] PR-L1200 approval date: 11 February 2026; Signed Date: 13 March 2026; Reporting Date: 4 June 2026; Status: Implementation.', 'reason': 'fact_below_authority_floor', 'priority': 'LOW', 'criterion': 3, 'floor_max': 2, 'item_type': 'regulation', 'floor_basis': 'item_type_unconditional', 'floor_scope': 'default', 'source_tier_derived': 3}, {'claim': '[primary_deadline] The Atlantic-Pacific road route runs through Brazil, Paraguay, Argentina, Chile and is planned for completion in late 2026 / early 2027.', 'reason': 'fact_below_authority_floor', 'priority': 'LOW', 'criterion': 3, 'floor_max': 2, 'item_type': 'regulation', 'floor_basis': 'item_type_unconditional', 'floor_scope': 'default', 'source_tier_derived': None}, {'claim': 'Public transport systems in Latin America and the Caribbean face a growing financial gap due to their reliance on fares and subsidies, declining demand, and rising operating costs.', 'reason': 'fact_below_authority_floor', 'priority': 'LOW', 'criterion': 3, 'floor_max': 2, 'item_type': 'regulation', 'floor_basis': 'item_type_unconditional', 'floor_scope': 'default', 'source_tier_derived': 3}, {'claim': 'Regional Transport Dialogue held in Santo Domingo in December 2025; IDB and ITF launched the Regional Transport Network and the Transport Policy Lab.', 'reason': 'fact_below_authority_floor', 'priority': 'LOW', 'criterion': 3, 'floor_max': 2, 'item_type': 'regulation', 'floor_basis': 'item_type_unconditional', 'floor_scope': 'default', 'source_tier_derived': 3}, {'claim': 'PR-L1200 loan contract signed on 13 March 2026.', 'reason': 'fact_below_authority_floor', 'priority': 'LOW', 'criterion': 3, 'floor_max': 2, 'item_type': 'regulation', 'floor_basis': 'item_type_unconditional', 'floor_scope': 'default', 'source_tier_derived': 3}, {'claim': 'The E-Mobility Program is expected to provide $450 million in concessional loans and grants to nine countries.', 'reason': 'fact_below_authority_floor', 'priority': 'LOW', 'criterion': 3, 'floor_max': 2, 'item_type': 'regulation', 'floor_basis': 'item_type_unconditional', 'floor_scope': 'default', 'source_tier_derived': 3}, {'claim': 'The IDB financed 14 projects worth $1.43 billion in the prior year under South Connection, about half of that from private investment.', 'reason': 'fact_below_authority_floor', 'priority': 'LOW', 'criterion': 3, 'floor_max': 2, 'item_type': 'regulation', 'floor_basis': 'item_type_unconditional', 'floor_scope': 'default', 'source_tier_derived': None}, {'claim': '[primary_deadline] The corridor is planned to be completed by late 2026 or early 2027.', 'reason': 'fact_below_authority_floor', 'priority': 'LOW', 'criterion': 3, 'floor_max': 2, 'item_type': 'regulation', 'floor_basis': 'item_type_unconditional', 'floor_scope': 'default', 'source_tier_derived': None}, {'claim': 'The corridor will cut down the time it takes goods to travel to Asia by two and a half weeks.', 'reason': 'fact_below_authority_floor', 'priority': 'LOW', 'criterion': 3, 'floor_max': 2, 'item_type': 'regulation', 'floor_basis': 'item_type_unconditional', 'floor_scope': 'default', 'source_tier_derived': None}, {'claim': 'PR-L1200 carries Environmental and Social Impact Category A.', 'reason': 'fact_below_authority_floor', 'priority': 'LOW', 'criterion': 3, 'floor_max': 2, 'item_type': 'regulation', 'floor_basis': 'item_type_unconditional', 'floor_scope': 'default', 'source_tier_derived': 3}, {'claim': 'IDB will put $100 million this year into a logistics infrastructure program for the regional integration of a border area between Bolivia, Paraguay, and Chile.', 'reason': 'fact_below_authority_floor', 'priority': 'LOW', 'criterion': 3, 'floor_max': 2, 'item_type': 'regulation', 'floor_basis': 'item_type_unconditional', 'floor_scope': 'default', 'source_tier_derived': None}, {'claim': 'IDB Invest-financed concession operators include Rutas del Mercosur Paraguay and La Dorada–Chiriguaná Railway.', 'reason': 'fact_below_authority_floor', 'priority': 'LOW', 'criterion': 3, 'floor_max': 2, 'item_type': 'regulation', 'floor_basis': 'item_type_unconditional', 'floor_scope': 'default', 'source_tier_derived': 3}, {'claim': 'The Green Climate Fund approved another $200 million ($145 million in loans and $55 million in grants).', 'reason': 'fact_below_authority_floor', 'priority': 'LOW', 'criterion': 3, 'floor_max': 2, 'item_type': 'regulation', 'floor_basis': 'item_type_unconditional', 'floor_scope': 'default', 'source_tier_derived': 3}, {'claim': 'Nearly two-thirds of the funds ($284 million) will be used to finance electrified integrated urban mobility, covering electric buses, taxis and ride-hailing vehicles, last-mile delivery service vehicles, and trucks and institutional fleets.', 'reason': 'fact_below_authority_floor', 'priority': 'LOW', 'criterion': 3, 'floor_max': 2, 'item_type': 'regulation', 'floor_basis': 'item_type_unconditional', 'floor_scope': 'default', 'source_tier_derived': 3}, {'claim': 'The fund will also finance vehicle-to-grid (V2G) and green hydrogen pilot projects to assess their viability as ways to increase grid resilience.', 'reason': 'fact_below_authority_floor', 'priority': 'LOW', 'criterion': 3, 'floor_max': 2, 'item_type': 'regulation', 'floor_basis': 'item_type_unconditional', 'floor_scope': 'default', 'source_tier_derived': 3}, {'claim': 'PR-L1200 total cost and original amount approved: USD 200,000,000.', 'reason': 'fact_below_authority_floor', 'priority': 'LOW', 'criterion': 3, 'floor_max': 2, 'item_type': 'regulation', 'floor_basis': 'item_type_unconditional', 'floor_scope': 'default', 'source_tier_derived': 3}, {'claim': '[jurisdictional_scope] The nine E-Mobility Program countries are Barbados, Chile, Colombia, Costa Rica, Dominican Republic, Jamaica, Panama, Paraguay, Uruguay.', 'reason': 'fact_below_authority_floor', 'priority': 'LOW', 'criterion': 3, 'floor_max': 2, 'item_type': 'regulation', 'floor_basis': 'item_type_unconditional', 'floor_scope': 'default', 'source_tier_derived': 3}, {'claim': 'The IDB and ITF launched a Transport Policy Lab, a partnership with eight universities across the region.', 'reason': 'fact_below_authority_floor', 'priority': 'LOW', 'criterion': 3, 'floor_max': 2, 'item_type': 'regulation', 'floor_basis': 'item_type_unconditional', 'floor_scope': 'default', 'source_tier_derived': 3}, {'claim': '[effective_date] IDB Board approved $200 million loan for Bi-Oceanic Corridor, Paraguay (PR-L1200) on 11 February 2026.', 'reason': 'fact_below_authority_floor', 'priority': 'LOW', 'criterion': 3, 'floor_max': 2, 'item_type': 'regulation', 'floor_basis': 'item_type_unconditional', 'floor_scope': 'default', 'source_tier_derived': 3}, {'claim': 'IDB to invest $100 million in logistics infrastructure for Bolivia-Paraguay-Chile border area under South Connection in 2026.', 'reason': 'fact_below_authority_floor', 'priority': 'LOW', 'criterion': 3, 'floor_max': 2, 'item_type': 'regulation', 'floor_basis': 'item_type_unconditional', 'floor_scope': 'default', 'source_tier_derived': None}, {'claim': 'IDB Transport Topic Page accessed 2026; multiple items dated to 2025–2026.', 'reason': 'fact_below_authority_floor', 'priority': 'LOW', 'criterion': 3, 'floor_max': 2, 'item_type': 'regulation', 'floor_basis': 'item_type_unconditional', 'floor_scope': 'default', 'source_tier_derived': 3}, {'claim': 'Devex article by Jesse Chase-Lubitz dated 13 March 2026.', 'reason': 'fact_below_authority_floor', 'priority': 'LOW', 'criterion': 3, 'floor_max': 2, 'item_type': 'regulation', 'floor_basis': 'item_type_unconditional', 'floor_scope': 'default', 'source_tier_derived': None}, {'claim': '[primary_deadline] Bi-Oceanic Corridor planned to be completed in late 2026 or early 2027.', 'reason': 'fact_below_authority_floor', 'priority': 'LOW', 'criterion': 3, 'floor_max': 2, 'item_type': 'regulation', 'floor_basis': 'item_type_unconditional', 'floor_scope': 'default', 'source_tier_derived': None}, {'claim': ""IDB Blog 'Transport as a Driver of Development for Resilience and Competitiveness' dated 17 December 2025."", 'reason': 'fact_below_authority_floor', 'priority': 'LOW', 'criterion': 3, 'floor_max': 2, 'item_type': 'regulation', 'floor_basis': 'item_type_unconditional', 'floor_scope': 'default', 'source_tier_derived': 3}, {'claim': 'IDB Project PR-L1200 approval date 11 February 2026; signed 13 March 2026.', 'reason': 'fact_below_authority_floor', 'priority': 'LOW', 'criterion': 3, 'floor_max': 2, 'item_type': 'regulation', 'floor_basis': 'item_type_unconditional', 'floor_scope': 'default', 'source_tier_derived': 3}, {'reason': 'gate_a_unproven_or_stale', 'criterion': 7}]"
b6b7eb7d-0f3d-445a-8116-82bf89f58de7,regulation,quarantined,False,"[{'claim': '[effective_date] The CNP Certification launched in June 2025.', 'reason': 'fact_below_authority_floor', 'priority': 'LOW', 'criterion': 3, 'floor_max': 2, 'item_type': 'regulation', 'floor_basis': 'item_type_unconditional', 'floor_scope': 'default', 'source_tier_derived': 7}, {'claim': '[primary_deadline] Certification validity is three years, after which recertification is required.', 'reason': 'fact_below_authority_floor', 'priority': 'LOW', 'criterion': 3, 'floor_max': 2, 'item_type': 'regulation', 'floor_basis': 'item_type_unconditional', 'floor_scope': 'default', 'source_tier_derived': 7}, {'claim': 'Truck appointment systems are explicitly listed as a CNP evaluation criterion.', 'reason': 'fact_below_authority_floor', 'priority': 'LOW', 'criterion': 3, 'floor_max': 2, 'item_type': 'regulation', 'floor_basis': 'item_type_unconditional', 'floor_scope': 'default', 'source_tier_derived': 7}, {'claim': 'The CNP Certification evaluates terminals against five progressive levels. To advance levels, terminals demonstrate compliance with increasingly stringent emissions reduction and energy-efficiency standards.', 'reason': 'fact_below_authority_floor', 'priority': 'LOW', 'criterion': 3, 'floor_max': 2, 'item_type': 'regulation', 'floor_basis': 'item_type_unconditional', 'floor_scope': 'default', 'source_tier_derived': 7}, {'claim': '[effective_date] Annual overtime work limits for truck drivers are capped at 960 hours effective April 2024.', 'reason': 'fact_below_authority_floor', 'priority': 'LOW', 'criterion': 3, 'floor_max': 2, 'item_type': 'regulation', 'floor_basis': 'item_type_unconditional', 'floor_scope': 'default', 'source_tier_derived': 3}, {'claim': 'Japan Physical Internet Roadmap target year is 2040.', 'reason': 'fact_below_authority_floor', 'priority': 'LOW', 'criterion': 3, 'floor_max': 2, 'item_type': 'regulation', 'floor_basis': 'item_type_unconditional', 'floor_scope': 'default', 'source_tier_derived': 3}, {'claim': '[jurisdictional_scope] The CNP Certification applies to container terminals in Japan.', 'reason': 'fact_below_authority_floor', 'priority': 'LOW', 'criterion': 3, 'floor_max': 2, 'item_type': 'regulation', 'floor_basis': 'item_type_unconditional', 'floor_scope': 'default', 'source_tier_derived': 7}, {'claim': '[primary_deadline] The first terminals to seek certification will complete initial evaluations within the three-year certification window.', 'reason': 'fact_below_authority_floor', 'priority': 'LOW', 'criterion': 3, 'floor_max': 2, 'item_type': 'regulation', 'floor_basis': 'item_type_unconditional', 'floor_scope': 'default', 'source_tier_derived': 7}, {'claim': 'The evaluation covers multiple aspects of terminal operations, including the adoption of low-emission handling equipment, LED terminal lighting, and the use of zero-emission vessel fuels.', 'reason': 'fact_below_authority_floor', 'priority': 'LOW', 'criterion': 3, 'floor_max': 2, 'item_type': 'regulation', 'floor_basis': 'item_type_unconditional', 'floor_scope': 'default', 'source_tier_derived': 7}, {'claim': 'The scheme will feature five progressive certification levels, with each terminal required to demonstrate compliance with increasingly stringent emissions reduction and energy-efficiency standards in order to advance.', 'reason': 'fact_below_authority_floor', 'priority': 'LOW', 'criterion': 3, 'floor_max': 2, 'item_type': 'regulation', 'floor_basis': 'item_type_unconditional', 'floor_scope': 'default', 'source_tier_derived': 7}, {'claim': 'Evaluation areas include adoption of low-emission handling equipment, LED terminal lighting, use of zero-emission vessel fuels, and truck appointment systems and broader logistics integration.', 'reason': 'fact_below_authority_floor', 'priority': 'LOW', 'criterion': 3, 'floor_max': 2, 'item_type': 'regulation', 'floor_basis': 'item_type_unconditional', 'floor_scope': 'default', 'source_tier_derived': 7}, {'claim': '[effective_date] Annual overtime work limits for truck drivers are capped at 960 hours effective April 2024, compared to the standard limit of 360 hours for other industries.', 'reason': 'fact_below_authority_floor', 'priority': 'LOW', 'criterion': 3, 'floor_max': 2, 'item_type': 'regulation', 'floor_basis': 'item_type_unconditional', 'floor_scope': 'default', 'source_tier_derived': 3}, {'claim': 'The UC Berkeley analysis notes momentum building ""for decarbonization of the international shipping industry, despite recent delays at the International Maritime Organization (IMO).""', 'reason': 'fact_below_authority_floor', 'priority': 'LOW', 'criterion': 3, 'floor_max': 2, 'item_type': 'regulation', 'floor_basis': 'item_type_unconditional', 'floor_scope': 'default', 'source_tier_derived': 6}, {'claim': 'Truck appointment systems and broader logistics integration will also be considered as evaluation criteria.', 'reason': 'fact_below_authority_floor', 'priority': 'LOW', 'criterion': 3, 'floor_max': 2, 'item_type': 'regulation', 'floor_basis': 'item_type_unconditional', 'floor_scope': 'default', 'source_tier_derived': 7}, {'claim': '[effective_date] The CNP Certification launched in June 2025. The first terminals to seek certification will complete initial evaluations within the three-year certification window.', 'reason': 'fact_below_authority_floor', 'priority': 'LOW', 'criterion': 3, 'floor_max': 2, 'item_type': 'regulation', 'floor_basis': 'item_type_unconditional', 'floor_scope': 'default', 'source_tier_derived': 7}, {'claim': 'Annual overtime work limits for truck drivers will be capped at 960 hours, effective April 2024.', 'reason': 'fact_below_authority_floor', 'priority': 'LOW', 'criterion': 3, 'floor_max': 2, 'item_type': 'regulation', 'floor_basis': 'item_type_unconditional', 'floor_scope': 'default', 'source_tier_derived': 3}, {'claim': '[primary_deadline] Certification validity is three years; recertification is required.', 'reason': 'fact_below_authority_floor', 'priority': 'LOW', 'criterion': 3, 'floor_max': 2, 'item_type': 'regulation', 'floor_basis': 'item_type_unconditional', 'floor_scope': 'default', 'source_tier_derived': 7}, {'claim': 'The Japanese government formulated a ""Policy package for logistics innovation"" and ""Guidelines for shipper and logistics operator initiatives for logistics rationalization and productivity improvement"" in June 2023.', 'reason': 'fact_below_authority_floor', 'priority': 'LOW', 'criterion': 3, 'floor_max': 2, 'item_type': 'regulation', 'floor_basis': 'item_type_unconditional', 'floor_scope': 'default', 'source_tier_derived': 3}, {'claim': '[effective_date] The 960-hour driver overtime cap is in force as of April 2024.', 'reason': 'fact_below_authority_floor', 'priority': 'LOW', 'criterion': 3, 'floor_max': 2, 'item_type': 'regulation', 'floor_basis': 'item_type_unconditional', 'floor_scope': 'default', 'source_tier_derived': 3}, {'claim': '[effective_date] CNP Certification (Container Terminal) was formally launched by MLIT in June 2025.', 'reason': 'fact_below_authority_floor', 'priority': 'LOW', 'criterion': 3, 'floor_max': 2, 'item_type': 'regulation', 'floor_basis': 'item_type_unconditional', 'floor_scope': 'default', 'source_tier_derived': 7}, {'reason': 'gate_a_unproven_or_stale', 'criterion': 7}]"
b6fd00bf-2573-4103-8f67-216c8bec66c7,research_finding,quarantined,False,"[{'reason': 'gate_a_unproven_or_stale', 'criterion': 7}]"
b7736a1a-2c81-4d58-87b4-ee09330eaff2,regulation,quarantined,False,"[{'reason': 'gate_a_unproven_or_stale', 'criterion': 7}]"
b813d0a5-211b-4b56-9cee-503087c11486,initiative,verified,True,[]
b88753be-8ed4-4392-9cee-9f472c208513,research_finding,verified,True,[]
b8b6fde3-2087-47c0-89c7-1b3bb944138c,regulation,unverified,False,"[{'url': 'https://envigilance.com/blog/local-law-97-penalties', 'reason': 'ungrounded_url', 'criterion': 2}, {'url': 'https://envigilance.com/energy-monitoring/nyc-building-energy-laws/local-law-97/ll97-warehouse', 'reason': 'ungrounded_url', 'criterion': 2}, {'url': 'https://nyc.gov/assets/buildings/pdf/ll97compliance-ext-sn.pdf', 'reason': 'ungrounded_url', 'criterion': 2}, {'url': 'https://randpc.com/news/ll97-deadline-extended', 'reason': 'ungrounded_url', 'criterion': 2}, {'url': 'https://clm.com/local-law-97-what-nyc-building-owners-and-operators-need-to-know-now-that-the-laws-first-compliance-period-2024-2029-has-begun', 'reason': 'ungrounded_url', 'criterion': 2}, {'url': 'https://accelerator.nyc/ll97', 'reason': 'ungrounded_url', 'criterion': 2}, {'url': 'https://legalclarity.org/what-is-nyc-local-law-97-requirements-and-penalties', 'reason': 'ungrounded_url', 'criterion': 2}, {'url': 'https://nyc.gov/site/buildings/codes/ll97-buildings-emissions-limits.page', 'reason': 'ungrounded_url', 'criterion': 2}, {'url': 'https://envigilance.com/energy-monitoring/nyc-building-energy-laws/local-law-97/ll97-warehouse', 'reason': 'ungrounded_url', 'criterion': 2}, {'url': 'https://nyc.gov/assets/nycaccelerator/downloads/pdf/climatemobilizationact_brief.pdf', 'reason': 'ungrounded_url', 'criterion': 2}, {'url': 'https://accelerator.nyc/ll97', 'reason': 'ungrounded_url', 'criterion': 2}, {'url': 'https://insparisk.com/nyc/ll97-compliance-guide', 'reason': 'ungrounded_url', 'criterion': 2}, {'url': 'https://urbangreencouncil.org/what-we-do/driving-innovative-policy/ll97', 'reason': 'ungrounded_url', 'criterion': 2}, {'url': 'https://nyc.gov/site/buildings/codes/ll97-buildings-emissions-limits.page', 'reason': 'ungrounded_url', 'criterion': 2}, {'url': 'https://clm.com/local-law-97-what-nyc-building-owners-and-operators-need-to-know-now-that-the-laws-first-compliance-period-2024-2029-has-begun', 'reason': 'ungrounded_url', 'criterion': 2}, {'url': 'https://dobguard.com/resources/local-law-97-nyc-explained', 'reason': 'ungrounded_url', 'criterion': 2}, {'url': 'https://legalclarity.org/what-is-nyc-local-law-97-requirements-and-penalties', 'reason': 'ungrounded_url', 'criterion': 2}, {'url': 'https://nyc.gov/assets/buildings/pdf/ll97-compliance-report-process.pdf', 'reason': 'ungrounded_url', 'criterion': 2}, {'url': 'https://nyc.gov/site/buildings/codes/remove-greenhouse-gas-emission-reporting.page', 'reason': 'ungrounded_url', 'criterion': 2}, {'url': 'https://nyc.gov/assets/buildings/pdf/ll97-compliance-report-process.pdf', 'reason': 'ungrounded_url', 'criterion': 2}, {'url': 'https://sierraclub.org/atlantic/nyc/blog/2025/09/nyc-and-building-emissions-local-law-97-takes-hold', 'reason': 'ungrounded_url', 'criterion': 2}, {'url': 'https://insparisk.com/nyc/ll97-compliance-guide', 'reason': 'ungrounded_url', 'criterion': 2}, {'url': 'https://accelerator.nyc/ll97', 'reason': 'ungrounded_url', 'criterion': 2}, {'reason': 'unlabeled_assertion', 'criterion': 4, 'section_row_id': 'd4ee2865-b089-409f-984d-771ca2593eb9'}, {'reason': 'unlabeled_assertion', 'criterion': 4, 'section_row_id': 'da0481f9-3bd8-42c9-af63-825389f3c773'}, {'reason': 'unlabeled_assertion', 'criterion': 4, 'section_row_id': '341453c6-843f-404d-9906-6d9d4f1a86f2'}, {'reason': 'unlabeled_assertion', 'criterion': 4, 'section_row_id': 'd978bba6-628c-45d0-9294-c5e1adfae975'}, {'reason': 'unlabeled_assertion', 'criterion': 4, 'section_row_id': '77301bbb-a1a0-422e-8505-c66aad4e9722'}, {'reason': 'unlabeled_assertion', 'criterion': 4, 'section_row_id': '7414ae86-3135-4fe6-baa1-c7e10f71d0e9'}, {'reason': 'missing_required_slot', 'slot_key': 'effective_date', 'criterion': 5, 'item_type': 'regulation'}, {'reason': 'missing_required_slot', 'slot_key': 'primary_deadline', 'criterion': 5, 'item_type': 'regulation'}, {'reason': 'missing_required_slot', 'slot_key': 'jurisdictional_scope', 'criterion': 5, 'item_type': 'regulation'}, {'reason': 'missing_required_slot', 'slot_key': 'penalty_summary', 'criterion': 5, 'item_type': 'regulation'}, {'reason': 'missing_full_brief', 'criterion': 6}]"
b8da154a-149e-483a-9198-7039850006fc,market_signal,quarantined,False,"[{'reason': 'gate_a_unproven_or_stale', 'criterion': 7}]"
b94cd283-33f7-4ae8-bab1-f4b309a0db8a,market_signal,verified,True,[]
bcd84403-6679-4bf3-84a3-25f4610dd73f,directive,quarantined,False,"[{'url': 'https://eur-lex.europa.eu/legal-content/en/txt/?uri=celex%3a32023r1114', 'reason': 'ungrounded_url', 'criterion': 2}, {'reason': 'unlabeled_assertion', 'criterion': 4, 'section_row_id': '05ef180a-9f66-4f2d-83b9-bd058e30bc3f'}, {'reason': 'missing_required_slot', 'slot_key': 'effective_date', 'criterion': 5, 'item_type': 'directive'}, {'reason': 'missing_required_slot', 'slot_key': 'primary_deadline', 'criterion': 5, 'item_type': 'directive'}, {'reason': 'missing_required_slot', 'slot_key': 'jurisdictional_scope', 'criterion': 5, 'item_type': 'directive'}, {'reason': 'missing_required_slot', 'slot_key': 'penalty_summary', 'criterion': 5, 'item_type': 'directive'}, {'reason': 'gate_a_unproven_or_stale', 'criterion': 7}]"
bced4406-2371-4dcb-8981-062d6f192eca,regulation,quarantined,False,"[{'reason': 'unlabeled_assertion', 'criterion': 4, 'section_row_id': 'b5cd9d83-27c0-414e-bd9a-89456ae92ac1'}, {'reason': 'missing_required_slot', 'slot_key': 'primary_deadline', 'criterion': 5, 'item_type': 'regulation'}, {'reason': 'missing_required_slot', 'slot_key': 'jurisdictional_scope', 'criterion': 5, 'item_type': 'regulation'}, {'reason': 'missing_required_slot', 'slot_key': 'penalty_summary', 'criterion': 5, 'item_type': 'regulation'}, {'reason': 'gate_a_unproven_or_stale', 'criterion': 7}]"
bd7c3f5a-a877-4800-b973-e208ddfd82df,guidance,verified,True,[]
bdc42a68-baab-438b-a41f-3c68421fd79c,initiative,quarantined,False,"[{'reason': 'no_section_content', 'criterion': 2}, {'reason': 'gate_a_unproven_or_stale', 'criterion': 7}]"
be729a3a-df16-4010-a269-ba1dbf7a8692,market_signal,quarantined,False,"[{'reason': 'gate_a_unproven_or_stale', 'criterion': 7}]"
beae0a7e-1088-4d35-b89f-362aade1d1a8,regulation,quarantined,False,"[{'claim': ""NICDC Logistics Data Services Limited (NLDSL) 'has integrated ISO 14083 emission factors into its Unified Logistics Interface Platform (ULIP). This integration enables logistics and trade players to seamlessly calculate and track emissions from freight activities.'"", 'reason': 'fact_below_authority_floor', 'priority': 'LOW', 'criterion': 3, 'floor_max': 2, 'item_type': 'regulation', 'floor_basis': 'item_type_unconditional', 'floor_scope': 'default', 'source_tier_derived': 7}, {'claim': ""ISO 14083 has been integrated into ULIP's Carbon Emissions API; the source corpus describes this integration as enabling voluntary calculation and tracking by 'logistics and trade players.'"", 'reason': 'fact_below_authority_floor', 'priority': 'LOW', 'criterion': 3, 'floor_max': 2, 'item_type': 'regulation', 'floor_basis': 'item_type_unconditional', 'floor_scope': 'default', 'source_tier_derived': 7}, {'claim': ""The TCI-IIMB Supply Chain Sustainability Lab 'has become the first organization in India to receive ISO 14083 certification for its digital platform, the Transportation Emissions Measurement Tool (TEMT).'"", 'reason': 'fact_below_authority_floor', 'priority': 'LOW', 'criterion': 3, 'floor_max': 2, 'item_type': 'regulation', 'floor_basis': 'item_type_unconditional', 'floor_scope': 'default', 'source_tier_derived': 7}, {'claim': ""ISO 14083 'establishes a common methodology for the quantification and reporting of greenhouse gas (GHG) emissions arising from the operation of transport chains of passengers and freight.'"", 'reason': 'fact_below_authority_floor', 'priority': 'LOW', 'criterion': 3, 'floor_max': 2, 'item_type': 'regulation', 'floor_basis': 'item_type_unconditional', 'floor_scope': 'default', 'source_tier_derived': 4}, {'claim': ""TEMT 'integrates India-specific emission factors, ensuring data accuracy and relevance for local logistics operations. The platform allows users to calculate emissions for both past and future shipments, compare emissions across different transport modes, and customize transportation chains.'"", 'reason': 'fact_below_authority_floor', 'priority': 'LOW', 'criterion': 3, 'floor_max': 2, 'item_type': 'regulation', 'floor_basis': 'item_type_unconditional', 'floor_scope': 'default', 'source_tier_derived': 7}, {'claim': ""ISO 14083:2023 'establishes a common methodology for the quantification and reporting of greenhouse gas (GHG) emissions arising from the operation of transport chains of passengers and freight' covering 'various transportation modes, including road, rail, air, maritime, and inland waterway transport, addressing both fuel combustion and electricity consumption.'"", 'reason': 'fact_below_authority_floor', 'priority': 'LOW', 'criterion': 3, 'floor_max': 2, 'item_type': 'regulation', 'floor_basis': 'item_type_unconditional', 'floor_scope': 'default', 'source_tier_derived': 4}, {'claim': ""TEMT outputs are available 'in both PDF and CSV formats for streamlined reporting and analysis.' Use of TEMT is described as enabling rather than mandatory."", 'reason': 'fact_below_authority_floor', 'priority': 'LOW', 'criterion': 3, 'floor_max': 2, 'item_type': 'regulation', 'floor_basis': 'item_type_unconditional', 'floor_scope': 'default', 'source_tier_derived': 7}, {'claim': 'TEMT received ISO 14083 certification in December 2024; ULIP Carbon Emissions API launched.', 'reason': 'fact_below_authority_floor', 'priority': 'LOW', 'criterion': 3, 'floor_max': 2, 'item_type': 'regulation', 'floor_basis': 'item_type_unconditional', 'floor_scope': 'default', 'source_tier_derived': 7}, {'claim': 'ISO 14083:2023 was published on 20 March 2023.', 'reason': 'fact_below_authority_floor', 'priority': 'LOW', 'criterion': 3, 'floor_max': 2, 'item_type': 'regulation', 'floor_basis': 'item_type_unconditional', 'floor_scope': 'default', 'source_tier_derived': 4}, {'claim': 'ISO 14083 covers road, rail, air, maritime, and inland waterway transport, addressing both fuel combustion and electricity consumption.', 'reason': 'fact_below_authority_floor', 'priority': 'LOW', 'criterion': 3, 'floor_max': 2, 'item_type': 'regulation', 'floor_basis': 'item_type_unconditional', 'floor_scope': 'default', 'source_tier_derived': 7}, {'claim': ""ISO 14083:2023 'establishes a common methodology for the quantification and reporting of greenhouse gas (GHG) emissions arising from the operation of transport chains of passengers and freight.'"", 'reason': 'fact_below_authority_floor', 'priority': 'LOW', 'criterion': 3, 'floor_max': 2, 'item_type': 'regulation', 'floor_basis': 'item_type_unconditional', 'floor_scope': 'default', 'source_tier_derived': 4}, {'claim': ""The TCI-IIMB Supply Chain Sustainability Lab 'became the first organization in India to receive ISO 14083 certification for its digital platform, the Transportation Emissions Measurement Tool (TEMT).'"", 'reason': 'fact_below_authority_floor', 'priority': 'LOW', 'criterion': 3, 'floor_max': 2, 'item_type': 'regulation', 'floor_basis': 'item_type_unconditional', 'floor_scope': 'default', 'source_tier_derived': 7}, {'claim': 'December 2024: TEMT achieves ISO 14083 certification — first in India.', 'reason': 'fact_below_authority_floor', 'priority': 'LOW', 'criterion': 3, 'floor_max': 2, 'item_type': 'regulation', 'floor_basis': 'item_type_unconditional', 'floor_scope': 'default', 'source_tier_derived': 7}, {'claim': 'ISO 14083:2023 was published on 20 March 2023 as an International Standard by ISO/TC 207/SC 7.', 'reason': 'fact_below_authority_floor', 'priority': 'LOW', 'criterion': 3, 'floor_max': 2, 'item_type': 'regulation', 'floor_basis': 'item_type_unconditional', 'floor_scope': 'default', 'source_tier_derived': 4}, {'claim': ""ISO 14083:2023 was published on 2023-03-20 and 'establishes a common methodology for the quantification and reporting of greenhouse gas (GHG) emissions arising from the operation of transport chains of passengers and freight.'"", 'reason': 'fact_below_authority_floor', 'priority': 'LOW', 'criterion': 3, 'floor_max': 2, 'item_type': 'regulation', 'floor_basis': 'item_type_unconditional', 'floor_scope': 'default', 'source_tier_derived': 4}, {'claim': ""TEMT 'integrates India-specific emission factors, ensuring data accuracy and relevance for local logistics operations' and allows calculation of emissions for 'both past and future shipments, compare emissions across different transport modes, and customize transportation chains.'"", 'reason': 'fact_below_authority_floor', 'priority': 'LOW', 'criterion': 3, 'floor_max': 2, 'item_type': 'regulation', 'floor_basis': 'item_type_unconditional', 'floor_scope': 'default', 'source_tier_derived': 7}, {'reason': 'gate_a_unproven_or_stale', 'criterion': 7}]"
bec305e1-1ce7-4dbe-a599-32dd63927c36,regulation,quarantined,False,"[{'claim': '[jurisdictional_scope] Registration scope: Federal; applies to US-manufactured and imported heavy-duty vehicles sold for use on US highways', 'reason': 'fact_span_not_in_source', 'criterion': 3, 'source_span': 'On March 29, 2024, EPA issued a final rule to revise existing standards to reduce greenhouse gas emissions from heavy-duty vehicles in model year 2027 and set new, more stringent standards for model years 2028 through 2032.'}, {'claim': 'December 20, 2022 — EPA finalizes HD2027 Low-NOx criteria pollutant rule, the first rule under the Clean Trucks Plan', 'reason': 'fact_span_not_in_source', 'criterion': 3, 'source_span': 'The first rulemaking of this Clean Trucks Plan was the final rule, Control of Air Pollution from New Motor Vehicles: Heavy-Duty Engine and Vehicles Standards, signed on December 20, 2022.'}, {'claim': '[jurisdictional_scope] Phase 3 greenhouse gas standards apply to heavy-duty vocational vehicles and tractors', 'reason': 'fact_span_not_in_source', 'criterion': 3, 'source_span': 'The Phase 3 greenhouse gas standards will apply to heavy-duty vocational vehicles (such as delivery trucks, refuse haulers, public utility trucks, transit, shuttle, school buses, etc.) and tractors (such as day cabs and sleeper cabs on tractor-trailer trucks).'}, {'claim': 'August 5, 2021 — EPA announces Clean Trucks Plan', 'reason': 'fact_span_not_in_source', 'criterion': 3, 'source_span': 'On August 5, 2021, EPA announced plans to reduce greenhouse gas emissions and other harmful air pollutants from heavy-duty trucks through a series of rulemakings over the next three years.'}, {'claim': 'Progressively more stringent GHG emission limits for MY 2028–2032 heavy-duty vocational vehicles and tractors (up to 60% CO2 reduction for vocational trucks; up to 40% for tractor trucks vs. Phase 2 MY 2027 baseline)', 'reason': 'fact_span_not_in_source', 'criterion': 3, 'source_span': 'CO2 emission reductions of up to 60% by MY 2032 compared to Phase 2 MY 2027 levels'}, {'claim': 'Progressively more stringent GHG emission limits for MY 2028–2032 heavy-duty vocational vehicles and tractors (up to 60% CO2 reduction for vocational trucks; up to 40% for tractor trucks vs. Phase 2 MY 2027 baseline)', 'reason': 'fact_below_authority_floor', 'priority': 'LOW', 'criterion': 3, 'floor_max': 2, 'item_type': 'regulation', 'floor_basis': 'item_type_unconditional', 'floor_scope': 'default', 'source_tier_derived': None}, {'claim': ""Phase 3's requirement for customer-facing battery SOH monitors — the first federal mandate of its kind — signals the direction"", 'reason': 'fact_span_not_in_source', 'criterion': 3, 'source_span': 'Must install customer-facing battery state-of-health (SOH) monitors on plug-in hybrids and battery-electric vehicles. First federal battery health transparency mandate for heavy trucks.'}, {'claim': ""Phase 3's requirement for customer-facing battery SOH monitors — the first federal mandate of its kind — signals the direction"", 'reason': 'fact_below_authority_floor', 'priority': 'LOW', 'criterion': 3, 'floor_max': 2, 'item_type': 'regulation', 'floor_basis': 'item_type_unconditional', 'floor_scope': 'default', 'source_tier_derived': None}, {'claim': 'EPA formally announced reconsideration of the Phase 3 standards in March 2025', 'reason': 'fact_span_not_in_source', 'criterion': 3, 'source_span': 'EPA Administrator Lee Zeldin announces formal reconsideration of Phase 3 GHG as part of ""31 historic rollbacks.""'}, {'claim': 'EPA formally announced reconsideration of the Phase 3 standards in March 2025', 'reason': 'fact_below_authority_floor', 'priority': 'LOW', 'criterion': 3, 'floor_max': 2, 'item_type': 'regulation', 'floor_basis': 'item_type_unconditional', 'floor_scope': 'default', 'source_tier_derived': None}, {'claim': 'California withdrew the ACF waiver request in January 2025', 'reason': 'fact_span_not_in_source', 'criterion': 3, 'source_span': 'California and CARB-aligned states retain authority to enforce their own standards.'}, {'claim': 'California withdrew the ACF waiver request in January 2025', 'reason': 'fact_below_authority_floor', 'priority': 'LOW', 'criterion': 3, 'floor_max': 2, 'item_type': 'regulation', 'floor_basis': 'item_type_unconditional', 'floor_scope': 'default', 'source_tier_derived': None}, {'claim': '[effective_date] June 21, 2024 — Final rule effective date. In force as of June 21, 2024.', 'reason': 'fact_span_not_in_source', 'criterion': 3, 'source_span': 'The effective date is June 21, 2024.'}, {'claim': '[primary_deadline] Revised Phase 2 MY 2027 GHG standards enter force — Model Year 2027 (production from ~Jan 2027)', 'reason': 'fact_span_not_in_source', 'criterion': 3, 'source_span': 'promulgates new greenhouse gas (GHG) emissions standards for Model Year 2032 and later heavy-duty highway vehicles that phase in starting as early Model Year 2027 for certain vehicle categories'}, {'claim': 'New warranty requirements for MY 2027+ ZEV (BEV and FCEV) batteries and electric powertrain components', 'reason': 'fact_span_not_in_source', 'criterion': 3, 'source_span': 'EPA stated it is adding warranty requirements for batteries and other components of zero-emission vehicles and requiring customer-facing battery state-of-health monitors for plug-in hybrid and battery electric vehicles.'}, {'claim': 'October 25, 2016 — HD GHG Phase 2 rule published (81 FR 73478); establishes MY 2027 baseline standards that Phase 3 revises', 'reason': 'fact_span_not_in_source', 'criterion': 3, 'source_span': '81 Fed. Reg. 73478 (Oct. 25, 2016)'}, {'claim': 'Averaging, Banking, and Trading (ABT) programme updates — revised credit structure limiting advanced-technology credits from Phase 2; new cross-averaging-set credit transfer provisions', 'reason': 'fact_span_not_in_source', 'criterion': 3, 'source_span': 'updates discrete elements of the Averaging Banking and Trading program, including providing additional flexibilities for manufacturers to support the implementation of the Phase 3 program balanced by limiting the availability of certain advanced technology credits initially established under the Phase 2 program'}, {'claim': '[effective_date] Revised Phase 2 MY 2027 GHG standards enter force for covered vehicle categories — Rule in force since June 21, 2024', 'reason': 'fact_span_not_in_source', 'criterion': 3, 'source_span': 'The effective date is June 21, 2024.'}, {'claim': 'Averaging, Banking, and Trading (ABT) reporting: Manufacturers participating in the ABT programme must track and report credits generated and used within three weight-class averaging sets', 'reason': 'fact_span_not_in_source', 'criterion': 3, 'source_span': 'updates discrete elements of the Averaging Banking and Trading program, including providing additional flexibilities for manufacturers to support the implementation of the Phase 3 program balanced by limiting the availability of certain advanced technology credits initially established under the Phase 2 program'}, {'claim': 'Customer-facing battery state-of-health monitor required for PHEV and BEV heavy-duty vehicles — MY 2027 and later', 'reason': 'fact_span_not_in_source', 'criterion': 3, 'source_span': 'requiring customer-facing battery state-of-health monitors for plug-in hybrid and battery electric vehicles'}, {'claim': 'April 22, 2024 — Final rule published in the Federal Register, 89 FR 29440, Docket EPA-HQ-OAR-2022-0985', 'reason': 'fact_span_not_in_source', 'criterion': 3, 'source_span': 'It was published in the Federal Register as a final rule on April 22, 2024. 89 Fed. Reg. 29440.'}, {'claim': 'Greenhouse Gas Emissions Standards for Heavy-Duty Vehicles—Phase 3 (FR Doc. 2024-06809), Binding Law — Tier 1, April 22, 2024', 'reason': 'fact_span_not_in_source', 'criterion': 3, 'source_span': 'It was published in the Federal Register as a final rule on April 22, 2024. 89 Fed. Reg. 29440.'}, {'claim': '[penalty_summary] The workspace bears no direct registration, reporting, or certification obligation under Phase 3 as currently written', 'reason': 'fact_span_not_in_source', 'criterion': 3, 'source_span': 'EPA determined that this final rule contains no unfunded mandate for state, local, or tribal governments of $100 million in 1995 dollars, updated annually for inflation, and does not significantly or uniquely affect small governments. EPA stated that the rule imposes no enforceable duty on any state, local, or tribal government.'}, {'claim': '[primary_deadline] Manufacturers must obtain EPA certificates of conformity for each covered engine family and vehicle configuration beginning with MY 2027 production', 'reason': 'fact_span_not_in_source', 'criterion': 3, 'source_span': 'promulgates new greenhouse gas (GHG) emissions standards for Model Year 2032 and later heavy-duty highway vehicles that phase in starting as early Model Year 2027 for certain vehicle categories'}, {'claim': '[jurisdictional_scope] The rule is a production/sales standard applicable to HD vocational vehicles and tractors', 'reason': 'fact_span_not_in_source', 'criterion': 3, 'source_span': 'The new standards will be applicable to HD vocational vehicles (such as delivery trucks, refuse haulers, public utility trucks, transit, shuttle, school buses, etc.) and tractors (such as day cabs and sleeper cabs on tractor-trailer trucks).'}, {'claim': 'Track EPA rulemaking docket EPA-HQ-OAR-2022-0985', 'reason': 'fact_span_not_in_source', 'criterion': 3, 'source_span': 'Docket Numbers EPA-HQ-OAR-2022-0985'}, {'claim': ""EPA's HD GHG Phase 3 rule (40 CFR parts 86, 1036, 1037, 1039, 1054, and 1065) imposes compliance obligations exclusively on vehicle manufacturers and engine makers"", 'reason': 'fact_span_not_in_source', 'criterion': 3, 'source_span': '40 CFR Parts 86, 1036, 1037, 1039, 1054, 1065'}, {'claim': 'The standards are technology-neutral and performance-based, allowing each manufacturer to choose what set of emissions control technologies is best suited for them', 'reason': 'fact_span_not_in_source', 'criterion': 3, 'source_span': 'The standards are technology-neutral and performance-based, allowing each manufacturer to choose what set of emissions control technologies is best suited for them and the needs of their customers.'}]"
bf54dc59-ad47-4e2e-9984-cc4cd0206435,regulation,verified,True,[]
bf734379-188e-48b6-b3ff-76e70c85ccfa,initiative,quarantined,False,"[{'reason': 'no_section_content', 'criterion': 2}, {'reason': 'gate_a_unproven_or_stale', 'criterion': 7}]"
bfb6a9fe-eb29-4e1e-8158-48ce7f6db3b3,guidance,quarantined,False,"[{'claim': 'The Energy Efficiency Existing Ship Index (EEXI) and the Carbon Intensity Indicator (CII) entered into force in 2023.', 'reason': 'fact_below_authority_floor', 'priority': 'LOW', 'criterion': 3, 'floor_max': 2, 'item_type': 'guidance', 'floor_basis': 'item_type_unconditional', 'floor_scope': 'default', 'source_tier_derived': 4}, {'claim': 'Two short-term measures entered into force in 2023: the Energy Efficiency Existing Ship Index (EEXI) and the Carbon Intensity Indicator (CII).', 'reason': 'fact_below_authority_floor', 'priority': 'LOW', 'criterion': 3, 'floor_max': 2, 'item_type': 'guidance', 'floor_basis': 'item_type_unconditional', 'floor_scope': 'default', 'source_tier_derived': 4}, {'claim': 'Both EEXI and CII measures are set to be revised by no later than January 1, 2026.', 'reason': 'fact_below_authority_floor', 'priority': 'LOW', 'criterion': 3, 'floor_max': 2, 'item_type': 'guidance', 'floor_basis': 'item_type_unconditional', 'floor_scope': 'default', 'source_tier_derived': 4}, {'claim': 'Both EEXI and CII are set to be revised by no later than January 1, 2026.', 'reason': 'fact_below_authority_floor', 'priority': 'LOW', 'criterion': 3, 'floor_max': 2, 'item_type': 'guidance', 'floor_basis': 'item_type_unconditional', 'floor_scope': 'default', 'source_tier_derived': 4}, {'claim': 'EEXI and CII are currently in force (entered into force 2023).', 'reason': 'fact_below_authority_floor', 'priority': 'LOW', 'criterion': 3, 'floor_max': 2, 'item_type': 'guidance', 'floor_basis': 'item_type_unconditional', 'floor_scope': 'default', 'source_tier_derived': 4}, {'claim': 'CII entered into force in 2023. Carriers rated D for three consecutive years or E in any year are required to submit corrective action plans.', 'reason': 'fact_below_authority_floor', 'priority': 'LOW', 'criterion': 3, 'floor_max': 2, 'item_type': 'guidance', 'floor_basis': 'item_type_unconditional', 'floor_scope': 'default', 'source_tier_derived': 4}, {'claim': 'Two of these [short-term measures] entered into force in 2023: the Energy Efficiency Existing Ship Index (EEXI) and the Carbon Intensity Indicator (CII). These measures are legally binding because they are incorporated into an international treaty, the International Convention for the Prevention of Pollution from Ships (MARPOL, for short).', 'reason': 'fact_below_authority_floor', 'priority': 'LOW', 'criterion': 3, 'floor_max': 2, 'item_type': 'guidance', 'floor_basis': 'item_type_unconditional', 'floor_scope': 'default', 'source_tier_derived': 4}, {'claim': 'both measures are set to be revised by no later than January 1, 2026.', 'reason': 'fact_below_authority_floor', 'priority': 'LOW', 'criterion': 3, 'floor_max': 2, 'item_type': 'guidance', 'floor_basis': 'item_type_unconditional', 'floor_scope': 'default', 'source_tier_derived': 4}, {'claim': '[primary_deadline] Both EEXI and CII measures are set to be revised by no later than January 1, 2026.', 'reason': 'fact_below_authority_floor', 'priority': 'LOW', 'criterion': 3, 'floor_max': 2, 'item_type': 'guidance', 'floor_basis': 'item_type_unconditional', 'floor_scope': 'default', 'source_tier_derived': 4}, {'claim': 'Virtually all carrier fleets used by global freight forwarders for deep-sea routes will fall within scope once the framework enters into force. However, the framework has not yet been formally adopted (adoption adjourned to 2026).', 'reason': 'analysis_missing_label_syntax', 'criterion': 4}, {'claim': ""member states just agreed to (1) reach net-zero GHG emissions by or around 2050 and (2) 'indicative checkpoints' that call for reducing total GHG emissions by 20% and striving for 30% by 2030 and 70% and striving for 80% by 2040, both relative to 2008."", 'reason': 'analysis_missing_label_syntax', 'criterion': 4}, {'reason': 'gate_a_unproven_or_stale', 'criterion': 7}]"
c0a2dfb3-e394-4e88-8acd-60a714339c4a,regulation,quarantined,False,"[{'claim': ""The Mærsk Mc-Kinney Møller Center for Zero Carbon Shipping announced that Lloyd's Register Maritime Decarbonisation Hub is joining as a Knowledge Partner on 15 July 2025."", 'reason': 'fact_below_authority_floor', 'priority': 'LOW', 'criterion': 3, 'floor_max': 2, 'item_type': 'regulation', 'floor_basis': 'item_type_unconditional', 'floor_scope': 'default', 'source_tier_derived': 3}, {'claim': 'As a Knowledge Partner, the Decarb Hub will contribute expertise in risk and safety engineering, analysis, Human Factors, and policy insights.', 'reason': 'fact_below_authority_floor', 'priority': 'LOW', 'criterion': 3, 'floor_max': 2, 'item_type': 'regulation', 'floor_basis': 'item_type_unconditional', 'floor_scope': 'default', 'source_tier_derived': 3}, {'claim': 'The training frameworks address the needs of seafarers in entry-level or operational roles and senior officers and are accompanied by comprehensive instructor handbooks.', 'reason': 'fact_below_authority_floor', 'priority': 'LOW', 'criterion': 3, 'floor_max': 2, 'item_type': 'regulation', 'floor_basis': 'item_type_unconditional', 'floor_scope': 'default', 'source_tier_derived': 4}, {'claim': 'Shipping companies will also receive support in personnel onboarding and safety management system updates to address the unique risks associated with the new molecules.', 'reason': 'fact_below_authority_floor', 'priority': 'LOW', 'criterion': 3, 'floor_max': 2, 'item_type': 'regulation', 'floor_basis': 'item_type_unconditional', 'floor_scope': 'default', 'source_tier_derived': 4}, {'claim': '[effective_date] The Decarb Hub was formed as an independent, non-profit organisation in 2020.', 'reason': 'fact_below_authority_floor', 'priority': 'LOW', 'criterion': 3, 'floor_max': 2, 'item_type': 'regulation', 'floor_basis': 'item_type_unconditional', 'floor_scope': 'default', 'source_tier_derived': 4}, {'claim': 'Since 2021, the Center has worked closely with the Decarb Hub on a joint work programme addressing safety and risk management for the use of ammonia as a marine fuel.', 'reason': 'fact_below_authority_floor', 'priority': 'LOW', 'criterion': 3, 'floor_max': 2, 'item_type': 'regulation', 'floor_basis': 'item_type_unconditional', 'floor_scope': 'default', 'source_tier_derived': 3}, {'claim': '[primary_deadline] The Maritime Just Transition Task Force launched first interim seafarer training frameworks for the use of ammonia, methanol and hydrogen as fuel on 17 September 2025.', 'reason': 'fact_below_authority_floor', 'priority': 'LOW', 'criterion': 3, 'floor_max': 2, 'item_type': 'regulation', 'floor_basis': 'item_type_unconditional', 'floor_scope': 'default', 'source_tier_derived': 4}, {'claim': 'The MJTTF training frameworks will help regulators and maritime administrations set the criteria for the development of training programmes and the establishment of certification schemes and competency validation mechanisms for seafarers.', 'reason': 'fact_below_authority_floor', 'priority': 'LOW', 'criterion': 3, 'floor_max': 2, 'item_type': 'regulation', 'floor_basis': 'item_type_unconditional', 'floor_scope': 'default', 'source_tier_derived': 4}, {'reason': 'gate_a_unproven_or_stale', 'criterion': 7}]"
c0eab829-5402-4c8a-8c0c-60954e88cc52,research_finding,verified,True,[]
c113dd5d-e96c-4c57-b6ce-8c736bc3fbd1,initiative,quarantined,False,"[{'reason': 'gate_a_unproven_or_stale', 'criterion': 7}]"
c1626e9c-032f-451d-b037-b0437a43a3bb,regulation,unverified,False,"[{'reason': 'missing_source_id', 'criterion': 1}, {'reason': 'no_section_content', 'criterion': 2}, {'reason': 'missing_full_brief', 'criterion': 6}]"
c18a8545-8a73-42ea-8daf-8b90faddbaff,market_signal,pending_human_verify,False,"[{'reason': 'no_section_content', 'criterion': 2}, {'reason': 'missing_full_brief', 'criterion': 6}]"
c1cab7e2-606f-45f1-a229-46c0e7002dfa,research_finding,quarantined,False,"[{'reason': 'gate_a_unproven_or_stale', 'criterion': 7}]"
c26f4ac6-cd91-4bc8-b0c2-84766f9072f6,market_signal,quarantined,False,"[{'reason': 'gate_a_unproven_or_stale', 'criterion': 7}]"
c28b567f-7bd0-4448-b5f0-e3be42334bb6,market_signal,verified,True,[]
c2af2fc0-6792-443f-8c24-ce24f9665aa4,research_finding,verified,True,[]
c2e45859-5e28-4042-8a37-ac8515a302ae,research_finding,quarantined,False,"[{'reason': 'no_section_content', 'criterion': 2}, {'reason': 'gate_a_unproven_or_stale', 'criterion': 7}]"
c3fa4cc2-f168-4784-bf78-dda5c022843e,research_finding,quarantined,False,"[{'reason': 'gate_a_unproven_or_stale', 'criterion': 7}]"
c41f4c7d-8287-4b56-8036-0770a0e78a6f,regulation,unverified,False,"[{'url': 'https://jonesday.com/en/insights/2022/10/new-legislation-shaping-australias-emissions-reduction-policy', 'reason': 'ungrounded_url', 'criterion': 2}, {'url': 'https://climatechangeauthority.gov.au/publications/legislative-reviews', 'reason': 'ungrounded_url', 'criterion': 2}, {'url': 'https://climatechangeauthority.gov.au/publications/legislative-reviews', 'reason': 'ungrounded_url', 'criterion': 2}, {'url': 'https://climate-laws.org/document/climate-change-authority-act-2011_c4f5', 'reason': 'ungrounded_url', 'criterion': 2}, {'url': 'https://climatechangeauthority.gov.au/accu-scheme-reviews', 'reason': 'ungrounded_url', 'criterion': 2}, {'url': 'https://climatechangeauthority.gov.au/special-reviews', 'reason': 'ungrounded_url', 'criterion': 2}, {'url': 'https://climatechangeauthority.gov.au/2023-reviews-climate-schemes', 'reason': 'ungrounded_url', 'criterion': 2}, {'url': 'https://climatechangeauthority.gov.au/accu-scheme-reviews', 'reason': 'ungrounded_url', 'criterion': 2}, {'url': 'https://en.wikipedia.org/wiki/climate_change_authority', 'reason': 'ungrounded_url', 'criterion': 2}, {'url': 'https://dcceew.gov.au/about/reporting/obligations/government-responses/cca-review-cfi-act-2023', 'reason': 'ungrounded_url', 'criterion': 2}, {'url': 'https://classic.austlii.edu.au/au/legis/cth/consol_act/ccaa2011237', 'reason': 'ungrounded_url', 'criterion': 2}, {'url': 'https://climatechangeauthority.gov.au/annual-progress-advice-0', 'reason': 'ungrounded_url', 'criterion': 2}, {'url': 'https://dcceew.gov.au/climate-change/emissions-reduction/accu-scheme/reviews-and-reforms/implementation', 'reason': 'ungrounded_url', 'criterion': 2}, {'url': 'https://dlapiper.com/en/insights/publications/2023/03/australias-climate-change-act-potential-implications-on-the-private-sector', 'reason': 'ungrounded_url', 'criterion': 2}, {'url': 'https://climatechangeauthority.gov.au/special-reviews', 'reason': 'ungrounded_url', 'criterion': 2}, {'url': 'https://legislation.gov.au/c2022a00037/2025-02-20/2025-02-20/text/original/epub/oebps/document_1/document_1.html', 'reason': 'ungrounded_url', 'criterion': 2}, {'url': 'https://climatechangeauthority.gov.au/annual-progress-advice-0', 'reason': 'ungrounded_url', 'criterion': 2}, {'url': 'https://climatechangeauthority.gov.au/2023-reviews-climate-schemes', 'reason': 'ungrounded_url', 'criterion': 2}, {'url': 'https://dlapiper.com/en/insights/publications/2023/03/australias-climate-change-act-potential-implications-on-the-private-sector', 'reason': 'ungrounded_url', 'criterion': 2}, {'url': 'https://loc.gov/item/global-legal-monitor/2022-11-17/australia-legislation-setting-emissions-reduction-targets-enacted', 'reason': 'ungrounded_url', 'criterion': 2}, {'url': 'https://dcceew.gov.au/climate-change/emissions-reduction/accu-scheme/reviews-and-reforms/cca-review-accu-scheme', 'reason': 'ungrounded_url', 'criterion': 2}, {'url': 'https://jonesday.com/en/insights/2022/10/new-legislation-shaping-australias-emissions-reduction-policy', 'reason': 'ungrounded_url', 'criterion': 2}, {'url': 'https://en.wikipedia.org/wiki/climate_change_authority', 'reason': 'ungrounded_url', 'criterion': 2}, {'url': 'https://climatechangeauthority.gov.au/accu-scheme-reviews', 'reason': 'ungrounded_url', 'criterion': 2}, {'url': 'https://climate-laws.org/document/climate-change-authority-act-2011_c4f5', 'reason': 'ungrounded_url', 'criterion': 2}, {'reason': 'unlabeled_assertion', 'criterion': 4, 'section_row_id': '11d76f94-a624-4f00-8baf-811ef9a30dd1'}, {'reason': 'unlabeled_assertion', 'criterion': 4, 'section_row_id': 'd5fa9487-bfb2-41f6-810f-aa5ccd782eac'}, {'reason': 'missing_required_slot', 'slot_key': 'effective_date', 'criterion': 5, 'item_type': 'regulation'}, {'reason': 'missing_required_slot', 'slot_key': 'primary_deadline', 'criterion': 5, 'item_type': 'regulation'}, {'reason': 'missing_required_slot', 'slot_key': 'jurisdictional_scope', 'criterion': 5, 'item_type': 'regulation'}, {'reason': 'missing_required_slot', 'slot_key': 'penalty_summary', 'criterion': 5, 'item_type': 'regulation'}, {'reason': 'missing_full_brief', 'criterion': 6}]"
c4ad4cc5-ab5f-4e21-a422-bf12b5f992b4,regional_data,quarantined,False,"[{'reason': 'no_section_content', 'criterion': 2}]"
c509a0cd-263d-48fc-8d0b-160f786bdbb0,regulation,verified,True,[]
c54cd5f2-779a-4a74-9614-ea38a0e6d55f,initiative,verified,True,[]
c58a6f36-329b-4b84-8863-712ecd7ebef8,research_finding,quarantined,False,"[{'reason': 'unlabeled_assertion', 'criterion': 4, 'section_row_id': '63001923-c64b-47e0-99a6-9b90418e55fd'}, {'reason': 'missing_required_slot', 'slot_key': 'finding', 'criterion': 5, 'item_type': 'research_finding'}, {'reason': 'missing_required_slot', 'slot_key': 'methodology_limits', 'criterion': 5, 'item_type': 'research_finding'}, {'reason': 'missing_required_slot', 'slot_key': 'decision_relevance', 'criterion': 5, 'item_type': 'research_finding'}, {'reason': 'missing_required_slot', 'slot_key': 'does_not_resolve', 'criterion': 5, 'item_type': 'research_finding'}, {'reason': 'gate_a_unproven_or_stale', 'criterion': 7}]"
c5cae7db-c44e-4346-8389-25ff6476d853,regulation,verified,True,[]
c5f34b7e-738c-4df3-9363-a14dda60cbe2,framework,unverified,False,"[{'reason': 'no_section_content', 'criterion': 2}, {'reason': 'missing_full_brief', 'criterion': 6}]"
c6e7abe3-47e8-4c44-9c97-f48aad834e68,guidance,verified,True,[]
c828810c-d371-4562-81c1-d64584ec4f40,market_signal,verified,True,[]
ca56db13-2102-4061-bf4e-5cac79c50414,guidance,unverified,False,"[{'reason': 'no_section_content', 'criterion': 2}, {'reason': 'missing_full_brief', 'criterion': 6}]"
ca7d3a75-b606-4517-9ff9-7624b4edc566,framework,unverified,False,"[{'reason': 'no_section_content', 'criterion': 2}, {'reason': 'missing_full_brief', 'criterion': 6}]"
cc0958fb-6453-4163-8363-27515817597f,framework,quarantined,False,"[{'claim': ""[jurisdictional_scope] The scheme's primary objective is stated as carbon neutral growth of international aviation — excluding domestic aviation."", 'reason': 'fact_below_authority_floor', 'priority': 'HIGH', 'criterion': 3, 'floor_max': 2, 'item_type': 'framework', 'floor_basis': 'priority', 'floor_scope': 'default', 'source_tier_derived': 7}, {'claim': 'The baseline for the First Phase is set at 85% of total 2019 CO₂ emissions for all State pairs subject to offsetting requirements. The 2024 baseline figure was set at 305,522,071 tonnes of CO₂.', 'reason': 'fact_below_authority_floor', 'priority': 'HIGH', 'criterion': 3, 'floor_max': 2, 'item_type': 'framework', 'floor_basis': 'priority', 'floor_scope': 'default', 'source_tier_derived': 7}, {'claim': 'Total 2024 emissions for all applicable State pairs, as reported by 126 States and estimated for 12 more, amounted to 361,159,641 tonnes.', 'reason': 'fact_below_authority_floor', 'priority': 'HIGH', 'criterion': 3, 'floor_max': 2, 'item_type': 'framework', 'floor_basis': 'priority', 'floor_scope': 'default', 'source_tier_derived': 7}, {'claim': '[penalty_summary] IATA projects CORSIA compliance costs rising to $1.7 billion for 2026, from $1.3 billion for 2025.', 'reason': 'fact_below_authority_floor', 'priority': 'HIGH', 'criterion': 3, 'floor_max': 2, 'item_type': 'framework', 'floor_basis': 'priority', 'floor_scope': 'default', 'source_tier_derived': 7}, {'claim': 'CORSIA places direct monitoring, reporting, verification, and offsetting obligations on aircraft operators (airlines) operating international flights between participating State pairs.', 'reason': 'fact_below_authority_floor', 'priority': 'HIGH', 'criterion': 3, 'floor_max': 2, 'item_type': 'framework', 'floor_basis': 'priority', 'floor_scope': 'default', 'source_tier_derived': 7}, {'claim': ""[jurisdictional_scope] Q1 Decided: No. The scheme's primary objective covers 'carbon neutral growth of international aviation — so excluding domestic aviation.'"", 'reason': 'fact_below_authority_floor', 'priority': 'HIGH', 'criterion': 3, 'floor_max': 2, 'item_type': 'framework', 'floor_basis': 'priority', 'floor_scope': 'default', 'source_tier_derived': 7}, {'claim': ""Q2 Decided: Yes. 'Airlines with flights between participating countries, called State pairs, are required to offset emissions that exceed a baseline determined under ICAO Assembly Resolution A42-22.'"", 'reason': 'fact_below_authority_floor', 'priority': 'HIGH', 'criterion': 3, 'floor_max': 2, 'item_type': 'framework', 'floor_basis': 'priority', 'floor_scope': 'default', 'source_tier_derived': 7}, {'claim': '[jurisdictional_scope] CORSIA applies to international civil aviation between CORSIA-participating State pairs. The scheme does not cover domestic aviation.', 'reason': 'fact_below_authority_floor', 'priority': 'HIGH', 'criterion': 3, 'floor_max': 2, 'item_type': 'framework', 'floor_basis': 'priority', 'floor_scope': 'default', 'source_tier_derived': 7}, {'claim': 'The baseline for the First Phase (2024–2026) is 85% of total 2019 CO₂ emissions for all applicable State pairs. The 2024 baseline was 305,522,071 tonnes of CO₂.', 'reason': 'fact_below_authority_floor', 'priority': 'HIGH', 'criterion': 3, 'floor_max': 2, 'item_type': 'framework', 'floor_basis': 'priority', 'floor_scope': 'default', 'source_tier_derived': 7}, {'claim': 'Total 2024 emissions for applicable State pairs reached 361,159,641 tonnes.', 'reason': 'fact_below_authority_floor', 'priority': 'HIGH', 'criterion': 3, 'floor_max': 2, 'item_type': 'framework', 'floor_basis': 'priority', 'floor_scope': 'default', 'source_tier_derived': 7}, {'claim': 'Isometric has also been approved to issue verified carbon removal credits under CORSIA.', 'reason': 'fact_below_authority_floor', 'priority': 'HIGH', 'criterion': 3, 'floor_max': 2, 'item_type': 'framework', 'floor_basis': 'priority', 'floor_scope': 'default', 'source_tier_derived': 7}, {'claim': ""'Information on emissions and other data submitted by Member States through the CORSIA Central Registry (CCR), along with CORSIA documentation, is published on the ICAO website.'"", 'reason': 'fact_below_authority_floor', 'priority': 'HIGH', 'criterion': 3, 'floor_max': 2, 'item_type': 'framework', 'floor_basis': 'priority', 'floor_scope': 'default', 'source_tier_derived': 7}, {'claim': ""'Open sharing of data supports accountability and offers all stakeholders a clear view of collective progress for the robust implementation of the scheme.'"", 'reason': 'fact_below_authority_floor', 'priority': 'HIGH', 'criterion': 3, 'floor_max': 2, 'item_type': 'framework', 'floor_basis': 'priority', 'floor_scope': 'default', 'source_tier_derived': 7}, {'claim': 'The First Phase (2024–2026) is voluntary participation by states. Airlines have flights requiring offsetting only on routes between participating State pairs.', 'reason': 'fact_below_authority_floor', 'priority': 'HIGH', 'criterion': 3, 'floor_max': 2, 'item_type': 'framework', 'floor_basis': 'priority', 'floor_scope': 'default', 'source_tier_derived': 7}, {'claim': ""December 2025: ICAO releases 2024 Sector's Growth Factor (0.15405257); governments begin informing airlines of Phase 1 offsetting requirements."", 'reason': 'fact_below_authority_floor', 'priority': 'HIGH', 'criterion': 3, 'floor_max': 2, 'item_type': 'framework', 'floor_basis': 'priority', 'floor_scope': 'default', 'source_tier_derived': 7}, {'claim': ""'A total of 180,000 Gold Standard carbon credits were retired by Shell, on behalf of Japan Airlines, to meet its obligations under Phase 1 of CORSIA.'"", 'reason': 'fact_below_authority_floor', 'priority': 'HIGH', 'criterion': 3, 'floor_max': 2, 'item_type': 'framework', 'floor_basis': 'priority', 'floor_scope': 'default', 'source_tier_derived': 4}, {'claim': 'March 2026: First large-scale Phase 1 CORSIA credit retirement by a commercial airline (Japan Airlines, via Shell, 180,000 Gold Standard credits).', 'reason': 'fact_below_authority_floor', 'priority': 'HIGH', 'criterion': 3, 'floor_max': 2, 'item_type': 'framework', 'floor_basis': 'priority', 'floor_scope': 'default', 'source_tier_derived': 4}, {'reason': 'missing_required_slot', 'slot_key': 'primary_deadline', 'criterion': 5, 'item_type': 'framework'}, {'reason': 'gate_a_unproven_or_stale', 'criterion': 7}]"
ccba4af8-806e-4b89-8554-096c83f25760,framework,quarantined,False,"[{'reason': 'no_section_content', 'criterion': 2}, {'reason': 'missing_full_brief', 'criterion': 6}]"
ccee10a4-da4a-4a65-810e-51142ec3b753,regulation,quarantined,False,"[{'reason': 'gate_a_unproven_or_stale', 'criterion': 7}]"
cd1083c9-fd05-47f7-bfed-8354b70a31ac,regulation,verified,True,[]
cd238eda-20ee-426d-847d-86ec673d8e55,regional_data,quarantined,False,"[{'reason': 'no_section_content', 'criterion': 2}, {'reason': 'missing_full_brief', 'criterion': 6}]"
cd5c84e3-7a41-4797-bbcd-002884de0c47,directive,quarantined,False,"[{'claim': 'North Carolina was home to about 66,000 ZEVs as of August 2023, against a 1.25 million target.', 'reason': 'fact_below_authority_floor', 'priority': 'LOW', 'criterion': 3, 'floor_max': 2, 'item_type': 'directive', 'floor_basis': 'item_type_unconditional', 'floor_scope': 'default', 'source_tier_derived': None}, {'claim': 'NCDOT should form a dedicated team to help the state create a transportation system that relies less on fossil fuels; create a Clean Transportation Interagency Task Force, including representatives from the state Commerce, Environmental Quality and Health and Human Services departments, to coordinate efforts to carry out the plan and oversee the electrification of state cars, trucks and buses; and review how it prioritizes transportation projects to take into account greenhouse gas emissions.', 'reason': 'fact_below_authority_floor', 'priority': 'LOW', 'criterion': 3, 'floor_max': 2, 'item_type': 'directive', 'floor_basis': 'item_type_unconditional', 'floor_scope': 'default', 'source_tier_derived': None}, {'claim': 'The NCDEQ is directed to submit rules for the ACT program no later than May 15, 2023.', 'reason': 'fact_below_authority_floor', 'priority': 'LOW', 'criterion': 3, 'floor_max': 2, 'item_type': 'directive', 'floor_basis': 'item_type_unconditional', 'floor_scope': 'default', 'source_tier_derived': None}, {'claim': 'Manufacturers would be responsible for offering zero-emission vehicles sales shares of 10 – 13 percent in 2026, increasing to 40 – 75 percent in 2035, depending on vehicle size.', 'reason': 'fact_below_authority_floor', 'priority': 'LOW', 'criterion': 3, 'floor_max': 2, 'item_type': 'directive', 'floor_basis': 'item_type_unconditional', 'floor_scope': 'default', 'source_tier_derived': None}, {'claim': 'After the corridor infrastructure is developed, the NEVI funds can be used to support community charging.', 'reason': 'fact_below_authority_floor', 'priority': 'LOW', 'criterion': 3, 'floor_max': 2, 'item_type': 'directive', 'floor_basis': 'item_type_unconditional', 'floor_scope': 'default', 'source_tier_derived': None}, {'claim': 'NEVI Phase 1 stations are located no more than one mile from Alternative Fuel Corridors and no more than 50 miles apart from each other. Stations must contain at least four charging ports each capable of delivering 150 kilowatts simultaneously.', 'reason': 'fact_below_authority_floor', 'priority': 'LOW', 'criterion': 3, 'floor_max': 2, 'item_type': 'directive', 'floor_basis': 'item_type_unconditional', 'floor_scope': 'default', 'source_tier_derived': None}, {'claim': 'A pilot in North Carolina is examining electric transport refrigeration units. This is a hybrid technology, in which the refrigeration unit runs on diesel when on the road but on electricity, by plugging in, when stationed and idling at distribution centers. This electric application reduces emissions, noise and costs for operators.', 'reason': 'fact_below_authority_floor', 'priority': 'LOW', 'criterion': 3, 'floor_max': 2, 'item_type': 'directive', 'floor_basis': 'item_type_unconditional', 'floor_scope': 'default', 'source_tier_derived': None}, {'claim': 'In the MHD sector, just-in-time delivery that transporters must meet means guaranteed charging at specific times and places, suggesting that larger-scale depot charging would likely be preferred over public charging.', 'reason': 'fact_below_authority_floor', 'priority': 'LOW', 'criterion': 3, 'floor_max': 2, 'item_type': 'directive', 'floor_basis': 'item_type_unconditional', 'floor_scope': 'default', 'source_tier_derived': None}, {'claim': 'The ACT would not apply to off-road vehicles, such as farm equipment or construction vehicles.', 'reason': 'fact_below_authority_floor', 'priority': 'LOW', 'criterion': 3, 'floor_max': 2, 'item_type': 'directive', 'floor_basis': 'item_type_unconditional', 'floor_scope': 'default', 'source_tier_derived': None}, {'reason': 'unlabeled_assertion', 'criterion': 4, 'section_row_id': 'bc391f54-7684-419f-9e99-53b38fe202eb'}, {'reason': 'missing_required_slot', 'slot_key': 'jurisdictional_scope', 'criterion': 5, 'item_type': 'directive'}, {'reason': 'gate_a_unproven_or_stale', 'criterion': 7}]"
cea40062-fead-407a-bf9d-3bf0a666ba00,framework,quarantined,False,"[{'claim': '[jurisdictional_scope] The PNL is developed by Infra S.A. according to the legal attributions of the company.', 'reason': 'fact_below_authority_floor', 'priority': 'MODERATE', 'criterion': 3, 'floor_max': 2, 'item_type': 'framework', 'floor_basis': 'item_type_unconditional', 'floor_scope': 'default', 'source_tier_derived': 3}, {'claim': 'The PNL 2035 was developed with an innovative and fully intermodal methodology, covering cargo and passenger transport at the national level.', 'reason': 'fact_below_authority_floor', 'priority': 'MODERATE', 'criterion': 3, 'floor_max': 2, 'item_type': 'framework', 'floor_basis': 'item_type_unconditional', 'floor_scope': 'default', 'source_tier_derived': 3}, {'claim': '[effective_date] The PNL 2025 was approved on 2 July 2018 by the Council of the Investment Partnership Programme of the Presidency of the Republic.', 'reason': 'fact_below_authority_floor', 'priority': 'MODERATE', 'criterion': 3, 'floor_max': 2, 'item_type': 'framework', 'floor_basis': 'item_type_unconditional', 'floor_scope': 'default', 'source_tier_derived': 3}, {'claim': 'The PNL 2035 Executive Report was presented by EPL (Empresa de Planejamento e Logística) together with the Ministry of Infrastructure and constitutes a milestone for integrated transport planning in Brazil.', 'reason': 'fact_below_authority_floor', 'priority': 'MODERATE', 'criterion': 3, 'floor_max': 2, 'item_type': 'framework', 'floor_basis': 'item_type_unconditional', 'floor_scope': 'default', 'source_tier_derived': 3}, {'claim': 'The PNL 2035 will support the elaboration of Sectoral Tactical Plans, which will have robust technological and informational tools for prioritisation and implementation of actions and projects.', 'reason': 'fact_below_authority_floor', 'priority': 'MODERATE', 'criterion': 3, 'floor_max': 2, 'item_type': 'framework', 'floor_basis': 'item_type_unconditional', 'floor_scope': 'default', 'source_tier_derived': 3}]"
cea7bd1b-cb28-4087-968e-31729c32cb3d,market_signal,verified,True,[]
cec7d711-13b2-41f0-8016-76c988f116ab,regulation,verified,True,[]
cee5aa6b-a4f8-4f14-ae6e-91484eb1f768,standard,verified,True,[]
cfcf9e4c-6562-4c2e-8463-0cc6e5cb0bad,regulation,quarantined,False,"[{'claim': ""[jurisdictional_scope] The UAE's National Hydrogen Strategy 'sets out ambitions to capture a significant share of the global hydrogen market and integrate hydrogen into domestic industries such as steel, cement and transportation.'"", 'reason': 'fact_below_authority_floor', 'priority': 'LOW', 'criterion': 3, 'floor_max': 2, 'item_type': 'regulation', 'floor_basis': 'item_type_unconditional', 'floor_scope': 'default', 'source_tier_derived': 6}, {'claim': ""'The market for low carbon ammonia alone is expected to grow by between 70-90 million tonnes per annum by 2040.'"", 'reason': 'fact_below_authority_floor', 'priority': 'LOW', 'criterion': 3, 'floor_max': 2, 'item_type': 'regulation', 'floor_basis': 'item_type_unconditional', 'floor_scope': 'default', 'source_tier_derived': 6}, {'claim': ""UAE steel, aluminium, and cement producers adopting hydrogen-based processes are doing so specifically to 'maintain EU market access' in the context of EU carbon regulation."", 'reason': 'fact_below_authority_floor', 'priority': 'LOW', 'criterion': 3, 'floor_max': 2, 'item_type': 'regulation', 'floor_basis': 'item_type_unconditional', 'floor_scope': 'default', 'source_tier_derived': 6}, {'claim': 'The leading actors named in the corpus are: ADNOC, Masdar (Abu Dhabi Future Energy Company PJSC), TAQA (Abu Dhabi National Energy Company PJSC), EWEC (Emirates Water and Electricity Company), Mubadala Investment Company PJSC, and ADQ (Abu Dhabi Developmental Holding Company).', 'reason': 'fact_below_authority_floor', 'priority': 'LOW', 'criterion': 3, 'floor_max': 2, 'item_type': 'regulation', 'floor_basis': 'item_type_unconditional', 'floor_scope': 'default', 'source_tier_derived': 6}, {'claim': ""The UAE has 'established export networks to key markets such as Europe, Japan and South Korea.'"", 'reason': 'fact_below_authority_floor', 'priority': 'LOW', 'criterion': 3, 'floor_max': 2, 'item_type': 'regulation', 'floor_basis': 'item_type_unconditional', 'floor_scope': 'default', 'source_tier_derived': 6}, {'claim': ""ADNOC has 'partnered with Mubadala Investment Company PJSC (Mubadala) and Abu Dhabi Developmental Holding Company (ADQ) to create the Abu Dhabi Hydrogen Alliance the aim of which is to establish the UAE as a key hydrogen exporter.'"", 'reason': 'fact_below_authority_floor', 'priority': 'LOW', 'criterion': 3, 'floor_max': 2, 'item_type': 'regulation', 'floor_basis': 'item_type_unconditional', 'floor_scope': 'default', 'source_tier_derived': 6}, {'claim': '2040: Low-carbon ammonia market expected to grow by 70–90 mtpa.', 'reason': 'fact_below_authority_floor', 'priority': 'LOW', 'criterion': 3, 'floor_max': 2, 'item_type': 'regulation', 'floor_basis': 'item_type_unconditional', 'floor_scope': 'default', 'source_tier_derived': 6}, {'claim': ""[jurisdictional_scope] The strategy operates at the federal level across the UAE, with Abu Dhabi as a primary implementation hub. The UAE is described as 'the first country in the Middle East and North Africa (MENA) region' with a Net Zero by 2050 target."", 'reason': 'fact_below_authority_floor', 'priority': 'LOW', 'criterion': 3, 'floor_max': 2, 'item_type': 'regulation', 'floor_basis': 'item_type_unconditional', 'floor_scope': 'default', 'source_tier_derived': 6}, {'claim': ""The Hydrogen Strategy sets out production, export, and domestic integration targets across sectors including 'steel, cement and transportation.'"", 'reason': 'fact_below_authority_floor', 'priority': 'LOW', 'criterion': 3, 'floor_max': 2, 'item_type': 'regulation', 'floor_basis': 'item_type_unconditional', 'floor_scope': 'default', 'source_tier_derived': 6}, {'claim': 'State-owned entities — ADNOC, Masdar, TAQA, EWEC, Mubadala, ADQ — are central to implementation.', 'reason': 'fact_below_authority_floor', 'priority': 'LOW', 'criterion': 3, 'floor_max': 2, 'item_type': 'regulation', 'floor_basis': 'item_type_unconditional', 'floor_scope': 'default', 'source_tier_derived': 6}, {'claim': ""The strategy explicitly names 'transportation' as a domestic integration sector: 'The strategy sets out ambitions to capture a significant share of the global hydrogen market and integrate hydrogen into domestic industries such as steel, cement and transportation.'"", 'reason': 'fact_below_authority_floor', 'priority': 'LOW', 'criterion': 3, 'floor_max': 2, 'item_type': 'regulation', 'floor_basis': 'item_type_unconditional', 'floor_scope': 'default', 'source_tier_derived': 6}, {'claim': ""'ADNOC is developing large-scale blue and green hydrogen projects, leveraging its existing gas infrastructure. It has partnered with Mubadala Investment Company PJSC (Mubadala) and Abu Dhabi Developmental Holding Company (ADQ) to create the Abu Dhabi Hydrogen Alliance the aim of which is to establish the UAE as a key hydrogen exporter.'"", 'reason': 'fact_below_authority_floor', 'priority': 'LOW', 'criterion': 3, 'floor_max': 2, 'item_type': 'regulation', 'floor_basis': 'item_type_unconditional', 'floor_scope': 'default', 'source_tier_derived': 6}, {'claim': 'Mohammed bin Rashid Al Maktoum Solar Park projected to reach 5 GW total capacity — 2030.', 'reason': 'fact_below_authority_floor', 'priority': 'LOW', 'criterion': 3, 'floor_max': 2, 'item_type': 'regulation', 'floor_basis': 'item_type_unconditional', 'floor_scope': 'default', 'source_tier_derived': 6}, {'claim': 'Low-carbon ammonia market expected to grow 70–90 mtpa — 2040.', 'reason': 'fact_below_authority_floor', 'priority': 'LOW', 'criterion': 3, 'floor_max': 2, 'item_type': 'regulation', 'floor_basis': 'item_type_unconditional', 'floor_scope': 'default', 'source_tier_derived': 6}, {'claim': 'Regarding storage, the UAE currently has above-ground hydrogen storage and is working towards developing underground storage, including using salt caverns—though this will require significant development before becoming feasible.', 'reason': 'analysis_missing_label_syntax', 'criterion': 4}, {'claim': ""'The UAE currently has above-ground hydrogen storage and is working towards developing underground storage, including using salt caverns—though this will require significant development before becoming feasible.'"", 'reason': 'analysis_missing_label_syntax', 'criterion': 4}, {'claim': 'The strategy also outlines plans to establish hydrogen oases – dedicated regions for hydrogen production and utilisation – starting with two by 2031 and expanding to five by 2050.', 'reason': 'analysis_missing_label_syntax', 'criterion': 4}, {'claim': 'The strategy aims for a 25% reduction in emissions from hard-to-abate sectors by 2031, with the goal of achieving a 100% reduction by 2050.', 'reason': 'analysis_missing_label_syntax', 'criterion': 4}, {'claim': '[penalty_summary] The Low-Carbon Hydrogen Regulatory Framework has remained in draft form since October 2022.', 'reason': 'analysis_missing_label_syntax', 'criterion': 4}, {'claim': 'Low-Carbon Hydrogen Regulatory Framework: In draft since October 2022; not enacted as of February 2025.', 'reason': 'analysis_missing_label_syntax', 'criterion': 4}, {'claim': 'The Low-Carbon Hydrogen Regulatory Framework remained in draft form since October 2022 and has not been published in enacted form as of February 2025.', 'reason': 'analysis_missing_label_syntax', 'criterion': 4}, {'claim': ""The UAE plans 'a dedicated hydrogen pipeline linking Jebel Ali, Ras Al-Khaimah, Al Ain, and Fujairah.'"", 'reason': 'analysis_missing_label_syntax', 'criterion': 4}, {'claim': ""'The Hydrogen Strategy highlights the importance of hydrogen networks in the UAE's hydrogen economy, leveraging existing resources such as oil and gas reserves, ports, and natural geography to rapidly develop transmission and distribution infrastructure.'"", 'reason': 'analysis_missing_label_syntax', 'criterion': 4}, {'claim': 'The UAE plans a dedicated hydrogen pipeline linking Jebel Ali, Ras Al-Khaimah, Al Ain, and Fujairah.', 'reason': 'analysis_missing_label_syntax', 'criterion': 4}, {'claim': 'Regulatory designation of the first two hydrogen oases: Target date 2031 (Hydrogen Strategy milestone).', 'reason': 'analysis_missing_label_syntax', 'criterion': 4}, {'claim': ""The Strategy 'outlines decarbonisation plans for each of these supply chains' (referring to pipeline, road, rail, shipping)."", 'reason': 'analysis_missing_label_syntax', 'criterion': 4}, {'claim': ""'Pipelines, being the most cost-effective method for transporting high volumes of hydrogen, are a key focus.'"", 'reason': 'analysis_missing_label_syntax', 'criterion': 4}, {'claim': '2050: Target: 14.9 mtpa hydrogen production; five hydrogen oases; net-zero; 100% emissions reduction in hard-to-abate sectors.', 'reason': 'analysis_missing_label_syntax', 'criterion': 4}, {'claim': ""'As of July 2023, the UAE already has four oil pipelines and ten natural gas pipelines used for regional distribution and export, including to Oman and Qatar.'"", 'reason': 'analysis_missing_label_syntax', 'criterion': 4}, {'claim': 'As of July 2023, the UAE already has four oil pipelines and ten natural gas pipelines used for regional distribution and export, including to Oman and Qatar.', 'reason': 'analysis_missing_label_syntax', 'criterion': 4}, {'claim': 'The strategy also outlines plans to establish hydrogen oases – dedicated regions for hydrogen production and utilisation – starting with two by 2031 and expanding to five by 2050.', 'reason': 'analysis_missing_label_syntax', 'criterion': 4}, {'claim': ""The Low-Carbon Hydrogen Regulatory Framework 'has remained in draft form since October 2022.' Not in force as of the latest corpus source date."", 'reason': 'analysis_missing_label_syntax', 'criterion': 4}, {'claim': ""The Low-Carbon Hydrogen Regulatory Framework 'has remained in draft form since October 2022.' No enacted version or published enactment date is recorded in the corpus as of the most recent source dates (June 2025)."", 'reason': 'analysis_missing_label_syntax', 'criterion': 4}, {'claim': ""'Pipelines, being the most cost-effective method for transporting high volumes of hydrogen, are a key focus.' The strategy plans 'a dedicated hydrogen pipeline linking Jebel Ali, Ras Al-Khaimah, Al Ain, and Fujairah. This requires significant investment, clear legislation, and careful network planning.'"", 'reason': 'analysis_missing_label_syntax', 'criterion': 4}, {'claim': ""The hydrogen pipeline 'requires significant investment, clear legislation, and careful network planning' and is a plan, not an operational reality. No current obligation identified."", 'reason': 'analysis_missing_label_syntax', 'criterion': 4}, {'claim': ""'The strategy also outlines decarbonisation plans for each of these supply chains.'"", 'reason': 'analysis_missing_label_syntax', 'criterion': 4}, {'claim': ""'Repurposing these pipelines, especially to address embrittlement, will be vital.' The UAE has 'four oil pipelines and ten natural gas pipelines used for regional distribution and export.'"", 'reason': 'analysis_missing_label_syntax', 'criterion': 4}, {'claim': 'Low-Carbon Hydrogen Regulatory Framework enters draft — October 2022.', 'reason': 'analysis_missing_label_syntax', 'criterion': 4}, {'reason': 'missing_required_slot', 'slot_key': 'effective_date', 'criterion': 5, 'item_type': 'regulation'}, {'reason': 'missing_required_slot', 'slot_key': 'primary_deadline', 'criterion': 5, 'item_type': 'regulation'}, {'reason': 'gate_a_unproven_or_stale', 'criterion': 7}]"
d012bc20-9e9c-4669-942a-f50c3d4d2fe2,research_finding,verified,True,[]
d02b40cc-193a-4248-82bb-1a88953ccfbc,initiative,verified,True,[]
d031e36e-e7b2-4b62-b295-4288fb17067f,regulation,quarantined,False,"[{'claim': 'LADWP benchmarking application processing may take 4-6 weeks. The Los Angeles Benchmarking Guide recommends submitting data request(s) no later than March 1st to allow sufficient processing time ahead of the annual June 1st deadline.', 'reason': 'fact_below_authority_floor', 'priority': 'CRITICAL', 'criterion': 3, 'floor_max': 2, 'item_type': 'regulation', 'floor_basis': 'priority', 'floor_scope': 'default', 'source_tier_derived': 5}, {'claim': 'Once the data feed is connected, LADWP provides automatic recurring updates to your property profile in the ESPM. For ongoing benchmarking, a new application is not required each year.', 'reason': 'fact_below_authority_floor', 'priority': 'CRITICAL', 'criterion': 3, 'floor_max': 2, 'item_type': 'regulation', 'floor_basis': 'priority', 'floor_scope': 'default', 'source_tier_derived': 5}, {'claim': 'Obtain a LADBS Building ID (BID) or CEC Benchmarking Reference Number (BRN). Either are required to receive usage data.', 'reason': 'fact_below_authority_floor', 'priority': 'CRITICAL', 'criterion': 3, 'floor_max': 2, 'item_type': 'regulation', 'floor_basis': 'priority', 'floor_scope': 'default', 'source_tier_derived': 5}, {'claim': 'The benchmarking compliance schedule is tiered by gross floor area: 100,000 sq ft or more (initial report December 1, 2017; annual by June 1); 50,000–99,999 sq ft (initial June 1, 2018; annual by June 1); 20,000–49,999 sq ft (initial June 1, 2019; annual by June 1).', 'reason': 'analysis_missing_label_syntax', 'criterion': 4}, {'claim': 'TREATMENT FACILITY. A facility where industrial processes take place for the treatment of substances, which include, but are not limited to, water, waste, sewage, rain water, oil, and chemicals. Paper mills, foundries, and similar operations are also covered by this definition, which is restricted to the building or buildings where the treatment takes place.', 'reason': 'analysis_missing_label_syntax', 'criterion': 4}, {'claim': '[penalty_summary] The Department may, at its discretion, waive an EBEWE noncompliance fee and associated late fees and interest if it determines, based on satisfactory and verifiable proof, that late compliance or noncompliance was due to any condition described in Subdivisions 4. through 8. of LAMC Subsection 9708.3. The waiver of these fees and interest may be applied retroactively, at the discretion of the Department, to December 1, 2017, as applicable.', 'reason': 'analysis_missing_label_syntax', 'criterion': 4}, {'claim': 'Reports or requests for exemption must be received by LADBS by the compliance due date, but not earlier than 90 calendar days prior to the compliance due date.', 'reason': 'analysis_missing_label_syntax', 'criterion': 4}, {'claim': 'Compliance with Section 9706 shall be due once every five years, as provided in Table 9708.2 based on the last digit of the Los Angeles Department of Building and Safety Building Identification Number (LADBS Building ID) assigned by LADBS to each building subject to this Chapter under Section 9703.', 'reason': 'analysis_missing_label_syntax', 'criterion': 4}, {'reason': 'gate_a_unproven_or_stale', 'criterion': 7}]"
d131224a-e42b-475b-aa38-c9b35d26a2f5,research_finding,quarantined,False,"[{'reason': 'gate_a_unproven_or_stale', 'criterion': 7}]"
d136c88c-8816-4727-b15d-a80b96f0f57b,market_signal,quarantined,False,"[{'reason': 'gate_a_unproven_or_stale', 'criterion': 7}]"
d2b343b4-334d-401e-b93c-962bd8ac9932,regional_data,verified,True,[]
d2da85da-0912-497a-b645-31e4ca73cd18,regulation,quarantined,False,"[{'claim': 'The UAE updated its NDC in 2023. The next NDC revision cycle under the Paris Agreement five-year ratchet mechanism is expected to produce an updated UAE NDC around 2025.', 'reason': 'fact_below_authority_floor', 'priority': 'LOW', 'criterion': 3, 'floor_max': 2, 'item_type': 'regulation', 'floor_basis': 'item_type_unconditional', 'floor_scope': 'default', 'source_tier_derived': 4}, {'claim': ""The Hail and Ghasha Offshore Development project, with 'contracts worth USD 17bn' awarded in October 2023, 'aims to produce 1.5 billion standard cubic feet per day (bscfd) of gas before the end of the decade.'"", 'reason': 'fact_below_authority_floor', 'priority': 'LOW', 'criterion': 3, 'floor_max': 2, 'item_type': 'regulation', 'floor_basis': 'item_type_unconditional', 'floor_scope': 'default', 'source_tier_derived': 4}, {'claim': ""CAT assesses that 'to meet its 2030 NDC target, the government needs to implement more ambitious policies and reduce its 2030 emissions by a further 15–40%.'"", 'reason': 'fact_below_authority_floor', 'priority': 'LOW', 'criterion': 3, 'floor_max': 2, 'item_type': 'regulation', 'floor_basis': 'item_type_unconditional', 'floor_scope': 'default', 'source_tier_derived': 4}, {'claim': ""The 2050 zero-emissions target 'is expected to rely heavily on the use of CCS on gas power plants, instead of a plan to phase out fossil fuels from power generation.' CAT characterises this approach as meaning CCS 'does not remove 100% of emissions from power plants.'"", 'reason': 'fact_below_authority_floor', 'priority': 'LOW', 'criterion': 3, 'floor_max': 2, 'item_type': 'regulation', 'floor_basis': 'item_type_unconditional', 'floor_scope': 'default', 'source_tier_derived': 4}, {'claim': ""The UAE targets 'at least 30% of its electricity through renewable sources by 2030.' The CAT benchmark for 1.5°C compatibility sets 'renewable power generation at 66% of the total by 2030.'"", 'reason': 'fact_below_authority_floor', 'priority': 'LOW', 'criterion': 3, 'floor_max': 2, 'item_type': 'regulation', 'floor_basis': 'item_type_unconditional', 'floor_scope': 'default', 'source_tier_derived': 4}, {'claim': 'Renewables installed capacity trajectory: 2023 actual 6 GW total installed renewable capacity; 2030 target 19.8 GW with expected generation of 33 TWh; 2023 generation share 8%; 2030 target generation share 30%.', 'reason': 'fact_below_authority_floor', 'priority': 'LOW', 'criterion': 3, 'floor_max': 2, 'item_type': 'regulation', 'floor_basis': 'item_type_unconditional', 'floor_scope': 'default', 'source_tier_derived': 4}, {'claim': ""Available power sector measures from the sourced corpus include: 'CO₂ emissions targets or caps for power producers through regulators at the emirate level'; 'Incentives for distributed power generation such as net metering'; 'Installing PV solar in public buildings'; 'Tariff revisions to facilitate load balancing.'"", 'reason': 'fact_below_authority_floor', 'priority': 'LOW', 'criterion': 3, 'floor_max': 2, 'item_type': 'regulation', 'floor_basis': 'item_type_unconditional', 'floor_scope': 'default', 'source_tier_derived': 4}, {'claim': ""The UAE added '2.1 GW of fossil gas power generation capacity in 2023, with around 9 GW of additional projects currently in the pipeline.'"", 'reason': 'fact_below_authority_floor', 'priority': 'LOW', 'criterion': 3, 'floor_max': 2, 'item_type': 'regulation', 'floor_basis': 'item_type_unconditional', 'floor_scope': 'default', 'source_tier_derived': 4}, {'claim': '[jurisdictional_scope] Both its NDC from 2023 and its LTS from early 2024 provide details on policies and action, both current and planned, in the power, industry, transport, buildings, agriculture and waste sectors.', 'reason': 'fact_below_authority_floor', 'priority': 'LOW', 'criterion': 3, 'floor_max': 2, 'item_type': 'regulation', 'floor_basis': 'item_type_unconditional', 'floor_scope': 'default', 'source_tier_derived': 4}, {'claim': ""The CAT assessment notes that 'the UAE has published information on many relevant climate policies across all sectors of the economy' since 2023, indicating an accelerating pace of policy publication."", 'reason': 'fact_below_authority_floor', 'priority': 'LOW', 'criterion': 3, 'floor_max': 2, 'item_type': 'regulation', 'floor_basis': 'item_type_unconditional', 'floor_scope': 'default', 'source_tier_derived': 4}, {'claim': 'achievement of the 2050 target of a zero-emissions grid coefficient is expected to rely heavily on the use of CCS on gas power plants.', 'reason': 'fact_below_authority_floor', 'priority': 'LOW', 'criterion': 3, 'floor_max': 2, 'item_type': 'regulation', 'floor_basis': 'item_type_unconditional', 'floor_scope': 'default', 'source_tier_derived': 4}, {'claim': 'The UAE plans to rely heavily on carbon capture and storage (CCS) technologies especially after 2030 and towards its 2050 target, which undermines the credibility of its climate policies and targets.', 'reason': 'fact_below_authority_floor', 'priority': 'LOW', 'criterion': 3, 'floor_max': 2, 'item_type': 'regulation', 'floor_basis': 'item_type_unconditional', 'floor_scope': 'default', 'source_tier_derived': 4}, {'claim': ""The UAE's LTS plans include incentives for distributed power generation such as net metering, installing PV solar in public buildings, and tariff revisions to facilitate load balancing."", 'reason': 'fact_below_authority_floor', 'priority': 'LOW', 'criterion': 3, 'floor_max': 2, 'item_type': 'regulation', 'floor_basis': 'item_type_unconditional', 'floor_scope': 'default', 'source_tier_derived': 4}, {'claim': 'The share of electricity generated from renewables has increased in the past five years, going from 3% in 2019 to 8% in 2023.', 'reason': 'fact_below_authority_floor', 'priority': 'LOW', 'criterion': 3, 'floor_max': 2, 'item_type': 'regulation', 'floor_basis': 'item_type_unconditional', 'floor_scope': 'default', 'source_tier_derived': 4}, {'claim': 'In November 2022, the UAE signed the Partnership for Accelerating Clean Energy (PACE) with the US, committing to mobilise USD 100bn to support the development of 100 GW of renewables both domestically and abroad by 2035.', 'reason': 'fact_below_authority_floor', 'priority': 'LOW', 'criterion': 3, 'floor_max': 2, 'item_type': 'regulation', 'floor_basis': 'item_type_unconditional', 'floor_scope': 'default', 'source_tier_derived': 4}, {'claim': '[jurisdictional_scope] The UAE Net Zero 2050 Strategy covers all major sectors of the UAE economy and applies as a federal policy framework.', 'reason': 'fact_below_authority_floor', 'priority': 'LOW', 'criterion': 3, 'floor_max': 2, 'item_type': 'regulation', 'floor_basis': 'item_type_unconditional', 'floor_scope': 'default', 'source_tier_derived': 4}, {'claim': ""The UAE's LTS includes transport sector measures at the measure level; as implementing instruments are published, carriers serving UAE routes may face compliance costs that pass through to the workspace's freight rates."", 'reason': 'analysis_missing_label_syntax', 'criterion': 4}, {'claim': 'Effect on air-freight cargo verticals (live events, fine art, film & TV, humanitarian) requires carrier-specific rate data — current pass-through rates not publicly available.', 'reason': 'analysis_missing_label_syntax', 'criterion': 4}, {'claim': 'UAE-issued sustainability reporting frameworks and client-facing disclosure requirements are emerging in parallel with the LTS; spend-based or distance-based Scope 3 estimates for UAE operations may not satisfy client or regulatory scrutiny under ISO 14083 or equivalent UAE-adopted standards as these develop.', 'reason': 'analysis_missing_label_syntax', 'criterion': 4}, {'claim': 'The UAE LTS includes transport sector electrification measures. Road carriers serving the workspace for UAE drayage and last-mile operations may face vehicle replacement obligations that affect service availability and cost in the 2027–2030 window.', 'reason': 'analysis_missing_label_syntax', 'criterion': 4}, {'claim': 'For UAE warehouse, handling, or office facilities, the workspace should track the annual UAE grid emissions factor (currently 0.55 tCO₂e/MWh baseline; 0.27 tCO₂e/MWh by 2030) to update Scope 2 calculations annually.', 'reason': 'analysis_missing_label_syntax', 'criterion': 4}, {'reason': 'unlabeled_assertion', 'criterion': 4, 'section_row_id': 'd46f775e-2915-4531-b3d5-3595debed738'}, {'reason': 'gate_a_unproven_or_stale', 'criterion': 7}]"
d30bc25d-11cf-48bb-b987-989e060f8c6b,tool,quarantined,False,"[{'reason': 'no_section_content', 'criterion': 2}]"
d3e36935-75db-4652-90d4-2cab9d9a6cd3,guidance,unverified,False,"[{'url': 'https://umweltbundesamt.de/en/topics/climate-energy/fluorinated-greenhouse-gases-fully-halogenated-cfcs/statutes-regulations/eu-regulation-concerning-fluorinated-greenhouse', 'reason': 'ungrounded_url', 'criterion': 2}, {'url': 'https://eur-lex.europa.eu/legal-content/en/lsu/?uri=oj:l_202400573', 'reason': 'ungrounded_url', 'criterion': 2}, {'url': 'https://climate.ec.europa.eu/eu-action/fluorinated-greenhouse-gases/stakeholder-obligations/f-gases-equipment-and-products_en', 'reason': 'ungrounded_url', 'criterion': 2}, {'url': 'https://afscooling.com/blog/the-digital-backbone-of-f-gas-compliance-navigating-the-f-gas-portal-and-automated-customs-controls', 'reason': 'ungrounded_url', 'criterion': 2}, {'url': 'https://complianceandrisks.com/blog/regulation-eu-2024-573-european-commission-adopts-new-f-gas-regulation', 'reason': 'ungrounded_url', 'criterion': 2}, {'url': 'https://umweltbundesamt.de/en/topics/climate-energy/fluorinated-greenhouse-gases-fully-halogenated-cfcs', 'reason': 'ungrounded_url', 'criterion': 2}, {'url': 'https://climate.ec.europa.eu/eu-action/fluorinated-greenhouse-gases/f-gas-portal_en', 'reason': 'ungrounded_url', 'criterion': 2}, {'url': 'https://climate.ec.europa.eu/eu-action/fluorinated-greenhouse-gases/stakeholder-obligations/f-gases-bulk_en', 'reason': 'ungrounded_url', 'criterion': 2}, {'url': 'https://climate.ec.europa.eu/eu-action/fluorinated-greenhouse-gases/f-gas-portal_en', 'reason': 'ungrounded_url', 'criterion': 2}, {'url': 'https://umweltbundesamt.de/en/topics/climate-energy/fluorinated-greenhouse-gases-fully-halogenated-cfcs/statutes-regulations/eu-regulation-concerning-fluorinated-greenhouse', 'reason': 'ungrounded_url', 'criterion': 2}, {'url': 'https://cattwyk.com/en-news/news-on-the-amendment-of-the-f-gas-regulation', 'reason': 'ungrounded_url', 'criterion': 2}, {'url': 'https://climate.ec.europa.eu/eu-action/fluorinated-greenhouse-gases/f-gas-portal_en', 'reason': 'ungrounded_url', 'criterion': 2}, {'url': 'https://eur-lex.europa.eu/en/legal-content/summary/fluorinated-greenhouse-gases.html', 'reason': 'ungrounded_url', 'criterion': 2}, {'url': 'https://climate.ec.europa.eu/eu-action/fluorinated-greenhouse-gases/stakeholder-obligations/f-gases-equipment-and-products_en', 'reason': 'ungrounded_url', 'criterion': 2}, {'url': 'https://unife.org/wp-content/uploads/2024/11/unife-fact-sheet-f-gas-regulation-2024-11.pdf', 'reason': 'ungrounded_url', 'criterion': 2}, {'url': 'https://umweltbundesamt.de/en/service/newsletter/archive/newsletter-uba-aktuell-no-42024', 'reason': 'ungrounded_url', 'criterion': 2}, {'url': 'https://ehpa.org/wp-content/uploads/2024/11/f-gas-regulation-guidelines_european-heat-pump-association_november-2024.pdf', 'reason': 'ungrounded_url', 'criterion': 2}, {'url': 'https://climate.ec.europa.eu/eu-action/fluorinated-greenhouse-gases/f-gas-legislation_en', 'reason': 'ungrounded_url', 'criterion': 2}, {'url': 'https://umweltbundesamt.de/en/topics/climate-energy/fluorinated-greenhouse-gases-fully-halogenated-cfcs/statutes-regulations/eu-regulation-concerning-fluorinated-greenhouse', 'reason': 'ungrounded_url', 'criterion': 2}, {'reason': 'unlabeled_assertion', 'criterion': 4, 'section_row_id': '4811dc64-21a5-4231-8e88-cf2c57e14759'}, {'reason': 'unlabeled_assertion', 'criterion': 4, 'section_row_id': '2e661c27-3e70-4cb4-bc82-d4a4d6a4ad2b'}, {'reason': 'unlabeled_assertion', 'criterion': 4, 'section_row_id': 'a50c707a-b341-45b1-9892-b7eb5b10a29a'}, {'reason': 'unlabeled_assertion', 'criterion': 4, 'section_row_id': 'a54c4fa6-facf-4736-8621-2031651fc177'}, {'reason': 'unlabeled_assertion', 'criterion': 4, 'section_row_id': 'dc4d711d-6d7a-4234-85a3-ca96fa889671'}, {'reason': 'unlabeled_assertion', 'criterion': 4, 'section_row_id': 'b7eb1fce-0455-4ec4-81fb-68d2b87c1f9f'}, {'reason': 'missing_required_slot', 'slot_key': 'effective_date', 'criterion': 5, 'item_type': 'guidance'}, {'reason': 'missing_required_slot', 'slot_key': 'jurisdictional_scope', 'criterion': 5, 'item_type': 'guidance'}, {'reason': 'missing_required_slot', 'slot_key': 'penalty_summary', 'criterion': 5, 'item_type': 'guidance'}, {'reason': 'missing_required_slot', 'slot_key': 'primary_deadline', 'criterion': 5, 'item_type': 'guidance'}, {'reason': 'missing_full_brief', 'criterion': 6}]"
d4a1a8ec-88ca-47cb-b8d6-5a10454e0605,initiative,quarantined,False,"[{'reason': 'no_section_content', 'criterion': 2}, {'reason': 'gate_a_unproven_or_stale', 'criterion': 7}]"
d4dd6677-8ff8-4445-b818-5ed6f8d3c911,regional_data,quarantined,False,"[{'reason': 'gate_a_unproven_or_stale', 'criterion': 7}]"
d56ca4e1-5f68-4bf8-9c88-47ecfee986f0,regulation,quarantined,False,"[{'claim': '[jurisdictional_scope] Any building over 25,000 sq ft — or any group of buildings on the same tax lot exceeding 50,000 sq ft — is subject to LL97.', 'reason': 'fact_below_authority_floor', 'priority': 'CRITICAL', 'criterion': 3, 'floor_max': 2, 'item_type': 'regulation', 'floor_basis': 'priority', 'floor_scope': 'default', 'source_tier_derived': None}, {'claim': '[penalty_summary] Each excess ton carries a recurring penalty of $268/tCO₂e annually.', 'reason': 'fact_below_authority_floor', 'priority': 'CRITICAL', 'criterion': 3, 'floor_max': 2, 'item_type': 'regulation', 'floor_basis': 'priority', 'floor_scope': 'default', 'source_tier_derived': None}, {'claim': 'Annual LL97 compliance reports must be certified by a licensed Professional Engineer or Registered Architect and submitted through the NYC Building Energy Analysis Manager (BEAM) portal.', 'reason': 'fact_below_authority_floor', 'priority': 'CRITICAL', 'criterion': 3, 'floor_max': 2, 'item_type': 'regulation', 'floor_basis': 'priority', 'floor_scope': 'default', 'source_tier_derived': None}, {'claim': '[primary_deadline] Building owners who retained a registered design professional by February 1, 2025, may request an additional extension until August 29, 2025.', 'reason': 'fact_below_authority_floor', 'priority': 'CRITICAL', 'criterion': 3, 'floor_max': 2, 'item_type': 'regulation', 'floor_basis': 'priority', 'floor_scope': 'default', 'source_tier_derived': None}, {'claim': '[effective_date] The first compliance period begins in 2024, and buildings must meet set emissions limits or face significant financial penalties. Further restrictions come into effect in 2030 and 2035.', 'reason': 'fact_below_authority_floor', 'priority': 'CRITICAL', 'criterion': 3, 'floor_max': 2, 'item_type': 'regulation', 'floor_basis': 'priority', 'floor_scope': 'default', 'source_tier_derived': None}, {'claim': '[jurisdictional_scope] NYC Local Law 97 is building-owner legislation: all compliance obligations are imposed directly on the owner of a covered building.', 'reason': 'fact_below_authority_floor', 'priority': 'CRITICAL', 'criterion': 3, 'floor_max': 2, 'item_type': 'regulation', 'floor_basis': 'priority', 'floor_scope': 'default', 'source_tier_derived': None}, {'claim': 'It must file annual reports, engage an RDP, and absorb or pass through retrofit costs.', 'reason': 'fact_below_authority_floor', 'priority': 'CRITICAL', 'criterion': 3, 'floor_max': 2, 'item_type': 'regulation', 'floor_basis': 'priority', 'floor_scope': 'default', 'source_tier_derived': None}, {'claim': '[effective_date] Meet annual GHG emissions limits (Article 320) — emissions intensity caps in effect January 1, 2024; ongoing annually through 2029.', 'reason': 'fact_below_authority_floor', 'priority': 'CRITICAL', 'criterion': 3, 'floor_max': 2, 'item_type': 'regulation', 'floor_basis': 'priority', 'floor_scope': 'default', 'source_tier_derived': None}, {'claim': '[penalty_summary] Pay civil penalty for emissions exceedance: $268/tCO₂e above annual limit.', 'reason': 'fact_below_authority_floor', 'priority': 'CRITICAL', 'criterion': 3, 'floor_max': 2, 'item_type': 'regulation', 'floor_basis': 'priority', 'floor_scope': 'default', 'source_tier_derived': None}, {'claim': '[primary_deadline] Submit annual LL97 compliance report certified by Registered Design Professional (RDP) via BEAM portal; May 1 annually (2026 base deadline); extension to August 29, 2026 available via BEAM for $60 fee by June 30, 2026.', 'reason': 'fact_below_authority_floor', 'priority': 'CRITICAL', 'criterion': 3, 'floor_max': 2, 'item_type': 'regulation', 'floor_basis': 'priority', 'floor_scope': 'default', 'source_tier_derived': None}, {'claim': ""LL97 report data flows from ESPM to BEAM; each covered building's ESPM account must be active and current with 12 months of utility data by fuel type."", 'reason': 'fact_below_authority_floor', 'priority': 'CRITICAL', 'criterion': 3, 'floor_max': 2, 'item_type': 'regulation', 'floor_basis': 'priority', 'floor_scope': 'default', 'source_tier_derived': None}, {'claim': 'The law mandates that each annual compliance report be certified by a licensed Professional Engineer or Registered Architect.', 'reason': 'fact_below_authority_floor', 'priority': 'CRITICAL', 'criterion': 3, 'floor_max': 2, 'item_type': 'regulation', 'floor_basis': 'priority', 'floor_scope': 'default', 'source_tier_derived': None}, {'claim': '[effective_date] January 1, 2024 — First compliance period begins; emissions intensity limits in effect for most covered buildings over 25,000 sq ft (Article 320 Compliance Pathway 0).', 'reason': 'fact_below_authority_floor', 'priority': 'CRITICAL', 'criterion': 3, 'floor_max': 2, 'item_type': 'regulation', 'floor_basis': 'priority', 'floor_scope': 'default', 'source_tier_derived': None}, {'claim': 'April 2024 — Beneficial Electrification Credit rules take effect; higher credits available for installations before 2026.', 'reason': 'fact_below_authority_floor', 'priority': 'CRITICAL', 'criterion': 3, 'floor_max': 2, 'item_type': 'regulation', 'floor_basis': 'priority', 'floor_scope': 'default', 'source_tier_derived': None}, {'claim': '[primary_deadline] February 1, 2025 — Deadline for buildings seeking extended filing extension (to August 29, 2025) to have retained an RDP or RCxA.', 'reason': 'fact_below_authority_floor', 'priority': 'CRITICAL', 'criterion': 3, 'floor_max': 2, 'item_type': 'regulation', 'floor_basis': 'priority', 'floor_scope': 'default', 'source_tier_derived': None}, {'claim': '[primary_deadline] As of 2025, the first annual LL97 compliance reports are due by May 1, 2025.', 'reason': 'fact_below_authority_floor', 'priority': 'CRITICAL', 'criterion': 3, 'floor_max': 2, 'item_type': 'regulation', 'floor_basis': 'priority', 'floor_scope': 'default', 'source_tier_derived': None}, {'claim': '2030 and Beyond: The emissions limits become more stringent in 2030 and will continue to tighten through 2050.', 'reason': 'fact_below_authority_floor', 'priority': 'CRITICAL', 'criterion': 3, 'floor_max': 2, 'item_type': 'regulation', 'floor_basis': 'priority', 'floor_scope': 'default', 'source_tier_derived': None}, {'reason': 'missing_full_brief', 'criterion': 6}]"
d5ee6ab8-ebf0-4903-89b5-3e1d4d3d47de,directive,quarantined,False,"[{'claim': '[effective_date] From 1 January 2026, the definitive regime begins, where only authorised EU CBAM declarants may import covered goods, and must annually surrender certificates corresponding to the embedded emissions in their imports.', 'reason': 'fact_below_authority_floor', 'priority': 'CRITICAL', 'criterion': 3, 'floor_max': 2, 'item_type': 'directive', 'floor_basis': 'priority', 'floor_scope': 'default', 'source_tier_derived': 7}, {'claim': 'In July 2025, the Commission proposed an amendment to the EU Climate Law, which would establish an EU climate target for 2040 of a 90% reduction in net GHG emissions, compared to 1990 levels.', 'reason': 'fact_below_authority_floor', 'priority': 'CRITICAL', 'criterion': 3, 'floor_max': 2, 'item_type': 'directive', 'floor_basis': 'priority', 'floor_scope': 'default', 'source_tier_derived': 7}, {'claim': 'The scope of the EU CBAM is expected to expand over time, with a review scheduled before the end of 2025 to consider including additional products and emission types, such as organic chemicals, polymers, and further downstream goods.', 'reason': 'fact_below_authority_floor', 'priority': 'CRITICAL', 'criterion': 3, 'floor_max': 2, 'item_type': 'directive', 'floor_basis': 'priority', 'floor_scope': 'default', 'source_tier_derived': 7}, {'claim': '[effective_date] Following a decision by the EU Council and the European Parliament in March 2026, the start date was postponed for one year, to 2028.', 'reason': 'fact_below_authority_floor', 'priority': 'CRITICAL', 'criterion': 3, 'floor_max': 2, 'item_type': 'directive', 'floor_basis': 'priority', 'floor_scope': 'default', 'source_tier_derived': 3}, {'claim': 'The Commission launched a public consultation in April 2025 to gather input on the integration of GHG removals, which seeks to assess the potential impacts and design considerations for such integration, with a report expected by July 2026.', 'reason': 'fact_below_authority_floor', 'priority': 'CRITICAL', 'criterion': 3, 'floor_max': 2, 'item_type': 'directive', 'floor_basis': 'priority', 'floor_scope': 'default', 'source_tier_derived': 7}, {'claim': '[jurisdictional_scope] The Fit for 55 package applies across the EU customs territory and all 27 EU Member States, plus EEA-relevant instruments also apply in Iceland, Liechtenstein, and Norway.', 'reason': 'fact_below_authority_floor', 'priority': 'CRITICAL', 'criterion': 3, 'floor_max': 2, 'item_type': 'directive', 'floor_basis': 'priority', 'floor_scope': 'default', 'source_tier_derived': 3}, {'claim': 'The proposal has been submitted to the European Parliament (Parliament) and the European Council (Council) for discussion and adoption under the ordinary legislative procedure.', 'reason': 'fact_below_authority_floor', 'priority': 'CRITICAL', 'criterion': 3, 'floor_max': 2, 'item_type': 'directive', 'floor_basis': 'priority', 'floor_scope': 'default', 'source_tier_derived': 7}, {'claim': 'On 1 July 2025, the Commission released a call for evidence regarding the potential to expand the EU CBAM scope to cover certain downstream products, including a broader range of steel and aluminium-intensive downstream products.', 'reason': 'fact_below_authority_floor', 'priority': 'CRITICAL', 'criterion': 3, 'floor_max': 2, 'item_type': 'directive', 'floor_basis': 'priority', 'floor_scope': 'default', 'source_tier_derived': 7}, {'claim': ""The Commission's November 2025 MSR proposal includes doubling the number of allowances to be injected if the carbon price exceeds EUR 45, while also extending the instrument's validity beyond 2030."", 'reason': 'fact_below_authority_floor', 'priority': 'CRITICAL', 'criterion': 3, 'floor_max': 2, 'item_type': 'directive', 'floor_basis': 'priority', 'floor_scope': 'default', 'source_tier_derived': 3}, {'claim': 'This regulation requires aviation fuel suppliers to progressively increase the share of sustainable aviation fuels (SAF) in their blends, targeting a minimum of 70% SAF in total aviation fuel supplied by 2050.', 'reason': 'fact_below_authority_floor', 'priority': 'CRITICAL', 'criterion': 3, 'floor_max': 2, 'item_type': 'directive', 'floor_basis': 'priority', 'floor_scope': 'default', 'source_tier_derived': 4}, {'claim': 'This essentially concerns the following fossil fuel sources: petrol, gasoil (diesel), heating oil, natural gas, liquefied gas, and coal.', 'reason': 'fact_below_authority_floor', 'priority': 'CRITICAL', 'criterion': 3, 'floor_max': 2, 'item_type': 'directive', 'floor_basis': 'priority', 'floor_scope': 'default', 'source_tier_derived': 3}, {'claim': 'This change seeks to reduce the administrative burden for small and occasional importers, removing about 90% of importers from compliance requirements, while still ensuring that 99% of embedded emissions remain covered by the mechanism.', 'reason': 'fact_below_authority_floor', 'priority': 'CRITICAL', 'criterion': 3, 'floor_max': 2, 'item_type': 'directive', 'floor_basis': 'priority', 'floor_scope': 'default', 'source_tier_derived': 7}, {'claim': '[effective_date] The CBAM Regulation entered its transitional phase on 1 October 2023.', 'reason': 'fact_below_authority_floor', 'priority': 'CRITICAL', 'criterion': 3, 'floor_max': 2, 'item_type': 'directive', 'floor_basis': 'priority', 'floor_scope': 'default', 'source_tier_derived': 7}, {'claim': 'The CBAM phase-in plan gradually ceases the free allocation of EU ETS allowances over a nine-year period (from 2026 to 2034) for sectors covered by CBAM. The phase-out of free allocation will begin at a slow rate before accelerating towards the end of the period. It will also correspond directly to the CBAM phase-in, so that during the transition period CBAM will only apply to the proportion of emissions that are not subject to free allocation under the EU ETS.', 'reason': 'fact_below_authority_floor', 'priority': 'CRITICAL', 'criterion': 3, 'floor_max': 2, 'item_type': 'directive', 'floor_basis': 'priority', 'floor_scope': 'default', 'source_tier_derived': 3}, {'claim': 'The CBAM applies to cement, aluminium, fertilisers, electricity, hydrogen, iron and steel, along with some precursors and downstream products.', 'reason': 'fact_below_authority_floor', 'priority': 'CRITICAL', 'criterion': 3, 'floor_max': 2, 'item_type': 'directive', 'floor_basis': 'priority', 'floor_scope': 'default', 'source_tier_derived': 3}, {'claim': 'A new, separate emissions trading system (EU ETS 2) will be established to cover emissions from fuels used for combustion in buildings, road transport and additional sectors (mainly small industrial emitters not covered by the existing EU ETS).', 'reason': 'fact_below_authority_floor', 'priority': 'CRITICAL', 'criterion': 3, 'floor_max': 2, 'item_type': 'directive', 'floor_basis': 'priority', 'floor_scope': 'default', 'source_tier_derived': 3}, {'claim': '[penalty_summary] Covered entities must pay an excess emissions penalty of EUR 100 (USD 113), adjusted for inflation with 2013 as the base year, for each tCO2 emitted for which no allowance has been surrendered, in addition to buying and surrendering the equivalent number of allowances.', 'reason': 'fact_below_authority_floor', 'priority': 'CRITICAL', 'criterion': 3, 'floor_max': 2, 'item_type': 'directive', 'floor_basis': 'priority', 'floor_scope': 'default', 'source_tier_derived': 3}, {'claim': 'The reform entails the phasing in of maritime sector emissions into the EU ETS, with the obligation to surrender allowances rising from 40% of verified emissions in 2024 to 100% in 2026. All emissions from intra-EU voyages and within EU ports will be covered by the ETS, and 50% of the emissions for journeys to or from a non-EU country.', 'reason': 'fact_below_authority_floor', 'priority': 'CRITICAL', 'criterion': 3, 'floor_max': 2, 'item_type': 'directive', 'floor_basis': 'priority', 'floor_scope': 'default', 'source_tier_derived': 3}, {'claim': 'Co-legislators committed to greater emissions reductions under the EU ETS, setting a target of 62% below 2005 levels by 2030.', 'reason': 'fact_below_authority_floor', 'priority': 'CRITICAL', 'criterion': 3, 'floor_max': 2, 'item_type': 'directive', 'floor_basis': 'priority', 'floor_scope': 'default', 'source_tier_derived': 3}, {'claim': '[effective_date] AFIR Regulation 2023/1804 was published in the EU Official Journal on 22 September 2023. It entered into force on 12 October 2023.', 'reason': 'fact_below_authority_floor', 'priority': 'CRITICAL', 'criterion': 3, 'floor_max': 2, 'item_type': 'directive', 'floor_basis': 'priority', 'floor_scope': 'default', 'source_tier_derived': 4}, {'claim': '[effective_date] The reforms set out in the revised ETS Directive will apply from 1 January 2024.', 'reason': 'fact_below_authority_floor', 'priority': 'CRITICAL', 'criterion': 3, 'floor_max': 2, 'item_type': 'directive', 'floor_basis': 'priority', 'floor_scope': 'default', 'source_tier_derived': 3}, {'claim': 'The covered fuels essentially concern the following fossil fuel sources: petrol, gasoil (diesel), heating oil, natural gas, liquefied gas, and coal.', 'reason': 'fact_below_authority_floor', 'priority': 'CRITICAL', 'criterion': 3, 'floor_max': 2, 'item_type': 'directive', 'floor_basis': 'priority', 'floor_scope': 'default', 'source_tier_derived': 3}, {'claim': '31 December 2024: Deadline for submission of draft national policy frameworks (NPFs) by EU Member States. 31 December 2024 – 31 December 2029: Deadlines for mandatory onshore power supply (OPS) in TEN-T ports for inland and seaports respectively.', 'reason': 'fact_span_not_in_source', 'criterion': 3, 'source_span': '31 December 2024 : Deadline for submission of draft national policy frameworks (NPFs) by EU Member States 31 December 2024- 31 December 2029 : Deadlines for mandatory onshore power supply (OPS) in TEN-T ports for inland and seaports respectively'}, {'claim': '31 December 2024: Deadline for submission of draft national policy frameworks (NPFs) by EU Member States. 31 December 2024 – 31 December 2029: Deadlines for mandatory onshore power supply (OPS) in TEN-T ports for inland and seaports respectively.', 'reason': 'fact_below_authority_floor', 'priority': 'CRITICAL', 'criterion': 3, 'floor_max': 2, 'item_type': 'directive', 'floor_basis': 'priority', 'floor_scope': 'default', 'source_tier_derived': 4}, {'claim': 'Main EU ports (TEN-T ports) are required to provide a minimum shore-side electricity supply for seagoing container ships and seagoing passenger ships over 5,000 GT as of January 2030.', 'reason': 'fact_span_not_in_source', 'criterion': 3, 'source_span': 'Main EU ports (TEN-T ports) are required to provide a minimum shore-side electricity supply for seagoing container ships and seagoing passenger ships over 5,000 GT as of January 2030'}, {'claim': 'Main EU ports (TEN-T ports) are required to provide a minimum shore-side electricity supply for seagoing container ships and seagoing passenger ships over 5,000 GT as of January 2030.', 'reason': 'fact_below_authority_floor', 'priority': 'CRITICAL', 'criterion': 3, 'floor_max': 2, 'item_type': 'directive', 'floor_basis': 'priority', 'floor_scope': 'default', 'source_tier_derived': 4}, {'claim': 'TEN-T maritime ports should provide an appropriate number of refuelling points for liquified methane by January 2025.', 'reason': 'fact_span_not_in_source', 'criterion': 3, 'source_span': 'TEN-T maritime ports should provide an appropriate number of refuelling points for liquified methane by January 2025'}, {'claim': 'TEN-T maritime ports should provide an appropriate number of refuelling points for liquified methane by January 2025.', 'reason': 'fact_below_authority_floor', 'priority': 'CRITICAL', 'criterion': 3, 'floor_max': 2, 'item_type': 'directive', 'floor_basis': 'priority', 'floor_scope': 'default', 'source_tier_derived': 4}, {'claim': 'The maritime sector faces new GHG intensity reduction requirements for marine fuels, with a mandatory 2% reduction by 2025, increasing to an ambitious 80% reduction by 2050.', 'reason': 'fact_below_authority_floor', 'priority': 'CRITICAL', 'criterion': 3, 'floor_max': 2, 'item_type': 'directive', 'floor_basis': 'priority', 'floor_scope': 'default', 'source_tier_derived': 7}, {'claim': '[effective_date] 12 October 2023: AFIR entered into force.', 'reason': 'fact_span_not_in_source', 'criterion': 3, 'source_span': 'AFIR Regulation 2023/1804 was published in the EU Official Journal on 22 September 2023. It entered into force on 12 October 2023.'}, {'claim': '[effective_date] 12 October 2023: AFIR entered into force.', 'reason': 'fact_below_authority_floor', 'priority': 'CRITICAL', 'criterion': 3, 'floor_max': 2, 'item_type': 'directive', 'floor_basis': 'priority', 'floor_scope': 'default', 'source_tier_derived': 4}, {'claim': '[effective_date] 1 January 2024: EU ETS revised Directive applied; maritime phase-in began at 40% surrender.', 'reason': 'fact_below_authority_floor', 'priority': 'CRITICAL', 'criterion': 3, 'floor_max': 2, 'item_type': 'directive', 'floor_basis': 'priority', 'floor_scope': 'default', 'source_tier_derived': 3}, {'claim': '[primary_deadline] January 2025: TEN-T maritime ports: LNG refuelling points required.', 'reason': 'fact_span_not_in_source', 'criterion': 3, 'source_span': 'TEN-T maritime ports should provide an appropriate number of refuelling points for liquified methane by January 2025'}, {'claim': '[primary_deadline] January 2025: TEN-T maritime ports: LNG refuelling points required.', 'reason': 'fact_below_authority_floor', 'priority': 'CRITICAL', 'criterion': 3, 'floor_max': 2, 'item_type': 'directive', 'floor_basis': 'priority', 'floor_scope': 'default', 'source_tier_derived': 4}, {'claim': 'January 2030: TEN-T ports: mandatory OPS for seagoing container and passenger ships over 5,000 GT.', 'reason': 'fact_span_not_in_source', 'criterion': 3, 'source_span': 'Main EU ports (TEN-T ports) are required to provide a minimum shore-side electricity supply for seagoing container ships and seagoing passenger ships over 5,000 GT as of January 2030'}, {'claim': 'January 2030: TEN-T ports: mandatory OPS for seagoing container and passenger ships over 5,000 GT.', 'reason': 'fact_below_authority_floor', 'priority': 'CRITICAL', 'criterion': 3, 'floor_max': 2, 'item_type': 'directive', 'floor_basis': 'priority', 'floor_scope': 'default', 'source_tier_derived': 4}, {'claim': '2050: ReFuelEU Aviation: 70% SAF minimum; EU climate neutrality.', 'reason': 'fact_below_authority_floor', 'priority': 'CRITICAL', 'criterion': 3, 'floor_max': 2, 'item_type': 'directive', 'floor_basis': 'priority', 'floor_scope': 'default', 'source_tier_derived': 4}, {'reason': 'gate_a_unproven_or_stale', 'criterion': 7}]"
d6a9889f-20a6-4b4f-a846-e52fe9f18340,market_signal,quarantined,False,"[{'reason': 'gate_a_unproven_or_stale', 'criterion': 7}]"
d779efe4-9587-44af-882b-0a0374d6a8f5,regional_data,verified,True,[]
d81103c8-3f28-4249-a1e2-8825d390d44a,standard,quarantined,False,"[{'reason': 'unlabeled_assertion', 'criterion': 4, 'section_row_id': 'ddfc6a60-25ce-47e6-82a2-32f0b49fa247'}, {'reason': 'unlabeled_assertion', 'criterion': 4, 'section_row_id': '1a1fa5d1-e2fb-4bb7-9575-5e4730937a1d'}, {'reason': 'unlabeled_assertion', 'criterion': 4, 'section_row_id': '77598dd4-6592-4ef0-985a-e9a545bd8acf'}, {'reason': 'unlabeled_assertion', 'criterion': 4, 'section_row_id': '41333d12-440d-4063-81d5-6d2cb80bce1b'}, {'reason': 'missing_required_slot', 'slot_key': 'effective_date', 'criterion': 5, 'item_type': 'standard'}, {'reason': 'missing_required_slot', 'slot_key': 'jurisdictional_scope', 'criterion': 5, 'item_type': 'standard'}, {'reason': 'missing_required_slot', 'slot_key': 'penalty_summary', 'criterion': 5, 'item_type': 'standard'}, {'reason': 'missing_required_slot', 'slot_key': 'primary_deadline', 'criterion': 5, 'item_type': 'standard'}, {'reason': 'gate_a_unproven_or_stale', 'criterion': 7}]"
d91f76f0-0ec3-4d47-b54f-2a525945dc52,regulation,quarantined,False,"[{'reason': 'gate_a_unproven_or_stale', 'criterion': 7}]"
d935e112-603d-48e3-a47a-a5896bf6fab8,guidance,quarantined,False,"[{'claim': '[penalty_summary] Up to £2,000 for letting a non-compliant property for less than three months; up to £4,000 for three months or more; up to £1,000 for providing false or misleading information on the PRS Exemptions Register; up to £2,000 for failure to comply with a compliance notice.', 'reason': 'fact_below_authority_floor', 'priority': 'HIGH', 'criterion': 3, 'floor_max': 2, 'item_type': 'guidance', 'floor_basis': 'priority', 'floor_scope': 'default', 'source_tier_derived': None}, {'claim': 'Under the incoming regime, the maximum fine rises to £30,000 per property.', 'reason': 'fact_below_authority_floor', 'priority': 'HIGH', 'criterion': 3, 'floor_max': 2, 'item_type': 'guidance', 'floor_basis': 'priority', 'floor_scope': 'default', 'source_tier_derived': None}, {'claim': 'The maximum total amount that a landlord can be fined per property is £5,000.', 'reason': 'fact_below_authority_floor', 'priority': 'HIGH', 'criterion': 3, 'floor_max': 2, 'item_type': 'guidance', 'floor_basis': 'priority', 'floor_scope': 'default', 'source_tier_derived': None}, {'claim': 'These are civil penalties, enforced by local authorities.', 'reason': 'fact_below_authority_floor', 'priority': 'HIGH', 'criterion': 3, 'floor_max': 2, 'item_type': 'guidance', 'floor_basis': 'priority', 'floor_scope': 'default', 'source_tier_derived': None}, {'claim': 'EPC band C from 1 October 2030 confirmed at home-energy-model.co.uk.', 'reason': 'fact_below_authority_floor', 'priority': 'HIGH', 'criterion': 3, 'floor_max': 2, 'item_type': 'guidance', 'floor_basis': 'priority', 'floor_scope': 'default', 'source_tier_derived': None}, {'claim': 'If an exempt property is sold or transferred in any other way the exemption does not transfer to the new owner.', 'reason': 'fact_below_authority_floor', 'priority': 'HIGH', 'criterion': 3, 'floor_max': 2, 'item_type': 'guidance', 'floor_basis': 'priority', 'floor_scope': 'default', 'source_tier_derived': None}, {'claim': 'An extended range of exemptions will apply. If the landlord benefits from an exemption which is registered on the Exemptions Register, it can continue to let the property until the exemption expires.', 'reason': 'fact_below_authority_floor', 'priority': 'HIGH', 'criterion': 3, 'floor_max': 2, 'item_type': 'guidance', 'floor_basis': 'priority', 'floor_scope': 'default', 'source_tier_derived': None}, {'claim': 'Keep receipts, invoices, and certificates for every improvement you make from October 2025 onward. You will need this documentation if you want to register an exemption or if your local authority requests evidence of compliance.', 'reason': 'fact_below_authority_floor', 'priority': 'HIGH', 'criterion': 3, 'floor_max': 2, 'item_type': 'guidance', 'floor_basis': 'priority', 'floor_scope': 'default', 'source_tier_derived': None}, {'claim': 'Consent exemption: Duration five years, except where the refusing party is the current tenant — the exemption then expires when that tenant vacates.', 'reason': 'fact_below_authority_floor', 'priority': 'HIGH', 'criterion': 3, 'floor_max': 2, 'item_type': 'guidance', 'floor_basis': 'priority', 'floor_scope': 'default', 'source_tier_derived': None}, {'claim': 'Temporary new landlord exemption: A six-month grace period for newly acquired landlords.', 'reason': 'fact_below_authority_floor', 'priority': 'HIGH', 'criterion': 3, 'floor_max': 2, 'item_type': 'guidance', 'floor_basis': 'priority', 'floor_scope': 'default', 'source_tier_derived': None}, {'claim': '[primary_deadline] EPC band C from 1 October 2030, applying to all tenancies (new and existing).', 'reason': 'fact_below_authority_floor', 'priority': 'HIGH', 'criterion': 3, 'floor_max': 2, 'item_type': 'guidance', 'floor_basis': 'priority', 'floor_scope': 'default', 'source_tier_derived': None}, {'claim': 'Under the incoming regime: £10,000 per property every 10 years, with a property value adjustment for properties under £100,000.', 'reason': 'fact_below_authority_floor', 'priority': 'HIGH', 'criterion': 3, 'floor_max': 2, 'item_type': 'guidance', 'floor_basis': 'priority', 'floor_scope': 'default', 'source_tier_derived': None}, {'claim': 'Publication penalty: A local authority that finds a breach may publish details of the breach, name of the landlord, address of the property and amount of the financial penalty imposed.', 'reason': 'fact_below_authority_floor', 'priority': 'HIGH', 'criterion': 3, 'floor_max': 2, 'item_type': 'guidance', 'floor_basis': 'priority', 'floor_scope': 'default', 'source_tier_derived': None}, {'claim': 'Landlords need to be mindful of the trajectory for increased standards and ensure their property database is up to date with a live register of EPC ratings, existing exemptions (with supporting documentation), and expiry dates.', 'reason': 'fact_below_authority_floor', 'priority': 'HIGH', 'criterion': 3, 'floor_max': 2, 'item_type': 'guidance', 'floor_basis': 'priority', 'floor_scope': 'default', 'source_tier_derived': None}, {'claim': 'Devaluation exemption: Applies where an independent RICS surveyor confirms that recommended improvements would reduce the market value of the property by more than 5%. Duration: five years.', 'reason': 'fact_below_authority_floor', 'priority': 'HIGH', 'criterion': 3, 'floor_max': 2, 'item_type': 'guidance', 'floor_basis': 'priority', 'floor_scope': 'default', 'source_tier_derived': None}, {'claim': 'At the current rate that landlords are making energy efficiency improvements, it would take until 2042 for all rental homes to meet the new standards.', 'reason': 'fact_below_authority_floor', 'priority': 'HIGH', 'criterion': 3, 'floor_max': 2, 'item_type': 'guidance', 'floor_basis': 'priority', 'floor_scope': 'default', 'source_tier_derived': None}, {'claim': 'A tenant living in an average property with an EPC C rating would pay £499 less a year in utility bills, compared to a tenant living in an average property with an EPC D rating. The difference is even bigger between typical properties with EPC C and EPC E ratings, with an estimated annual saving of £1,248.', 'reason': 'fact_below_authority_floor', 'priority': 'HIGH', 'criterion': 3, 'floor_max': 2, 'item_type': 'guidance', 'floor_basis': 'priority', 'floor_scope': 'default', 'source_tier_derived': None}, {'claim': 'Second half 2027 (delayed from October 2026): New HEM-based EPCs launch.', 'reason': 'fact_below_authority_floor', 'priority': 'HIGH', 'criterion': 3, 'floor_max': 2, 'item_type': 'guidance', 'floor_basis': 'priority', 'floor_scope': 'default', 'source_tier_derived': None}, {'claim': 'Between January and August 2024, 39 per cent of rental homes with new EPCs moved into a higher band while more than one in 10 (13 per cent) dropped into a lower band.', 'reason': 'fact_below_authority_floor', 'priority': 'HIGH', 'criterion': 3, 'floor_max': 2, 'item_type': 'guidance', 'floor_basis': 'priority', 'floor_scope': 'default', 'source_tier_derived': None}, {'claim': 'The government estimates around 2.5 million PRS properties currently fall below EPC C, with an average upgrade cost of approximately £5,400.', 'reason': 'fact_below_authority_floor', 'priority': 'HIGH', 'criterion': 3, 'floor_max': 2, 'item_type': 'guidance', 'floor_basis': 'priority', 'floor_scope': 'default', 'source_tier_derived': None}, {'claim': '1 October 2025: Qualifying expenditure begins counting toward new £10,000 cost cap.', 'reason': 'fact_below_authority_floor', 'priority': 'HIGH', 'criterion': 3, 'floor_max': 2, 'item_type': 'guidance', 'floor_basis': 'priority', 'floor_scope': 'default', 'source_tier_derived': None}, {'claim': '2027 (targeted): MEES secondary legislation enters force.', 'reason': 'fact_below_authority_floor', 'priority': 'HIGH', 'criterion': 3, 'floor_max': 2, 'item_type': 'guidance', 'floor_basis': 'priority', 'floor_scope': 'default', 'source_tier_derived': None}, {'claim': '[primary_deadline] 1 October 2030: MEES EPC C minimum in force for all domestic private tenancies in England and Wales.', 'reason': 'fact_below_authority_floor', 'priority': 'HIGH', 'criterion': 3, 'floor_max': 2, 'item_type': 'guidance', 'floor_basis': 'priority', 'floor_scope': 'default', 'source_tier_derived': None}, {'claim': '1 October 2029: Legacy EPC EER rating discontinued; HEM becomes compulsory.', 'reason': 'fact_below_authority_floor', 'priority': 'HIGH', 'criterion': 3, 'floor_max': 2, 'item_type': 'guidance', 'floor_basis': 'priority', 'floor_scope': 'default', 'source_tier_derived': None}, {'reason': 'gate_a_unproven_or_stale', 'criterion': 7}]"
daaa7e3a-61fc-4c53-adba-81d9e636133f,market_signal,quarantined,False,"[{'reason': 'gate_a_unproven_or_stale', 'criterion': 7}]"
daecac87-8af7-4d9c-90d8-fc6f5a7bfbff,framework,verified,True,[]
db8577c6-96e3-4cfa-8bd6-daf538ac3dc5,framework,verified,True,[]
ddb948d9-a7d3-40ff-a505-7c3e4359ab2b,framework,unverified,False,"[{'reason': 'no_section_content', 'criterion': 2}, {'reason': 'missing_full_brief', 'criterion': 6}]"
de2df788-acca-42ed-b621-864db48da109,guidance,quarantined,False,"[{'reason': 'unlabeled_assertion', 'criterion': 4, 'section_row_id': '1a189414-c09d-436c-aa6d-3cbaac81e825'}, {'reason': 'missing_required_slot', 'slot_key': 'effective_date', 'criterion': 5, 'item_type': 'guidance'}, {'reason': 'missing_required_slot', 'slot_key': 'jurisdictional_scope', 'criterion': 5, 'item_type': 'guidance'}, {'reason': 'missing_required_slot', 'slot_key': 'penalty_summary', 'criterion': 5, 'item_type': 'guidance'}, {'reason': 'missing_required_slot', 'slot_key': 'primary_deadline', 'criterion': 5, 'item_type': 'guidance'}, {'reason': 'gate_a_unproven_or_stale', 'criterion': 7}]"
de368414-d5bd-4fff-a90c-9ce8ba312fe2,regional_data,quarantined,False,"[{'reason': 'gate_a_unproven_or_stale', 'criterion': 7}]"
de7f09fc-b66e-41d2-a3a9-876aeda6a7e1,guidance,verified,True,[]
e0b4adbc-ed9f-4085-a92a-a44ea3f04299,research_finding,quarantined,False,"[{'reason': 'missing_required_slot', 'slot_key': 'finding', 'criterion': 5, 'item_type': 'research_finding'}, {'reason': 'missing_required_slot', 'slot_key': 'methodology_limits', 'criterion': 5, 'item_type': 'research_finding'}, {'reason': 'missing_required_slot', 'slot_key': 'decision_relevance', 'criterion': 5, 'item_type': 'research_finding'}, {'reason': 'missing_required_slot', 'slot_key': 'does_not_resolve', 'criterion': 5, 'item_type': 'research_finding'}, {'reason': 'gate_a_unproven_or_stale', 'criterion': 7}]"
e0c0151c-734d-4a82-81b8-5ee203669afe,regulation,verified,True,[]
e17717c9-cdfa-4886-8c8c-465309cfc15c,regulation,unverified,False,"[{'url': 'https://daera-ni.gov.uk/news/daera-permit-some-animal-movements-under-licence-following-bluetongue-outbreak', 'reason': 'ungrounded_url', 'criterion': 2}, {'url': 'https://daera-ni.gov.uk/publications/moving-cattle-sheep-and-goats-scotland-while-scotland-bluetongue-free', 'reason': 'ungrounded_url', 'criterion': 2}, {'url': 'https://daera-ni.gov.uk/services/live-animals-exports', 'reason': 'ungrounded_url', 'criterion': 2}, {'url': 'https://nfuonline.com/updates-and-information/bluetongue-movements-and-licences', 'reason': 'ungrounded_url', 'criterion': 2}, {'url': 'https://gov.scot/publications/bluetongue/pages/bluetongue-movement-restrictions-for-animals', 'reason': 'ungrounded_url', 'criterion': 2}, {'url': 'https://daera-ni.gov.uk/articles/exporting-cattle-great-britain-and-eu-member-states', 'reason': 'ungrounded_url', 'criterion': 2}, {'url': 'https://daera-ni.gov.uk/topics/exporting-animals-and-animal-products-northern-ireland-gb-eu-and-third-countries-including-guidance-and-application-point-daera-export-certification-system-decs', 'reason': 'ungrounded_url', 'criterion': 2}, {'url': 'https://nationalsheep.org.uk/our-work/news/bluetongue', 'reason': 'ungrounded_url', 'criterion': 2}, {'url': 'https://gov.scot/publications/bluetongue/pages/movement-restrictions-from-1-june-2026', 'reason': 'ungrounded_url', 'criterion': 2}, {'url': 'https://daera-ni.gov.uk/publications/moving-cattle-sheep-and-goats-scotland-while-scotland-bluetongue-free', 'reason': 'ungrounded_url', 'criterion': 2}, {'url': 'https://daera-ni.gov.uk/services/live-animals-exports', 'reason': 'ungrounded_url', 'criterion': 2}, {'url': 'https://nationalsheep.org.uk/2026-bluetongue-updates', 'reason': 'ungrounded_url', 'criterion': 2}, {'url': 'https://gov.scot/publications/bluetongue', 'reason': 'ungrounded_url', 'criterion': 2}, {'url': 'https://daera-ni.gov.uk/articles/bluetongue', 'reason': 'ungrounded_url', 'criterion': 2}, {'url': 'https://daera-ni.gov.uk/publications/moving-cattle-sheep-and-goats-scotland-while-scotland-bluetongue-free', 'reason': 'ungrounded_url', 'criterion': 2}, {'url': 'https://gov.scot/publications/bluetongue/pages/movement-restrictions-from-1-june-2026', 'reason': 'ungrounded_url', 'criterion': 2}, {'url': 'https://thescottishfarmer.co.uk/news/25982296.bluetongue-controls-causes-concern-farming-industry', 'reason': 'ungrounded_url', 'criterion': 2}, {'url': 'https://farminguk.com/news/scotland-tightens-bluetongue-rules-but-trade-fears-grow-over-35m-impact_68252.html', 'reason': 'ungrounded_url', 'criterion': 2}, {'url': 'https://daera-ni.gov.uk/publications/export-certification-slaughter-sheep-goats-gb-directly-their-premises-origin', 'reason': 'ungrounded_url', 'criterion': 2}, {'reason': 'unlabeled_assertion', 'criterion': 4, 'section_row_id': '12b39813-82c7-4d2f-81aa-7851c76dba5b'}, {'reason': 'unlabeled_assertion', 'criterion': 4, 'section_row_id': '77d14803-d294-439c-9753-6c4657ce2877'}, {'reason': 'unlabeled_assertion', 'criterion': 4, 'section_row_id': 'ae748072-607f-4feb-acf5-24f92019f819'}, {'reason': 'unlabeled_assertion', 'criterion': 4, 'section_row_id': '09cbe9a2-4e2a-4910-b196-20a64d7dc31d'}, {'reason': 'unlabeled_assertion', 'criterion': 4, 'section_row_id': 'd9ec6eac-c4e2-4c0a-9248-89afabcc9e81'}, {'reason': 'missing_required_slot', 'slot_key': 'effective_date', 'criterion': 5, 'item_type': 'regulation'}, {'reason': 'missing_required_slot', 'slot_key': 'primary_deadline', 'criterion': 5, 'item_type': 'regulation'}, {'reason': 'missing_required_slot', 'slot_key': 'jurisdictional_scope', 'criterion': 5, 'item_type': 'regulation'}, {'reason': 'missing_required_slot', 'slot_key': 'penalty_summary', 'criterion': 5, 'item_type': 'regulation'}, {'reason': 'missing_full_brief', 'criterion': 6}]"
e1dfa782-dda8-4c16-81c0-97b7a163eef3,framework,unverified,False,"[{'reason': 'no_section_content', 'criterion': 2}, {'reason': 'missing_full_brief', 'criterion': 6}]"
e227e2c4-c486-4e33-a08f-7e500ec2d4fe,regulation,unverified,False,"[{'url': 'https://aumovio.com/en/company/fairs-and-events/busworld-2025/media-information-tachographenpflicht.html', 'reason': 'ungrounded_url', 'criterion': 2}, {'url': 'https://adar.pl/en/blog/mobility-package', 'reason': 'ungrounded_url', 'criterion': 2}, {'url': 'https://ecija.com/en/news-and-insights/nuevas-obligaciones-para-vehiculos-comerciales-ligeros-aplicacion-del-paquete-de-movilidad-de-la-ue-desde-julio-de-2026', 'reason': 'ungrounded_url', 'criterion': 2}, {'url': 'https://iru.org/news-resources/newsroom/iru-takes-action-ease-heat-upcoming-regulatory-revolution-eu-vans', 'reason': 'ungrounded_url', 'criterion': 2}, {'url': 'https://nationalcompliancetraining.co.uk/new-tachograph-requirements-for-vans-from-july-2026', 'reason': 'ungrounded_url', 'criterion': 2}, {'url': 'https://iru.org/news-resources/newsroom/eu-cross-border-transport-rules-extend-vans-what-you-need-know', 'reason': 'ungrounded_url', 'criterion': 2}, {'url': 'https://queclink.com/2026/05/13/eu-mobility-package-and-tachograph-requirements-what-fleet-operators-need-to-know-in-2026', 'reason': 'ungrounded_url', 'criterion': 2}, {'url': 'https://iru.org/news-resources/newsroom/eu-cross-border-transport-rules-extend-vans-what-you-need-know', 'reason': 'ungrounded_url', 'criterion': 2}, {'url': 'https://cameramatics.com/resources/smart-tachograph-2-installation-deadline-what-you-need-to-know', 'reason': 'ungrounded_url', 'criterion': 2}, {'url': 'https://iru.org/news-resources/newsroom/parliament-backs-more-proportionate-eu-vehicle-checks-and-pragmatic-tolls', 'reason': 'ungrounded_url', 'criterion': 2}, {'url': 'https://aumovio.com/en/company/fairs-and-events/busworld-2025/media-information-tachographenpflicht.html', 'reason': 'ungrounded_url', 'criterion': 2}, {'url': 'https://iru.org/news-resources/newsroom/eu-cross-border-transport-rules-extend-vans-what-you-need-know', 'reason': 'ungrounded_url', 'criterion': 2}, {'url': 'https://ela.europa.eu/en/news-event/events/understanding-eu-rules-light-commercial-vehicles-lcvs-international-transport', 'reason': 'ungrounded_url', 'criterion': 2}, {'url': 'https://cvworkshop.ie/2026/05/new-rules-will-apply-to-lcvs-from-1-july-2026', 'reason': 'ungrounded_url', 'criterion': 2}, {'url': 'https://mapon.com/en/blog/new-tachograph-rules-for-2-5-t-vehicles-in-2026', 'reason': 'ungrounded_url', 'criterion': 2}, {'url': 'https://convey-tech.com/lcv2026regulations', 'reason': 'ungrounded_url', 'criterion': 2}, {'url': 'https://ela.europa.eu/assets/lcv2026/index.html', 'reason': 'ungrounded_url', 'criterion': 2}, {'url': 'https://queclink.com/2026/05/13/eu-mobility-package-and-tachograph-requirements-what-fleet-operators-need-to-know-in-2026', 'reason': 'ungrounded_url', 'criterion': 2}, {'url': 'https://iru.org/join-us/events/iru-workshop-are-light-commercial-vehicles-ready-meet-july-2026-deadline-2025-09-03', 'reason': 'ungrounded_url', 'criterion': 2}, {'url': 'https://ela.europa.eu/assets/lcv2026/index.html', 'reason': 'ungrounded_url', 'criterion': 2}, {'url': 'https://iru.org/news-resources/newsroom', 'reason': 'ungrounded_url', 'criterion': 2}, {'url': 'https://tachogram.com/en/blog/2026/01/26/eu-tachograph-changes-2026', 'reason': 'ungrounded_url', 'criterion': 2}, {'reason': 'unlabeled_assertion', 'criterion': 4, 'section_row_id': 'a0c21585-b79c-427a-840d-701450ef16ec'}, {'reason': 'unlabeled_assertion', 'criterion': 4, 'section_row_id': 'b04840a3-d91e-47d7-ada4-711992beb1e0'}, {'reason': 'unlabeled_assertion', 'criterion': 4, 'section_row_id': '8dfd897f-d545-417b-b7fd-082ee47186b0'}, {'reason': 'unlabeled_assertion', 'criterion': 4, 'section_row_id': '6bb51041-d1e2-4721-a6f3-8e58b866edbb'}, {'reason': 'unlabeled_assertion', 'criterion': 4, 'section_row_id': '298485fc-f63a-46ce-aded-f797b5d0690d'}, {'reason': 'unlabeled_assertion', 'criterion': 4, 'section_row_id': '3d161c7d-5540-4e3c-866e-7cb4c92fb948'}, {'reason': 'missing_required_slot', 'slot_key': 'effective_date', 'criterion': 5, 'item_type': 'regulation'}, {'reason': 'missing_required_slot', 'slot_key': 'primary_deadline', 'criterion': 5, 'item_type': 'regulation'}, {'reason': 'missing_required_slot', 'slot_key': 'jurisdictional_scope', 'criterion': 5, 'item_type': 'regulation'}, {'reason': 'missing_required_slot', 'slot_key': 'penalty_summary', 'criterion': 5, 'item_type': 'regulation'}, {'reason': 'missing_full_brief', 'criterion': 6}]"
e241fe75-8627-4759-a7dd-a25e9db146bf,regulation,verified,True,[]
e2e03e1b-b466-4c11-987e-38a7fc279ff6,regulation,quarantined,False,"[{'reason': 'gate_a_unproven_or_stale', 'criterion': 7}]"
e34ad64e-a170-4f9a-94f2-81055befb80f,market_signal,quarantined,False,"[{'reason': 'gate_a_unproven_or_stale', 'criterion': 7}]"
e37a5c9a-5dcb-4b44-a9c9-79d2b0b58df7,regulation,quarantined,False,"[{'claim': 'The seventh assessment cycle formally began in July 2023 with elections of the new Chair and new IPCC and TFI Bureaus.', 'reason': 'fact_below_authority_floor', 'priority': 'LOW', 'criterion': 3, 'floor_max': 2, 'item_type': 'regulation', 'floor_basis': 'item_type_unconditional', 'floor_scope': 'default', 'source_tier_derived': 3}, {'claim': 'The registration of experts closes on 26 June 2026.', 'reason': 'fact_below_authority_floor', 'priority': 'LOW', 'criterion': 3, 'floor_max': 2, 'item_type': 'regulation', 'floor_basis': 'item_type_unconditional', 'floor_scope': 'default', 'source_tier_derived': 3}, {'claim': 'Following the SOD review (closing 3 July 2026), authors will prepare final drafts; the final draft SPM will be distributed to governments for a final round of written comments before governments meet in plenary to approve the SPM line by line.', 'reason': 'fact_below_authority_floor', 'priority': 'LOW', 'criterion': 3, 'floor_max': 2, 'item_type': 'regulation', 'floor_basis': 'item_type_unconditional', 'floor_scope': 'default', 'source_tier_derived': 3}, {'claim': 'The 2027 IPCC Methodology Report on Inventories for Short-lived Climate Forcers is scheduled for publication in the second half of 2027.', 'reason': 'fact_below_authority_floor', 'priority': 'LOW', 'criterion': 3, 'floor_max': 2, 'item_type': 'regulation', 'floor_basis': 'item_type_unconditional', 'floor_scope': 'default', 'source_tier_derived': 3}, {'claim': 'These experts were nominated by governments and IPCC observer organisations and selected by the IPCC Bureau from a global pool of 3,771 nominees. Of the 664 appointed experts, more than half (51 per cent) come from developing countries and countries with economies in transition. Nearly half of the authors are female scientists, constituting 46 per cent of the group.', 'reason': 'fact_below_authority_floor', 'priority': 'LOW', 'criterion': 3, 'floor_max': 2, 'item_type': 'regulation', 'floor_basis': 'item_type_unconditional', 'floor_scope': 'default', 'source_tier_derived': 3}, {'claim': 'The First Lead Author meeting was scheduled for early December 2025.', 'reason': 'fact_below_authority_floor', 'priority': 'LOW', 'criterion': 3, 'floor_max': 2, 'item_type': 'regulation', 'floor_basis': 'item_type_unconditional', 'floor_scope': 'default', 'source_tier_derived': 3}, {'claim': '664 AR7 authors appointed from 111 countries on August 18, 2025.', 'reason': 'fact_below_authority_floor', 'priority': 'LOW', 'criterion': 3, 'floor_max': 2, 'item_type': 'regulation', 'floor_basis': 'item_type_unconditional', 'floor_scope': 'default', 'source_tier_derived': 3}, {'claim': 'SR Cities SOD Expert Reviewer registration closes 26 June 2026.', 'reason': 'fact_below_authority_floor', 'priority': 'LOW', 'criterion': 3, 'floor_max': 2, 'item_type': 'regulation', 'floor_basis': 'item_type_unconditional', 'floor_scope': 'default', 'source_tier_derived': 3}, {'claim': 'IPCC Methodology Report on Short-lived Climate Forcers scheduled for H2 2027.', 'reason': 'fact_below_authority_floor', 'priority': 'LOW', 'criterion': 3, 'floor_max': 2, 'item_type': 'regulation', 'floor_basis': 'item_type_unconditional', 'floor_scope': 'default', 'source_tier_derived': 3}, {'claim': 'The IPCC is the UN body for assessing the science related to climate change, established by UNEP and WMO in 1988 to provide political leaders with periodic scientific assessments concerning climate change, its implications and risks, as well as to put forward adaptation and mitigation strategies.', 'reason': 'fact_below_authority_floor', 'priority': 'LOW', 'criterion': 3, 'floor_max': 2, 'item_type': 'regulation', 'floor_basis': 'item_type_unconditional', 'floor_scope': 'default', 'source_tier_derived': 3}, {'claim': 'The Second-Order Draft (SOD) of the Special Report on Climate Change and Cities is open for Expert Review from 8 May to 3 July 2026, with registration closing 26 June 2026.', 'reason': 'fact_below_authority_floor', 'priority': 'LOW', 'criterion': 3, 'floor_max': 2, 'item_type': 'regulation', 'floor_basis': 'item_type_unconditional', 'floor_scope': 'default', 'source_tier_derived': 3}, {'claim': 'The Special Report on Climate Change and Cities is scheduled for approval and publication in March 2027.', 'reason': 'fact_below_authority_floor', 'priority': 'LOW', 'criterion': 3, 'floor_max': 2, 'item_type': 'regulation', 'floor_basis': 'item_type_unconditional', 'floor_scope': 'default', 'source_tier_derived': 3}, {'claim': 'The IPCC has appointed 664 experts from 111 countries to participate in the Seventh Assessment Report (AR7) as Coordinating Lead Authors, Lead Authors and Review Editors.', 'reason': 'fact_below_authority_floor', 'priority': 'LOW', 'criterion': 3, 'floor_max': 2, 'item_type': 'regulation', 'floor_basis': 'item_type_unconditional', 'floor_scope': 'default', 'source_tier_derived': 3}, {'claim': 'For comparison, in the Sixth Assessment Report (AR6), the IPCC appointed 721 authors from over 90 countries. Of these, 44 per cent were from developing countries and countries with economies in transition, 53 per cent were new to the IPCC process, and 33 per cent were female.', 'reason': 'fact_below_authority_floor', 'priority': 'LOW', 'criterion': 3, 'floor_max': 2, 'item_type': 'regulation', 'floor_basis': 'item_type_unconditional', 'floor_scope': 'default', 'source_tier_derived': 3}, {'claim': 'WGIII covers mitigation responses in energy, industry, transport, buildings, agriculture, forestry, land use and waste; energy systems planning (including energy storage, demand side management, energy supply technologies, etc.); cross-sectoral mitigation options including Carbon Dioxide Removal.', 'reason': 'fact_below_authority_floor', 'priority': 'LOW', 'criterion': 3, 'floor_max': 2, 'item_type': 'regulation', 'floor_basis': 'item_type_unconditional', 'floor_scope': 'default', 'source_tier_derived': 3}, {'claim': 'SR Cities Second-Order Draft open for Expert Review from 8 May to 3 July 2026.', 'reason': 'fact_below_authority_floor', 'priority': 'LOW', 'criterion': 3, 'floor_max': 2, 'item_type': 'regulation', 'floor_basis': 'item_type_unconditional', 'floor_scope': 'default', 'source_tier_derived': 3}, {'claim': 'SR Cities publication scheduled for March 2027.', 'reason': 'fact_below_authority_floor', 'priority': 'LOW', 'criterion': 3, 'floor_max': 2, 'item_type': 'regulation', 'floor_basis': 'item_type_unconditional', 'floor_scope': 'default', 'source_tier_derived': 3}, {'claim': 'AR7 Working Group reports begin appearing mid-2028 onward.', 'reason': 'fact_below_authority_floor', 'priority': 'LOW', 'criterion': 3, 'floor_max': 2, 'item_type': 'regulation', 'floor_basis': 'item_type_unconditional', 'floor_scope': 'default', 'source_tier_derived': 3}, {'claim': 'IPCC AR7 Landing Page listed as source.', 'reason': 'fact_below_authority_floor', 'priority': 'LOW', 'criterion': 3, 'floor_max': 2, 'item_type': 'regulation', 'floor_basis': 'item_type_unconditional', 'floor_scope': 'default', 'source_tier_derived': 3}, {'claim': 'IPCC SR Cities Second-Order Draft Review Page listed as source dated May 8, 2026.', 'reason': 'fact_below_authority_floor', 'priority': 'LOW', 'criterion': 3, 'floor_max': 2, 'item_type': 'regulation', 'floor_basis': 'item_type_unconditional', 'floor_scope': 'default', 'source_tier_derived': 3}, {'claim': 'AR7 Synthesis Report approved by late 2029.', 'reason': 'fact_below_authority_floor', 'priority': 'LOW', 'criterion': 3, 'floor_max': 2, 'item_type': 'regulation', 'floor_basis': 'item_type_unconditional', 'floor_scope': 'default', 'source_tier_derived': 3}, {'claim': 'IPCC AR7 Authors Press Release listed as source dated August 18, 2025.', 'reason': 'fact_below_authority_floor', 'priority': 'LOW', 'criterion': 3, 'floor_max': 2, 'item_type': 'regulation', 'floor_basis': 'item_type_unconditional', 'floor_scope': 'default', 'source_tier_derived': 3}, {'reason': 'gate_a_unproven_or_stale', 'criterion': 7}]"
e44a5408-72b2-4ca5-b2a2-51bbbeee31d4,market_signal,quarantined,False,"[{'reason': 'unlabeled_assertion', 'criterion': 4, 'section_row_id': '1cca47cc-70aa-4a85-8cb7-c17392eff955'}, {'reason': 'missing_required_slot', 'slot_key': 'signal_event', 'criterion': 5, 'item_type': 'market_signal'}, {'reason': 'missing_required_slot', 'slot_key': 'driving_parties', 'criterion': 5, 'item_type': 'market_signal'}, {'reason': 'missing_required_slot', 'slot_key': 'conversion_trigger', 'criterion': 5, 'item_type': 'market_signal'}, {'reason': 'missing_required_slot', 'slot_key': 'action_now', 'criterion': 5, 'item_type': 'market_signal'}, {'reason': 'gate_a_unproven_or_stale', 'criterion': 7}]"
e5c17fac-a188-41da-be29-8278da6539e7,regional_data,quarantined,False,"[{'reason': 'gate_a_unproven_or_stale', 'criterion': 7}]"
e65ec48d-09f3-4c6f-923d-391a99d73049,regulation,quarantined,False,"[{'claim': ""[jurisdictional_scope] Nashville has adopted the 2018 International Building Codes. Commercial properties must comply with the 2018 International Building Codes. The city's zEPI score for its commercial energy code is 49.5. The city's zEPI score for its residential energy code is 57.75."", 'reason': 'fact_below_authority_floor', 'priority': 'LOW', 'criterion': 3, 'floor_max': 2, 'item_type': 'regulation', 'floor_basis': 'item_type_unconditional', 'floor_scope': 'default', 'source_tier_derived': 4}, {'claim': 'Nashville is considering a commercial benchmarking program and is gathering stakeholder input.', 'reason': 'fact_below_authority_floor', 'priority': 'LOW', 'criterion': 3, 'floor_max': 2, 'item_type': 'regulation', 'floor_basis': 'item_type_unconditional', 'floor_scope': 'default', 'source_tier_derived': 4}, {'claim': 'Commercial properties must comply with the 2018 International Building Codes with a zEPI score of 49.5, and the city requires plan review and performance testing to verify code compliance.', 'reason': 'fact_below_authority_floor', 'priority': 'LOW', 'criterion': 3, 'floor_max': 2, 'item_type': 'regulation', 'floor_basis': 'item_type_unconditional', 'floor_scope': 'default', 'source_tier_derived': 4}, {'claim': 'Nashville also requires residential building developers to use certified third parties to conduct blower door and duct blast tests.', 'reason': 'fact_below_authority_floor', 'priority': 'LOW', 'criterion': 3, 'floor_max': 2, 'item_type': 'regulation', 'floor_basis': 'item_type_unconditional', 'floor_scope': 'default', 'source_tier_derived': 4}, {'claim': 'In 2023, Nashville also adopted a local C-PACER program, which enables access to low-interest and long-term financing for commercial energy efficiency, renewable energy, and resiliency improvements.', 'reason': 'fact_below_authority_floor', 'priority': 'LOW', 'criterion': 3, 'floor_max': 2, 'item_type': 'regulation', 'floor_basis': 'item_type_unconditional', 'floor_scope': 'default', 'source_tier_derived': 4}, {'claim': 'The city requires plan review and performance testing to verify code compliance.', 'reason': 'fact_below_authority_floor', 'priority': 'LOW', 'criterion': 3, 'floor_max': 2, 'item_type': 'regulation', 'floor_basis': 'item_type_unconditional', 'floor_scope': 'default', 'source_tier_derived': 4}, {'claim': 'The codes department has partnered with a private company to provide training to developers, owners, tradespeople, contractors, and designers.', 'reason': 'fact_below_authority_floor', 'priority': 'LOW', 'criterion': 3, 'floor_max': 2, 'item_type': 'regulation', 'floor_basis': 'item_type_unconditional', 'floor_scope': 'default', 'source_tier_derived': 4}, {'claim': 'Commercial properties must comply with the 2018 International Building Codes.', 'reason': 'fact_below_authority_floor', 'priority': 'LOW', 'criterion': 3, 'floor_max': 2, 'item_type': 'regulation', 'floor_basis': 'item_type_unconditional', 'floor_scope': 'default', 'source_tier_derived': 4}, {'claim': 'The city has not passed an ordinance mandating new construction be solar-ready.', 'reason': 'fact_below_authority_floor', 'priority': 'LOW', 'criterion': 3, 'floor_max': 2, 'item_type': 'regulation', 'floor_basis': 'item_type_unconditional', 'floor_scope': 'default', 'source_tier_derived': 4}, {'claim': 'The city has not adopted policies requiring buildings to be EV-ready, but is considering such legislation.', 'reason': 'fact_below_authority_floor', 'priority': 'LOW', 'criterion': 3, 'floor_max': 2, 'item_type': 'regulation', 'floor_basis': 'item_type_unconditional', 'floor_scope': 'default', 'source_tier_derived': 4}, {'claim': 'The city is prohibited from adopting electrification policies by the state.', 'reason': 'fact_below_authority_floor', 'priority': 'LOW', 'criterion': 3, 'floor_max': 2, 'item_type': 'regulation', 'floor_basis': 'item_type_unconditional', 'floor_scope': 'default', 'source_tier_derived': 4}, {'claim': 'Nashville City Scorecard (ACEEE) records that Nashville is considering a commercial benchmarking program, has adopted 2018 IBC, and requires LEED for new municipal buildings.', 'reason': 'fact_below_authority_floor', 'priority': 'LOW', 'criterion': 3, 'floor_max': 2, 'item_type': 'regulation', 'floor_basis': 'item_type_unconditional', 'floor_scope': 'default', 'source_tier_derived': 4}, {'reason': 'missing_required_slot', 'slot_key': 'primary_deadline', 'criterion': 5, 'item_type': 'regulation'}, {'reason': 'gate_a_unproven_or_stale', 'criterion': 7}]"
e68c91e5-7c2f-4530-bcad-3ac37cb09aed,framework,unverified,False,"[{'reason': 'no_section_content', 'criterion': 2}, {'reason': 'missing_full_brief', 'criterion': 6}]"
e77f9426-15a8-4364-93ff-ecaf93e32868,regional_data,quarantined,False,"[{'reason': 'gate_a_unproven_or_stale', 'criterion': 7}]"
e9723d32-6006-42d2-bbdd-02f191629b5e,standard,verified,True,[]
e9ed1215-57dc-4082-a28e-6c49673aabae,regional_data,quarantined,False,"[{'reason': 'gate_a_unproven_or_stale', 'criterion': 7}]"
eb08d16c-f51c-44bd-8f50-0fada86c67d4,directive,quarantined,False,"[{'reason': 'no_section_content', 'criterion': 2}, {'reason': 'missing_full_brief', 'criterion': 6}]"
eb6641da-ce23-49aa-add6-a5a876d422b0,research_finding,verified,True,[]
eb898f68-2fbc-44fc-a20a-7f326ab06fa4,market_signal,quarantined,False,"[{'reason': 'no_section_content', 'criterion': 2}, {'reason': 'missing_full_brief', 'criterion': 6}]"
ec086e7d-be11-4b9c-a305-1adc8a6a8b0d,guidance,quarantined,False,"[{'reason': 'no_section_content', 'criterion': 2}, {'reason': 'missing_full_brief', 'criterion': 6}]"
ec55d661-a91b-4af9-92d7-e0f508349f57,regulation,quarantined,False,"[{'reason': 'gate_a_unproven_or_stale', 'criterion': 7}]"
ece93c54-871b-4cf3-9f39-a4a2e9691574,research_finding,verified,True,[]
ed0d78a6-e368-4874-8075-bc65bd9f8fc2,initiative,quarantined,False,"[{'url': 'https://wwwcdn.imo.org/localresources/en/knowledgecentre/indexofimoresolutions/mepcdocuments/mepc.377(80', 'reason': 'ungrounded_url', 'criterion': 2}, {'reason': 'unlabeled_assertion', 'criterion': 4, 'section_row_id': 'b618bea0-a8e8-431f-a134-3f122b91610c'}, {'reason': 'unlabeled_assertion', 'criterion': 4, 'section_row_id': 'f52dc3b5-0c81-4865-a223-4b89685ac4c6'}, {'reason': 'unlabeled_assertion', 'criterion': 4, 'section_row_id': '053b5b0b-887a-4cd5-97fb-aa67264754cb'}, {'reason': 'missing_required_slot', 'slot_key': 'signal_event', 'criterion': 5, 'item_type': 'initiative'}, {'reason': 'missing_required_slot', 'slot_key': 'driving_parties', 'criterion': 5, 'item_type': 'initiative'}, {'reason': 'missing_required_slot', 'slot_key': 'conversion_trigger', 'criterion': 5, 'item_type': 'initiative'}, {'reason': 'missing_required_slot', 'slot_key': 'action_now', 'criterion': 5, 'item_type': 'initiative'}, {'reason': 'gate_a_unproven_or_stale', 'criterion': 7}]"
ed63f522-96bd-4aac-b828-a216f34b90a9,market_signal,verified,True,[]
ed6c5c76-7d09-4b91-a906-a12e73bc04c1,research_finding,quarantined,False,"[{'reason': 'gate_a_unproven_or_stale', 'criterion': 7}]"
edb9b138-896c-4df2-94e1-9f28f85c3db6,initiative,quarantined,False,"[{'reason': 'no_section_content', 'criterion': 2}, {'reason': 'missing_full_brief', 'criterion': 6}]"
ee129098-5f10-4c22-9c7f-95082f8650ac,regulation,quarantined,False,"[{'claim': 'The Science Based Targets initiative (SBTi) is a corporate climate action organisation that develops standards, tools, and guidance enabling companies to set greenhouse gas (GHG) emissions reduction targets aligned with climate science — specifically, the level of reduction needed to limit global heating to 1.5°C above pre-industrial levels and reach net-zero by 2050.', 'reason': 'fact_below_authority_floor', 'priority': 'LOW', 'criterion': 3, 'floor_max': 2, 'item_type': 'regulation', 'floor_basis': 'item_type_unconditional', 'floor_scope': 'default', 'source_tier_derived': 5}, {'claim': 'The SBTi is actively developing its Corporate Net-Zero Standard Version 2 (CNZ V2); updated requirements may tighten Scope 3 obligations or change the methodology for transport-sector targets.', 'reason': 'fact_below_authority_floor', 'priority': 'LOW', 'criterion': 3, 'floor_max': 2, 'item_type': 'regulation', 'floor_basis': 'item_type_unconditional', 'floor_scope': 'default', 'source_tier_derived': 5}, {'claim': '[primary_deadline] If the workspace chooses to submit its own SBTi commitment, it must set targets covering Scope 1, 2, and 3, submit to SBTi validation, and report progress.', 'reason': 'fact_below_authority_floor', 'priority': 'LOW', 'criterion': 3, 'floor_max': 2, 'item_type': 'regulation', 'floor_basis': 'item_type_unconditional', 'floor_scope': 'default', 'source_tier_derived': 5}, {'claim': 'The SBTi website confirms active development of the Corporate Net-Zero Standard V2, listed as an active workstream on sciencebasedtargets.org, with no confirmed publication date available in the provided source material.', 'reason': 'fact_below_authority_floor', 'priority': 'LOW', 'criterion': 3, 'floor_max': 2, 'item_type': 'regulation', 'floor_basis': 'item_type_unconditional', 'floor_scope': 'default', 'source_tier_derived': 5}, {'claim': ""SBTi published an updated FLAG Guidance in March 2026, focused on 'strengthening clarity and consistency.'"", 'reason': 'fact_below_authority_floor', 'priority': 'LOW', 'criterion': 3, 'floor_max': 2, 'item_type': 'regulation', 'floor_basis': 'item_type_unconditional', 'floor_scope': 'default', 'source_tier_derived': 5}, {'claim': 'Under the SBTi Corporate Net-Zero Standard, companies with validated targets are expected to engage their value chain partners — including suppliers and logistics providers — on emissions reduction.', 'reason': 'fact_below_authority_floor', 'priority': 'LOW', 'criterion': 3, 'floor_max': 2, 'item_type': 'regulation', 'floor_basis': 'item_type_unconditional', 'floor_scope': 'default', 'source_tier_derived': 5}, {'claim': 'SBTi has restructured its validation services into a separate entity (SBTI Services Limited, a wholly owned subsidiary registered in England and Wales, company number 15181058).', 'reason': 'fact_below_authority_floor', 'priority': 'LOW', 'criterion': 3, 'floor_max': 2, 'item_type': 'regulation', 'floor_basis': 'item_type_unconditional', 'floor_scope': 'default', 'source_tier_derived': 5}, {'claim': 'Targets are submitted to SBTi (now via SBTI Services Limited) for validation.', 'reason': 'fact_below_authority_floor', 'priority': 'LOW', 'criterion': 3, 'floor_max': 2, 'item_type': 'regulation', 'floor_basis': 'item_type_unconditional', 'floor_scope': 'default', 'source_tier_derived': 5}, {'claim': 'On 19 March 2026, SBTi published updated FLAG Guidance.', 'reason': 'fact_below_authority_floor', 'priority': 'LOW', 'criterion': 3, 'floor_max': 2, 'item_type': 'regulation', 'floor_basis': 'item_type_unconditional', 'floor_scope': 'default', 'source_tier_derived': 5}, {'claim': '[effective_date] As of January 2026, SBTi reports that it has surpassed 10,000 companies with validated science-based targets, with 13,386 businesses holding targets or commitments in total, and 2,529 net-zero targets validated.', 'reason': 'fact_below_authority_floor', 'priority': 'LOW', 'criterion': 3, 'floor_max': 2, 'item_type': 'regulation', 'floor_basis': 'item_type_unconditional', 'floor_scope': 'default', 'source_tier_derived': 5}, {'claim': ""The SBTi's Air Transport sector guidance and the broader Corporate Net-Zero Standard both require Scope 3 disclosure."", 'reason': 'fact_below_authority_floor', 'priority': 'LOW', 'criterion': 3, 'floor_max': 2, 'item_type': 'regulation', 'floor_basis': 'item_type_unconditional', 'floor_scope': 'default', 'source_tier_derived': 5}, {'claim': 'SBTi imposes obligations on the company that sets a target, not on its suppliers directly.', 'reason': 'fact_below_authority_floor', 'priority': 'LOW', 'criterion': 3, 'floor_max': 2, 'item_type': 'regulation', 'floor_basis': 'item_type_unconditional', 'floor_scope': 'default', 'source_tier_derived': 5}, {'claim': ""[effective_date] The SBTi updated the Absolute Contraction Approach on 29 April 2026, described as improving 'consistency and implementation, while maintaining net-zero ambition.'"", 'reason': 'fact_below_authority_floor', 'priority': 'LOW', 'criterion': 3, 'floor_max': 2, 'item_type': 'regulation', 'floor_basis': 'item_type_unconditional', 'floor_scope': 'default', 'source_tier_derived': 5}, {'claim': 'The SBTi lists Air Transport as a sector with specific guidance.', 'reason': 'fact_below_authority_floor', 'priority': 'LOW', 'criterion': 3, 'floor_max': 2, 'item_type': 'regulation', 'floor_basis': 'item_type_unconditional', 'floor_scope': 'default', 'source_tier_derived': 5}, {'claim': 'SBTi requires companies to set near-term targets covering a 5–10 year horizon, with Scope 1 and 2 targets set using the Absolute Contraction Approach (now updated as of April 2026) and Scope 3 targets required where Scope 3 emissions represent more than 40% of total emissions.', 'reason': 'fact_below_authority_floor', 'priority': 'LOW', 'criterion': 3, 'floor_max': 2, 'item_type': 'regulation', 'floor_basis': 'item_type_unconditional', 'floor_scope': 'default', 'source_tier_derived': 5}, {'claim': '[primary_deadline] The Corporate Net-Zero Standard requires companies to set a long-term net-zero target aligned with no more than 10% residual emissions by no later than 2050.', 'reason': 'fact_below_authority_floor', 'priority': 'LOW', 'criterion': 3, 'floor_max': 2, 'item_type': 'regulation', 'floor_basis': 'item_type_unconditional', 'floor_scope': 'default', 'source_tier_derived': 5}, {'claim': '[primary_deadline] The company submits a commitment letter pledging to set targets within 24 months, after which it is listed on the SBTi Target Dashboard as having made a commitment.', 'reason': 'fact_below_authority_floor', 'priority': 'LOW', 'criterion': 3, 'floor_max': 2, 'item_type': 'regulation', 'floor_basis': 'item_type_unconditional', 'floor_scope': 'default', 'source_tier_derived': 5}, {'claim': '[effective_date] In January 2026, SBTi surpassed 10,000 companies with validated targets globally.', 'reason': 'fact_below_authority_floor', 'priority': 'LOW', 'criterion': 3, 'floor_max': 2, 'item_type': 'regulation', 'floor_basis': 'item_type_unconditional', 'floor_scope': 'default', 'source_tier_derived': 5}, {'claim': '[effective_date] On 29 April 2026, SBTi updated the Absolute Contraction Approach (ACA); any commitment submitted from this date forward is subject to the updated ACA.', 'reason': 'fact_below_authority_floor', 'priority': 'LOW', 'criterion': 3, 'floor_max': 2, 'item_type': 'regulation', 'floor_basis': 'item_type_unconditional', 'floor_scope': 'default', 'source_tier_derived': 5}, {'claim': '[primary_deadline] Net-zero target required under the Corporate Net-Zero Standard by no later than 2050.', 'reason': 'fact_below_authority_floor', 'priority': 'LOW', 'criterion': 3, 'floor_max': 2, 'item_type': 'regulation', 'floor_basis': 'item_type_unconditional', 'floor_scope': 'default', 'source_tier_derived': 5}, {'claim': '[primary_deadline] SBTi requires validated target submission within 24 months of commitment; if the workspace commits now, it has 24 months to develop and submit targets.', 'reason': 'fact_below_authority_floor', 'priority': 'LOW', 'criterion': 3, 'floor_max': 2, 'item_type': 'regulation', 'floor_basis': 'item_type_unconditional', 'floor_scope': 'default', 'source_tier_derived': 5}, {'claim': '[jurisdictional_scope] SBTi applies globally to any company choosing to set targets; no specific geographic jurisdiction is mandated.', 'reason': 'fact_below_authority_floor', 'priority': 'LOW', 'criterion': 3, 'floor_max': 2, 'item_type': 'regulation', 'floor_basis': 'item_type_unconditional', 'floor_scope': 'default', 'source_tier_derived': 5}]"
ee2cfe81-afc8-492f-b03b-2ed9c94400cc,regional_data,verified,True,[]
ee8f4e71-6b1a-43d5-a763-f195fcd2bcb5,research_finding,verified,True,[]
ef0c691a-4024-495b-bd7c-70be8f52c5ea,regulation,unverified,False,"[{'reason': 'missing_source_id', 'criterion': 1}, {'url': 'https://zerocarbonshipping.com/imo-net-zero-framework', 'reason': 'ungrounded_url', 'criterion': 2}, {'url': 'https://wwwcdn.imo.org/localresources/en/knowledgecentre/indexofimoresolutions/mepcdocuments/mepc.377(80', 'reason': 'ungrounded_url', 'criterion': 2}, {'url': 'https://imo.org/en/mediacentre/pressbriefings/pages/imo-approves-netzero-regulations.aspx', 'reason': 'ungrounded_url', 'criterion': 2}, {'url': 'https://transport.ec.europa.eu/news-events/news/landmark-agreement-towards-achieving-net-zero-emissions-global-shipping-2050-2025-04-11_en', 'reason': 'ungrounded_url', 'criterion': 2}, {'url': 'https://dnv.com/maritime/hub/decarbonize-shipping/key-drivers/regulations/imo-regulations', 'reason': 'ungrounded_url', 'criterion': 2}, {'url': 'https://theicct.org/aligning-the-imos-greenhouse-gas-fuel-standard-with-its-ghg-strategy-and-the-paris-agreement-jan24', 'reason': 'ungrounded_url', 'criterion': 2}, {'url': 'https://zerocarbonshipping.com/publications/implications-of-the-2023-imo-ghg-strategy-for-the-shipping-industry', 'reason': 'ungrounded_url', 'criterion': 2}, {'url': 'https://imo.org/en/mediacentre/pressbriefings/pages/imo-net-zero-shipping-talks-to-resume-in-2026.aspx', 'reason': 'ungrounded_url', 'criterion': 2}, {'url': 'https://atoshipping.com/the-new-imo-carbon-rules-in-2026-how-sea-freight-compliance-is-affecting-global-shipping-costs', 'reason': 'ungrounded_url', 'criterion': 2}, {'url': 'https://blogs.worldbank.org/en/transport/new-climate-deal-shipping-three-decades-zero', 'reason': 'ungrounded_url', 'criterion': 2}, {'url': 'https://globalmaritimeforum.org/news/a-guide-to-the-imos-net-zero-framework', 'reason': 'ungrounded_url', 'criterion': 2}, {'url': 'https://imo.org/en/mediacentre/meetingsummaries/pages/preview-mepc-84.aspx', 'reason': 'ungrounded_url', 'criterion': 2}, {'url': 'https://lr.org/en/knowledge/regulatory-updates/imo-meetings-and-future-legislation/mepc-84-summary-report', 'reason': 'ungrounded_url', 'criterion': 2}, {'url': 'https://imo.org/en/mediacentre/pressbriefings/pages/imo-approves-netzero-regulations.aspx', 'reason': 'ungrounded_url', 'criterion': 2}, {'reason': 'unlabeled_assertion', 'criterion': 4, 'section_row_id': '285bafec-83e7-4346-be90-f82e0d6affa8'}, {'reason': 'unlabeled_assertion', 'criterion': 4, 'section_row_id': '57214bc8-2b95-49c8-8a03-26a33ccda230'}, {'reason': 'unlabeled_assertion', 'criterion': 4, 'section_row_id': '89499583-e944-4c79-9c0c-e7f8e22369d6'}, {'reason': 'unlabeled_assertion', 'criterion': 4, 'section_row_id': '5795c90b-a895-4821-a7ff-3134048a46b1'}, {'reason': 'unlabeled_assertion', 'criterion': 4, 'section_row_id': '94a2a442-5aa1-4563-b455-77cac3c35879'}, {'reason': 'unlabeled_assertion', 'criterion': 4, 'section_row_id': '5555f1b7-dc36-49ed-a52f-238cf47b98b1'}, {'reason': 'missing_required_slot', 'slot_key': 'effective_date', 'criterion': 5, 'item_type': 'regulation'}, {'reason': 'missing_required_slot', 'slot_key': 'primary_deadline', 'criterion': 5, 'item_type': 'regulation'}, {'reason': 'missing_required_slot', 'slot_key': 'jurisdictional_scope', 'criterion': 5, 'item_type': 'regulation'}, {'reason': 'missing_required_slot', 'slot_key': 'penalty_summary', 'criterion': 5, 'item_type': 'regulation'}, {'reason': 'missing_full_brief', 'criterion': 6}]"
efcc9f45-c7c7-4e06-8cb6-fc85348b8f2f,research_finding,verified,True,[]
efdb3390-7530-44e5-b99d-9b20157ae186,regulation,quarantined,False,"[{'reason': 'gate_a_unproven_or_stale', 'criterion': 7}]"
f0833999-8c58-4f00-8389-0a3f938641f3,regulation,quarantined,False,"[{'claim': 'The revised ESRS delegated act is targeted for adoption by 17 September 2026, following a consultation that closed 3 June 2026.', 'reason': 'fact_below_authority_floor', 'priority': 'CRITICAL', 'criterion': 3, 'floor_max': 2, 'item_type': 'regulation', 'floor_basis': 'priority', 'floor_scope': 'default', 'source_tier_derived': 7}, {'claim': 'The Omnibus includes a review clause requiring the Commission to assess by 26 July 2031 whether the scope thresholds should be revised and whether a sector-specific approach is needed for high-risk sectors.', 'reason': 'fact_below_authority_floor', 'priority': 'CRITICAL', 'criterion': 3, 'floor_max': 2, 'item_type': 'regulation', 'floor_basis': 'priority', 'floor_scope': 'default', 'source_tier_derived': 7}, {'claim': 'The CSRD requires sustainability disclosures to be prepared in a digital format and tagged for machine readability.', 'reason': 'fact_below_authority_floor', 'priority': 'CRITICAL', 'criterion': 3, 'floor_max': 2, 'item_type': 'regulation', 'floor_basis': 'priority', 'floor_scope': 'default', 'source_tier_derived': 7}, {'claim': 'The existing subsidiary reporting exemption has been extended under Omnibus I. All companies are eligible for group exemption if included in a consolidated sustainability report.', 'reason': 'fact_below_authority_floor', 'priority': 'CRITICAL', 'criterion': 3, 'floor_max': 2, 'item_type': 'regulation', 'floor_basis': 'priority', 'floor_scope': 'default', 'source_tier_derived': None}, {'claim': 'Member States may exempt companies that do not meet the new thresholds from reporting obligations for fiscal years beginning between 1 January 2025 and 31 December 2026.', 'reason': 'fact_below_authority_floor', 'priority': 'CRITICAL', 'criterion': 3, 'floor_max': 2, 'item_type': 'regulation', 'floor_basis': 'priority', 'floor_scope': 'default', 'source_tier_derived': None}, {'claim': '[primary_deadline] 19 March 2027: Member State transposition deadline for Omnibus I CSRD amendments.', 'reason': 'fact_below_authority_floor', 'priority': 'CRITICAL', 'criterion': 3, 'floor_max': 2, 'item_type': 'regulation', 'floor_basis': 'priority', 'floor_scope': 'default', 'source_tier_derived': 7}, {'claim': 'The Commission opened a four-week public consultation on 6 May 2026, which closed 3 June 2026.', 'reason': 'fact_below_authority_floor', 'priority': 'CRITICAL', 'criterion': 3, 'floor_max': 2, 'item_type': 'regulation', 'floor_basis': 'priority', 'floor_scope': 'default', 'source_tier_derived': 7}, {'claim': 'The draft revised ESRS reduce mandatory datapoints by over 60% and total datapoints by over 70%.', 'reason': 'fact_below_authority_floor', 'priority': 'CRITICAL', 'criterion': 3, 'floor_max': 2, 'item_type': 'regulation', 'floor_basis': 'priority', 'floor_scope': 'default', 'source_tier_derived': 7}, {'claim': '[effective_date] The financial year for assessment begins 1 January 2027.', 'reason': 'fact_below_authority_floor', 'priority': 'CRITICAL', 'criterion': 3, 'floor_max': 2, 'item_type': 'regulation', 'floor_basis': 'priority', 'floor_scope': 'default', 'source_tier_derived': None}, {'claim': 'The revised ESRS will apply to financial years beginning on or after 1 January 2027.', 'reason': 'fact_below_authority_floor', 'priority': 'CRITICAL', 'criterion': 3, 'floor_max': 2, 'item_type': 'regulation', 'floor_basis': 'priority', 'floor_scope': 'default', 'source_tier_derived': 7}, {'claim': 'The European Commission committed to adopting a delegated act amending the existing ESRS within six months of the entry into force of Omnibus I (18 March 2026), i.e., by 17 September 2026.', 'reason': 'fact_below_authority_floor', 'priority': 'CRITICAL', 'criterion': 3, 'floor_max': 2, 'item_type': 'regulation', 'floor_basis': 'priority', 'floor_scope': 'default', 'source_tier_derived': 7}, {'claim': 'After consultation, the delegated act is sent to Parliament and Council under the no-objection procedure, which lasts two months and is extendable by a further two months.', 'reason': 'fact_below_authority_floor', 'priority': 'CRITICAL', 'criterion': 3, 'floor_max': 2, 'item_type': 'regulation', 'floor_basis': 'priority', 'floor_scope': 'default', 'source_tier_derived': 7}, {'claim': 'Undertakings already subject to sustainability reporting for FY2026 may opt to apply the revised ESRS for that financial year.', 'reason': 'fact_below_authority_floor', 'priority': 'CRITICAL', 'criterion': 3, 'floor_max': 2, 'item_type': 'regulation', 'floor_basis': 'priority', 'floor_scope': 'default', 'source_tier_derived': 7}, {'claim': 'Member States have 12 months from 18 March 2026 to transpose the CSRD Omnibus I amendments into national law, i.e., by 19 March 2027.', 'reason': 'fact_below_authority_floor', 'priority': 'CRITICAL', 'criterion': 3, 'floor_max': 2, 'item_type': 'regulation', 'floor_basis': 'priority', 'floor_scope': 'default', 'source_tier_derived': 7}, {'claim': '[primary_deadline] Wave-2 (first CSRD report FY2027, published 2028) applies to other EU companies meeting the revised Omnibus thresholds.', 'reason': 'fact_below_authority_floor', 'priority': 'CRITICAL', 'criterion': 3, 'floor_max': 2, 'item_type': 'regulation', 'floor_basis': 'priority', 'floor_scope': 'default', 'source_tier_derived': 7}, {'claim': 'Directly in-scope reporting entities are required to conduct a double materiality assessment to determine which ESRS topics are material and therefore which disclosures are required, covering both impact materiality and financial materiality.', 'reason': 'fact_below_authority_floor', 'priority': 'CRITICAL', 'criterion': 3, 'floor_max': 2, 'item_type': 'regulation', 'floor_basis': 'priority', 'floor_scope': 'default', 'source_tier_derived': None}, {'claim': 'Companies in the value chain with fewer than 1,000 employees will have the right to refuse to provide information beyond that specified in the voluntary VSME standard.', 'reason': 'fact_below_authority_floor', 'priority': 'CRITICAL', 'criterion': 3, 'floor_max': 2, 'item_type': 'regulation', 'floor_basis': 'priority', 'floor_scope': 'default', 'source_tier_derived': None}, {'claim': ""EFRAG and IFRS published detailed interoperability guidance in 2024 confirming high alignment between ESRS E1 and IFRS S2 (ISSB climate standard). A 'top-up' approach is available."", 'reason': 'fact_below_authority_floor', 'priority': 'CRITICAL', 'criterion': 3, 'floor_max': 2, 'item_type': 'regulation', 'floor_basis': 'priority', 'floor_scope': 'default', 'source_tier_derived': None}, {'claim': 'The Commission committed to adopting a delegated act amending the existing ESRS within six months of the entry into force of the Omnibus (i.e., by 17 September 2026).', 'reason': 'analysis_missing_label_syntax', 'criterion': 4}, {'reason': 'gate_a_unproven_or_stale', 'criterion': 7}]"
f2269121-4e10-4bdc-99bf-1e9c6a1b35e4,regulation,quarantined,False,"[{'reason': 'gate_a_unproven_or_stale', 'criterion': 7}]"
f249c2bc-6766-42b0-935f-22f140cf2844,regulation,unverified,False,"[{'url': 'https://climatechangeauthority.gov.au/sites/default/files/documents/2023-12/2023%20review%20of%20the%20carbon%20credits%20act%202011%20-%20publication.pdf', 'reason': 'ungrounded_url', 'criterion': 2}, {'url': 'https://dcceew.gov.au/climate-change/emissions-reporting/national-greenhouse-energy-reporting-scheme', 'reason': 'ungrounded_url', 'criterion': 2}, {'url': 'https://climate-laws.org/document/climate-change-authority-act-2011_c4f5', 'reason': 'ungrounded_url', 'criterion': 2}, {'url': 'https://allens.com.au/insights-news/insights/2024/09/mandatory-climate-related-financial-reporting-legislation', 'reason': 'ungrounded_url', 'criterion': 2}, {'url': 'https://dcceew.gov.au/sites/default/files/documents/government-response-cca-nger-review.pdf', 'reason': 'ungrounded_url', 'criterion': 2}, {'url': 'https://dcceew.gov.au/climate-change/emissions-reporting/national-greenhouse-energy-reporting-scheme', 'reason': 'ungrounded_url', 'criterion': 2}, {'url': 'https://climatechangeauthority.gov.au/climate-policy-tracker', 'reason': 'ungrounded_url', 'criterion': 2}, {'url': 'https://climatechangeauthority.gov.au/sites/default/files/documents/2024-09/2024sectorpathwaysreviewtransport.pdf', 'reason': 'ungrounded_url', 'criterion': 2}, {'url': 'https://dcceew.gov.au/climate-change/emissions-reporting/national-greenhouse-energy-reporting-scheme', 'reason': 'ungrounded_url', 'criterion': 2}, {'url': 'https://climatechangeauthority.gov.au/sector-pathways-review-project', 'reason': 'ungrounded_url', 'criterion': 2}, {'url': 'https://classic.austlii.edu.au/au/legis/cth/consol_act/ccaa2011237', 'reason': 'ungrounded_url', 'criterion': 2}, {'url': 'https://climatechangeauthority.gov.au/publications', 'reason': 'ungrounded_url', 'criterion': 2}, {'url': 'https://dcceew.gov.au/climate-change/emissions-reduction/accu-scheme/reviews-and-reforms/implementation', 'reason': 'ungrounded_url', 'criterion': 2}, {'url': 'https://dcceew.gov.au/climate-change/publications/national-greenhouse-accounts-factors-2025', 'reason': 'ungrounded_url', 'criterion': 2}, {'url': 'https://deliver.com.au/industry-trends/what-australias-new-emissions-reporting-rules-mean-for-freight-customers-and-how-deliver-can-assist', 'reason': 'ungrounded_url', 'criterion': 2}, {'url': 'https://climatechangeauthority.gov.au/2025-annual-progress-report', 'reason': 'ungrounded_url', 'criterion': 2}, {'url': 'https://cario.com.au/resources/navigating-the-new-transport-carbon-reporting-requirements-in-2025', 'reason': 'ungrounded_url', 'criterion': 2}, {'url': 'https://cario.com.au/resources/navigating-the-new-transport-carbon-reporting-requirements-in-2025', 'reason': 'ungrounded_url', 'criterion': 2}, {'url': 'https://climatechangeauthority.gov.au/2025-annual-progress-report', 'reason': 'ungrounded_url', 'criterion': 2}, {'url': 'https://climatechangeauthority.gov.au/sites/default/files/documents/2023-12/2023%20review%20of%20the%20carbon%20credits%20act%202011%20-%20publication.pdf', 'reason': 'ungrounded_url', 'criterion': 2}, {'url': 'https://allens.com.au/insights-news/insights/2024/09/mandatory-climate-related-financial-reporting-legislation', 'reason': 'ungrounded_url', 'criterion': 2}, {'url': 'https://deliver.com.au/industry-trends/what-australias-new-emissions-reporting-rules-mean-for-freight-customers-and-how-deliver-can-assist', 'reason': 'ungrounded_url', 'criterion': 2}, {'reason': 'unlabeled_assertion', 'criterion': 4, 'section_row_id': 'aa6f532e-678e-4829-bfad-d283dfcb3c37'}, {'reason': 'unlabeled_assertion', 'criterion': 4, 'section_row_id': 'e21e8a10-5917-4a9f-893d-f31c3a4b368f'}, {'reason': 'unlabeled_assertion', 'criterion': 4, 'section_row_id': 'ed4e0f02-e236-4e58-af2d-02689f3d06d1'}, {'reason': 'unlabeled_assertion', 'criterion': 4, 'section_row_id': 'b8c2a96b-eceb-4bbf-99b8-4cd494db296a'}, {'reason': 'unlabeled_assertion', 'criterion': 4, 'section_row_id': '44a1a35e-d5bb-4c15-95e1-6a7fc6a6e2e0'}, {'reason': 'missing_required_slot', 'slot_key': 'effective_date', 'criterion': 5, 'item_type': 'regulation'}, {'reason': 'missing_required_slot', 'slot_key': 'primary_deadline', 'criterion': 5, 'item_type': 'regulation'}, {'reason': 'missing_required_slot', 'slot_key': 'jurisdictional_scope', 'criterion': 5, 'item_type': 'regulation'}, {'reason': 'missing_required_slot', 'slot_key': 'penalty_summary', 'criterion': 5, 'item_type': 'regulation'}, {'reason': 'missing_full_brief', 'criterion': 6}]"
f3510df3-0fdc-49a8-b33c-c45ed78494f8,market_signal,quarantined,False,"[{'reason': 'gate_a_unproven_or_stale', 'criterion': 7}]"
f3cee01b-77bf-4770-badb-c8020186e63c,research_finding,verified,True,[]
f40e2170-e2d2-4ff6-ac15-673488e3e183,guidance,unverified,False,"[{'reason': 'no_section_content', 'criterion': 2}, {'reason': 'missing_full_brief', 'criterion': 6}]"
f436708f-7f3a-4ee4-957b-a536e90c9162,regulation,quarantined,False,"[{'url': 'https://gxa.go.jp/en', 'reason': 'ungrounded_url', 'criterion': 2}, {'claim': ""An existing carbon tax — 'Tax for Climate Change Mitigation on fossil fuels since 2012.'"", 'reason': 'fact_below_authority_floor', 'priority': 'LOW', 'criterion': 3, 'floor_max': 2, 'item_type': 'regulation', 'floor_basis': 'item_type_unconditional', 'floor_scope': 'default', 'source_tier_derived': 3}, {'claim': '[effective_date] Japan started its GX-ETS as a voluntary baseline-and-credit system during its first phase spanning FY2023 and FY2025. In the FY2026, which started in April 2026, the GX-ETS transitioned to a mandatory baseline-and-credit system.', 'reason': 'fact_below_authority_floor', 'priority': 'LOW', 'criterion': 3, 'floor_max': 2, 'item_type': 'regulation', 'floor_basis': 'item_type_unconditional', 'floor_scope': 'default', 'source_tier_derived': 3}, {'claim': '[jurisdictional_scope] The GX-ETS applies in Japan, covering entities accounting for over 50% of national GHG emissions.', 'reason': 'fact_below_authority_floor', 'priority': 'LOW', 'criterion': 3, 'floor_max': 2, 'item_type': 'regulation', 'floor_basis': 'item_type_unconditional', 'floor_scope': 'default', 'source_tier_derived': 3}, {'claim': 'Over the course of 2025, the Ministry of Economy, Trade and Industry (METI) held several working group meetings to consult stakeholders on various design aspects of the mandatory GX-ETS such as benchmarks and grandfathering for setting the baselines and upper and lower price limits of emission allowances.', 'reason': 'fact_below_authority_floor', 'priority': 'LOW', 'criterion': 3, 'floor_max': 2, 'item_type': 'regulation', 'floor_basis': 'item_type_unconditional', 'floor_scope': 'default', 'source_tier_derived': 3}, {'claim': 'The GX-ETS will not be linked with any other system.', 'reason': 'fact_below_authority_floor', 'priority': 'LOW', 'criterion': 3, 'floor_max': 2, 'item_type': 'regulation', 'floor_basis': 'item_type_unconditional', 'floor_scope': 'default', 'source_tier_derived': 3}, {'claim': 'Upper and lower price limits apply. For FY2027: upper JPY 4,300 (USD 28.73), lower JPY 1,700 (USD 11.36).', 'reason': 'fact_below_authority_floor', 'priority': 'LOW', 'criterion': 3, 'floor_max': 2, 'item_type': 'regulation', 'floor_basis': 'item_type_unconditional', 'floor_scope': 'default', 'source_tier_derived': 3}, {'claim': 'The voluntary phase spanning FY2023 and FY2025 concluded. More than 700 companies, accounting for over 50% of national GHG emissions, participated in the voluntary ETS.', 'reason': 'fact_below_authority_floor', 'priority': 'LOW', 'criterion': 3, 'floor_max': 2, 'item_type': 'regulation', 'floor_basis': 'item_type_unconditional', 'floor_scope': 'default', 'source_tier_derived': 3}, {'claim': 'Its Joint Crediting Mechanism (JCM) is a bilateral scheme to incentivise decarbonising technologies and mitigation actions in 31 partner countries. JCM credits are eligible for use in the GX-ETS.', 'reason': 'fact_below_authority_floor', 'priority': 'LOW', 'criterion': 3, 'floor_max': 2, 'item_type': 'regulation', 'floor_basis': 'item_type_unconditional', 'floor_scope': 'default', 'source_tier_derived': 3}, {'claim': 'A carbon levy (GX-Surcharge) to be introduced from 2028 on fossil fuel importers and domestic fossil fuel extractors.', 'reason': 'fact_below_authority_floor', 'priority': 'LOW', 'criterion': 3, 'floor_max': 2, 'item_type': 'regulation', 'floor_basis': 'item_type_unconditional', 'floor_scope': 'default', 'source_tier_derived': 3}, {'claim': 'The GX Promotion Strategy aims to spur up JPY150 trillion (USD 1 trillion) of public and private sector investment over the next 10 years.', 'reason': 'fact_below_authority_floor', 'priority': 'LOW', 'criterion': 3, 'floor_max': 2, 'item_type': 'regulation', 'floor_basis': 'item_type_unconditional', 'floor_scope': 'default', 'source_tier_derived': 6}, {'claim': 'Grandparenting applies to sectors not specifically named in the benchmarking list.', 'reason': 'fact_below_authority_floor', 'priority': 'LOW', 'criterion': 3, 'floor_max': 2, 'item_type': 'regulation', 'floor_basis': 'item_type_unconditional', 'floor_scope': 'default', 'source_tier_derived': 3}, {'claim': 'The government is examining the possibility of implementing banking rules in FY2027.', 'reason': 'fact_below_authority_floor', 'priority': 'LOW', 'criterion': 3, 'floor_max': 2, 'item_type': 'regulation', 'floor_basis': 'item_type_unconditional', 'floor_scope': 'default', 'source_tier_derived': 3}, {'claim': '300-400 entities in the mandatory phase.', 'reason': 'fact_below_authority_floor', 'priority': 'LOW', 'criterion': 3, 'floor_max': 2, 'item_type': 'regulation', 'floor_basis': 'item_type_unconditional', 'floor_scope': 'default', 'source_tier_derived': 3}, {'claim': 'By FY2030: 46% reduction from FY2013 GHG levels, including LULUCF credits; and continue efforts to cut emissions by 50% (NDC 1.0). By 2050: Net zero GHG emissions (NDC 2.0).', 'reason': 'fact_below_authority_floor', 'priority': 'LOW', 'criterion': 3, 'floor_max': 2, 'item_type': 'regulation', 'floor_basis': 'item_type_unconditional', 'floor_scope': 'default', 'source_tier_derived': 3}, {'claim': 'By FY2030: Japan NDC target of 46% GHG reduction from FY2013 levels. By 2050: Net zero.', 'reason': 'fact_below_authority_floor', 'priority': 'LOW', 'criterion': 3, 'floor_max': 2, 'item_type': 'regulation', 'floor_basis': 'item_type_unconditional', 'floor_scope': 'default', 'source_tier_derived': 3}, {'claim': '[jurisdictional_scope] The GX-ETS mandatory phase covers Transport and Domestic Aviation, in addition to Industry, Power, and Maritime.', 'reason': 'fact_below_authority_floor', 'priority': 'LOW', 'criterion': 3, 'floor_max': 2, 'item_type': 'regulation', 'floor_basis': 'item_type_unconditional', 'floor_scope': 'default', 'source_tier_derived': 3}, {'claim': 'From FY2033, auctioning will be introduced for high-emitting corporations in the power sector.', 'reason': 'fact_below_authority_floor', 'priority': 'LOW', 'criterion': 3, 'floor_max': 2, 'item_type': 'regulation', 'floor_basis': 'item_type_unconditional', 'floor_scope': 'default', 'source_tier_derived': 3}, {'claim': 'Borrowing is not allowed under the GX-ETS.', 'reason': 'fact_below_authority_floor', 'priority': 'LOW', 'criterion': 3, 'floor_max': 2, 'item_type': 'regulation', 'floor_basis': 'item_type_unconditional', 'floor_scope': 'default', 'source_tier_derived': 3}, {'claim': 'A bottom-up absolute cap limits the total emissions allowed in the system and is fixed ex-ante.', 'reason': 'fact_below_authority_floor', 'priority': 'LOW', 'criterion': 3, 'floor_max': 2, 'item_type': 'regulation', 'floor_basis': 'item_type_unconditional', 'floor_scope': 'default', 'source_tier_derived': 3}, {'claim': ""[jurisdictional_scope] Japan operates two sub-national ETS schemes: 'Sub-national ETSs: in Tokyo and Saitama.'"", 'reason': 'fact_below_authority_floor', 'priority': 'LOW', 'criterion': 3, 'floor_max': 2, 'item_type': 'regulation', 'floor_basis': 'item_type_unconditional', 'floor_scope': 'default', 'source_tier_derived': 3}, {'claim': '[primary_deadline] Annual emissions report submission deadline for GX-ETS covered entities is January 31 following each reporting year.', 'reason': 'fact_below_authority_floor', 'priority': 'LOW', 'criterion': 3, 'floor_max': 2, 'item_type': 'regulation', 'floor_basis': 'item_type_unconditional', 'floor_scope': 'default', 'source_tier_derived': 3}, {'claim': ""The GX-Surcharge is described as 'a carbon levy to be introduced from 2028 on fossil fuel importers and domestic fossil fuel extractors.'"", 'reason': 'fact_below_authority_floor', 'priority': 'LOW', 'criterion': 3, 'floor_max': 2, 'item_type': 'regulation', 'floor_basis': 'item_type_unconditional', 'floor_scope': 'default', 'source_tier_derived': 3}, {'claim': 'Banking: There are currently no regulations for banking in place, but the government is examining the possibility of implementing banking rules in FY2027. Borrowing is not allowed.', 'reason': 'fact_below_authority_floor', 'priority': 'LOW', 'criterion': 3, 'floor_max': 2, 'item_type': 'regulation', 'floor_basis': 'item_type_unconditional', 'floor_scope': 'default', 'source_tier_derived': 3}, {'claim': ""[effective_date] In the FY2026, which started in April 2026, the GX-ETS transitioned to a mandatory baseline-and-credit system. Companies with annual CO₂ emissions of 100,000 tonnes or more. Estimated mandatory-phase participants: '300–400 entities.'"", 'reason': 'fact_below_authority_floor', 'priority': 'LOW', 'criterion': 3, 'floor_max': 2, 'item_type': 'regulation', 'floor_basis': 'item_type_unconditional', 'floor_scope': 'default', 'source_tier_derived': 3}, {'claim': ""[jurisdictional_scope] The GX-ETS sectoral coverage for transport covers Domestic Aviation and Transport (road freight automobile transportation and domestic marine transportation). International aviation is listed separately under the ICAP sectoral coverage table alongside 'Maritime.'"", 'reason': 'fact_below_authority_floor', 'priority': 'LOW', 'criterion': 3, 'floor_max': 2, 'item_type': 'regulation', 'floor_basis': 'item_type_unconditional', 'floor_scope': 'default', 'source_tier_derived': 3}, {'claim': ""Carbon tax on fossil fuels ('Tax for Climate Change Mitigation') entered force in Japan in 2012."", 'reason': 'fact_below_authority_floor', 'priority': 'LOW', 'criterion': 3, 'floor_max': 2, 'item_type': 'regulation', 'floor_basis': 'item_type_unconditional', 'floor_scope': 'default', 'source_tier_derived': 3}, {'reason': 'missing_required_slot', 'slot_key': 'penalty_summary', 'criterion': 5, 'item_type': 'regulation'}, {'reason': 'gate_a_unproven_or_stale', 'criterion': 7}]"
f5bc7f1f-75aa-4482-8e3f-06577ea7b6ad,market_signal,pending_human_verify,False,"[{'reason': 'no_section_content', 'criterion': 2}, {'reason': 'missing_full_brief', 'criterion': 6}]"
f6774c49-f277-4882-ba29-b911985a427a,technology,quarantined,False,"[{'reason': 'gate_a_unproven_or_stale', 'criterion': 7}]"
f67aabad-45a5-42ce-9270-77e481f79eed,regulation,quarantined,False,"[{'reason': 'gate_a_unproven_or_stale', 'criterion': 7}]"
f72155a2-beba-4e75-8b19-1f12074bb15a,regulation,quarantined,False,"[{'reason': 'missing_full_brief', 'criterion': 6}]"
f7253668-d923-4a40-91fb-06208ac82478,regional_data,quarantined,False,"[{'reason': 'gate_a_unproven_or_stale', 'criterion': 7}]"
f92fab46-b7c8-4ebb-ba87-ff54d18aeaf2,initiative,quarantined,False,"[{'reason': 'gate_a_unproven_or_stale', 'criterion': 7}]"
f982289b-fa8f-4d95-b507-903d0683c611,market_signal,quarantined,False,"[{'reason': 'gate_a_unproven_or_stale', 'criterion': 7}]"
f99dd005-5bc8-4bed-a8c7-7fb718600bf2,framework,unverified,False,"[{'reason': 'no_section_content', 'criterion': 2}, {'reason': 'missing_full_brief', 'criterion': 6}]"
f9c3cc30-761d-4fd9-ab85-ddb5247c1bd2,regulation,unverified,False,"[{'reason': 'missing_source_id', 'criterion': 1}, {'reason': 'no_section_content', 'criterion': 2}, {'reason': 'missing_full_brief', 'criterion': 6}]"
fabda0e7-dfb4-43c2-bef9-1821bb148d5d,guidance,quarantined,False,"[{'claim': '[jurisdictional_scope] The Clean Fuels Program applies to the average of on-road transportation fuels used in the state with exemptions for fuels used in small volumes or for agriculture and logging.', 'reason': 'fact_below_authority_floor', 'priority': 'LOW', 'criterion': 3, 'floor_max': 2, 'item_type': 'guidance', 'floor_basis': 'item_type_unconditional', 'floor_scope': 'default', 'source_tier_derived': 4}, {'claim': 'The default CI for clear gasoline declined from 100.14 to 98.12 grams of carbon dioxide equivalents per megajoule (gCO2e/MJ or g/MJ) and the default CI for petroleum diesel rose from 100.74 to 104.92 g/MJ.', 'reason': 'fact_below_authority_floor', 'priority': 'LOW', 'criterion': 3, 'floor_max': 2, 'item_type': 'guidance', 'floor_basis': 'item_type_unconditional', 'floor_scope': 'default', 'source_tier_derived': 4}, {'claim': 'A new CI reduction requirement of at least 50% by 2040 has been directed by Executive Order 25-29 but is not yet adopted rule.', 'reason': 'fact_below_authority_floor', 'priority': 'LOW', 'criterion': 3, 'floor_max': 2, 'item_type': 'guidance', 'floor_basis': 'item_type_unconditional', 'floor_scope': 'default', 'source_tier_derived': 4}, {'claim': 'Electricity reporting and fuel pathway applications now require third-party verification under the 2024 rulemaking.', 'reason': 'fact_below_authority_floor', 'priority': 'LOW', 'criterion': 3, 'floor_max': 2, 'item_type': 'guidance', 'floor_basis': 'item_type_unconditional', 'floor_scope': 'default', 'source_tier_derived': 4}, {'claim': '[effective_date] On September 23, 2022, the EQC unanimously approved a significant expansion of the CFP, setting more stringent benchmark standards: a 20% CI reduction by 2030 and a 37% reduction by 2035. These extended and more aggressive standards took effect January 1, 2023.', 'reason': 'fact_below_authority_floor', 'priority': 'LOW', 'criterion': 3, 'floor_max': 2, 'item_type': 'guidance', 'floor_basis': 'item_type_unconditional', 'floor_scope': 'default', 'source_tier_derived': 4}, {'claim': 'Each credit representing 1 metric ton (MT) of CO2-equivalent GHGs.', 'reason': 'fact_below_authority_floor', 'priority': 'LOW', 'criterion': 3, 'floor_max': 2, 'item_type': 'guidance', 'floor_basis': 'item_type_unconditional', 'floor_scope': 'default', 'source_tier_derived': 4}, {'claim': 'The rulemaking is expected to extend CFP targets to at least 2040, evaluate whether to adjust existing standards before 2035, address transportation electrification, and fix issues in the offsite renewable electricity provisions.', 'reason': 'fact_below_authority_floor', 'priority': 'LOW', 'criterion': 3, 'floor_max': 2, 'item_type': 'guidance', 'floor_basis': 'item_type_unconditional', 'floor_scope': 'default', 'source_tier_derived': 4}, {'claim': 'The CFP applies to the average of on-road transportation fuels used in the state with exemptions for fuels used in small volumes or for agriculture and logging.', 'reason': 'fact_below_authority_floor', 'priority': 'LOW', 'criterion': 3, 'floor_max': 2, 'item_type': 'guidance', 'floor_basis': 'item_type_unconditional', 'floor_scope': 'default', 'source_tier_derived': 4}, {'claim': 'DEQ launched a 2026-2027 rulemaking, with a Rulemaking Advisory Committee convened in early 2026, a Notice of Proposed Rulemaking anticipated in late 2026, and EQC consideration expected in late 2026 or early 2027.', 'reason': 'fact_below_authority_floor', 'priority': 'LOW', 'criterion': 3, 'floor_max': 2, 'item_type': 'guidance', 'floor_basis': 'item_type_unconditional', 'floor_scope': 'default', 'source_tier_derived': 4}, {'claim': 'Electricity reporting and fuel pathway applications now go through third-party verification.', 'reason': 'fact_below_authority_floor', 'priority': 'LOW', 'criterion': 3, 'floor_max': 2, 'item_type': 'guidance', 'floor_basis': 'item_type_unconditional', 'floor_scope': 'default', 'source_tier_derived': 4}, {'claim': 'Following the 2024 rulemaking, electricity reporting and fuel pathway applications now require third-party verification.', 'reason': 'fact_below_authority_floor', 'priority': 'LOW', 'criterion': 3, 'floor_max': 2, 'item_type': 'guidance', 'floor_basis': 'item_type_unconditional', 'floor_scope': 'default', 'source_tier_derived': 4}, {'claim': '[jurisdictional_scope] The CFP applies to the average of on-road transportation fuels used in the state with exemptions for fuels used in small volumes or for agriculture and logging.', 'reason': 'fact_below_authority_floor', 'priority': 'LOW', 'criterion': 3, 'floor_max': 2, 'item_type': 'guidance', 'floor_basis': 'item_type_unconditional', 'floor_scope': 'default', 'source_tier_derived': 4}, {'claim': 'From mid-2020 through mid-2022, credit prices demonstrated a generally flat trend before declining in mid-2022 to another relatively flat plateau until the second quarter of 2023 when prices began to show more volatility. Prices then rose through September 2023 before dropping dramatically through the second quarter of 2024. From the last half of 2024 through April 2026, CFP credit prices have shown a strong resurgence.', 'reason': 'fact_below_authority_floor', 'priority': 'LOW', 'criterion': 3, 'floor_max': 2, 'item_type': 'guidance', 'floor_basis': 'item_type_unconditional', 'floor_scope': 'default', 'source_tier_derived': 4}, {'claim': 'In 2025, the contributions of credit-generating fuels include a mix of ethanol (23%), biodiesel (15%), renewable diesel (35%), electricity (21%), and both fossil and renewable natural gas (6.1%).', 'reason': 'fact_below_authority_floor', 'priority': 'LOW', 'criterion': 3, 'floor_max': 2, 'item_type': 'guidance', 'floor_basis': 'item_type_unconditional', 'floor_scope': 'default', 'source_tier_derived': 4}, {'claim': 'Washington state [adopted a Clean Fuel Standard] in 2023 with an effective date of 2024 and New Mexico in 2024 with an effective date in 2026.', 'reason': 'fact_below_authority_floor', 'priority': 'LOW', 'criterion': 3, 'floor_max': 2, 'item_type': 'guidance', 'floor_basis': 'item_type_unconditional', 'floor_scope': 'default', 'source_tier_derived': 4}, {'claim': 'On September 23, 2022, the EQC unanimously approved a significant expansion of the CFP, setting more stringent benchmark standards: a 20% CI reduction by 2030 and a 37% reduction by 2035. These extended and more aggressive standards, displayed in Figure 1 below, took effect January 1, 2023.', 'reason': 'fact_below_authority_floor', 'priority': 'LOW', 'criterion': 3, 'floor_max': 2, 'item_type': 'guidance', 'floor_basis': 'item_type_unconditional', 'floor_scope': 'default', 'source_tier_derived': 4}, {'claim': 'With the new version of the GREET model, the default CI for clear gasoline declined from 100.14 to 98.12 grams of carbon dioxide equivalents per megajoule (gCO2e/MJ or g/MJ) and the default CI for petroleum diesel rose from 100.74 to 104.92 g/MJ.', 'reason': 'fact_below_authority_floor', 'priority': 'LOW', 'criterion': 3, 'floor_max': 2, 'item_type': 'guidance', 'floor_basis': 'item_type_unconditional', 'floor_scope': 'default', 'source_tier_derived': 4}, {'claim': ""The January 9, 2025 CFP rulemaking 'required electricity reporting and fuel pathway applications to go through third-party verification.'"", 'reason': 'fact_below_authority_floor', 'priority': 'LOW', 'criterion': 3, 'floor_max': 2, 'item_type': 'guidance', 'floor_basis': 'item_type_unconditional', 'floor_scope': 'default', 'source_tier_derived': 4}, {'claim': ""The CFP 'is intended to be technology neutral.'"", 'reason': 'fact_below_authority_floor', 'priority': 'LOW', 'criterion': 3, 'floor_max': 2, 'item_type': 'guidance', 'floor_basis': 'item_type_unconditional', 'floor_scope': 'default', 'source_tier_derived': 4}, {'claim': 'The key question for many market participants is: How will the multi-state market interplay impact CFP credit prices?', 'reason': 'fact_below_authority_floor', 'priority': 'LOW', 'criterion': 3, 'floor_max': 2, 'item_type': 'guidance', 'floor_basis': 'item_type_unconditional', 'floor_scope': 'default', 'source_tier_derived': 4}, {'claim': 'EQC-adopted 20%/37% CI reduction targets take effect January 1, 2023.', 'reason': 'fact_below_authority_floor', 'priority': 'LOW', 'criterion': 3, 'floor_max': 2, 'item_type': 'guidance', 'floor_basis': 'item_type_unconditional', 'floor_scope': 'default', 'source_tier_derived': 4}, {'claim': ""The CFP 'applies to the average of on-road transportation fuels used in the state with exemptions for fuels used in small volumes or for agriculture and logging.'"", 'reason': 'fact_below_authority_floor', 'priority': 'LOW', 'criterion': 3, 'floor_max': 2, 'item_type': 'guidance', 'floor_basis': 'item_type_unconditional', 'floor_scope': 'default', 'source_tier_derived': 4}, {'claim': 'On September 23, 2022, the EQC unanimously approved a significant expansion of the CFP, setting more stringent benchmark standards: a 20% CI reduction by 2030 and a 37% reduction by 2035. These extended and more aggressive standards took effect January 1, 2023.', 'reason': 'fact_below_authority_floor', 'priority': 'LOW', 'criterion': 3, 'floor_max': 2, 'item_type': 'guidance', 'floor_basis': 'item_type_unconditional', 'floor_scope': 'default', 'source_tier_derived': 4}]"
fb86ee11-08ba-47a5-8cbd-5a8079dfc1c2,market_signal,verified,True,[]
fcf98c3d-44d9-4eae-a31f-1e611545acf8,research_finding,quarantined,False,"[{'reason': 'gate_a_unproven_or_stale', 'criterion': 7}]"
ff4064ab-9489-4fc4-b3cc-f0f157e71db5,regulation,quarantined,False,"[{'reason': 'gate_a_unproven_or_stale', 'criterion': 7}]"
ff95b385-6cb2-453a-94e6-b9fc84d7f851,regulation,verified,True,[]
