Match,UniqueData,OEM_ManufacturerName,OEM_Make,OEM_Model,OEM_VehicleGroup,OEM_VehicleSubgroup,OEM_ZeroEmissionVehicle,OEM_HybridElectricHDV,OEM_DualFuelVehicle,OEM_VocationalVehicle,OEM_Engine_FuelType,OEM_GrossVehicleMass_t,MS_RegistrationCountry,MS_VehicleCategoryCode,MS_BodyworkCode,MS_TPMLM,MS_StageOfCompletionCode,MS_FuelType,MS_Electric,MS_Hybrid,MS_Vocational,MS_RegistrationDateClean_YYYYMMDD,OEM_PK_Vehicle,ManufacturerAddress,LegislativeClass,CurbMassChassis_kg,ExemptedVehicle,AxleConfiguration,SleeperCab,PTO,MS_PK_Vehicle,MS_ID,MS_Mh,MS_Mh_msv,MS_Mk,MS_ClassOfHybrid,MS_MaximumSpeed_kmh,MS_NumberOfAxles,MS_CryptHashManufacturerRecord,MS_SpecificCO2Emissions_gtkm,MS_AveragePayload_t,MS_RegistrationDate,ADAS_EngineStopStart,ADAS_EcoRollWithoutEngineStop,ADAS_EcoRollWithEngineStop,ADAS_PredictiveCruiseControl,Engine_CertificationNumber,Engine_TAN,Engine_RatedPower_kw,Engine_IdlingSpeed_rpm,Engine_RatedSpeed_rpm,Engine_Displacement_ltr,WHTC_CO2_gkwh,WHTC_FuelConsumption_gkwh,WHSC_CO2_gkwh,WHSC_FuelConsumption_gkwh,Gearbox_CertificationNumber,Gearbox_CertificationMethod,Gearbox_TransmissionType,Gearbox_GearsCount,Gearbox_TransmissionRatioFinalGear,TorqueConverter_CertificationMethod,TorqueConverter_CertificationNumber,Retarder_RetarderType,Retarder_CertificationMethod,Retarder_CertificationNumber,AngleDrive_CertificationMethod,AngleDrive_CertificationNumber,AngleDrive_Ratio,Axlegear_CertificationMethod,Axlegear_CertificationNumber,Axlegear_LineType,Axlegear_Ratio,AirDrag_CertificationMethod,AirDrag_CertificationNumber,AirDrag_CdxA_range,Auxiliaries_FanTechnology,Auxiliaries_SteeringPumpTechnology1,Auxiliaries_SteeringPumpTechnology2,Auxiliaries_SteeringPumpTechnology3,Auxiliaries_SteeringPumpTechnology4,Auxiliaries_ElectricSystemTechnology,Auxiliaries_PneumaticSystemTechnology,SimulationToolVersion,SimulationDate,NumberofLicenceforSimulationTool,RDL_Mission,RDL_Distance_km,RDL_TotalVehicleMass_kg,RDL_Payload_kg,RDL_FuelType,RDL_AverageSpeed_kmh,RDL_MinSpeed_kmh,RDL_MaxSpeed_kmh,RDL_MaxDeceleration_ms2,RDL_MaxAcceleration_ms2,RDL_FullLoadDrivingtimePct,RDL_GearShiftCount,RDL_CO2_gkm,RDL_CO2_gm3km,RDL_CO2_gtkm,RDL_FuelConsumption_gkm,RDL_FuelConsumption_gm3km,RDL_FuelConsumption_gtkm,RDL_FuelConsumption_l100km,RDL_FuelConsumption_lm3km,RDL_FuelConsumption_ltkm,RDL_FuelConsumption_mjkm,RDL_FuelConsumption_mjm3km,RDL_FuelConsumption_mjtkm,RDR_Mission,RDR_Distance_km,RDR_TotalVehicleMass_kg,RDR_Payload_kg,RDR_FuelType,RDR_AverageSpeed_kmh,RDR_MinSpeed_kmh,RDR_MaxSpeed_kmh,RDR_MaxDeceleration_ms2,RDR_MaxAcceleration_ms2,RDR_FullLoadDrivingtimePct,RDR_GearShiftCount,RDR_CO2_gkm,RDR_CO2_gm3km,RDR_CO2_gtkm,RDR_FuelConsumption_gkm,RDR_FuelConsumption_gm3km,RDR_FuelConsumption_gtkm,RDR_FuelConsumption_l100km,RDR_FuelConsumption_lm3km,RDR_FuelConsumption_ltkm,RDR_FuelConsumption_mjkm,RDR_FuelConsumption_mjm3km,RDR_FuelConsumption_mjtkm,LHL_Mission,LHL_Distance_km,LHL_TotalVehicleMass_kg,LHL_Payload_kg,LHL_FuelType,LHL_AverageSpeed_kmh,LHL_MinSpeed_kmh,LHL_MaxSpeed_kmh,LHL_MaxDeceleration_ms2,LHL_MaxAcceleration_ms2,LHL_FullLoadDrivingtimePct,LHL_GearShiftCount,LHL_CO2_gkm,LHL_CO2_gm3km,LHL_CO2_gtkm,LHL_FuelConsumption_gkm,LHL_FuelConsumption_gm3km,LHL_FuelConsumption_gtkm,LHL_FuelConsumption_l100km,LHL_FuelConsumption_lm3km,LHL_FuelConsumption_ltkm,LHL_FuelConsumption_mjkm,LHL_FuelConsumption_mjm3km,LHL_FuelConsumption_mjtkm,LHR_Mission,LHR_Distance_km,LHR_TotalVehicleMass_kg,LHR_Payload_kg,LHR_FuelType,LHR_AverageSpeed_kmh,LHR_MinSpeed_kmh,LHR_MaxSpeed_kmh,LHR_MaxDeceleration_ms2,LHR_MaxAcceleration_ms2,LHR_FullLoadDrivingtimePct,LHR_GearShiftCount,LHR_CO2_gkm,LHR_CO2_gm3km,LHR_CO2_gtkm,LHR_FuelConsumption_gkm,LHR_FuelConsumption_gm3km,LHR_FuelConsumption_gtkm,LHR_FuelConsumption_l100km,LHR_FuelConsumption_lm3km,LHR_FuelConsumption_ltkm,LHR_FuelConsumption_mjkm,LHR_FuelConsumption_mjm3km,LHR_FuelConsumption_mjtkm,UDL_Mission,UDL_Distance_km,UDL_TotalVehicleMass_kg,UDL_Payload_kg,UDL_FuelType,UDL_AverageSpeed_kmh,UDL_MinSpeed_kmh,UDL_MaxSpeed_kmh,UDL_MaxDeceleration_ms2,UDL_MaxAcceleration_ms2,UDL_FullLoadDrivingtimePct,UDL_GearShiftCount,UDL_CO2_gkm,UDL_CO2_gm3km,UDL_CO2_gtkm,UDL_FuelConsumption_gkm,UDL_FuelConsumption_gm3km,UDL_FuelConsumption_gtkm,UDL_FuelConsumption_l100km,UDL_FuelConsumption_lm3km,UDL_FuelConsumption_ltkm,UDL_FuelConsumption_mjkm,UDL_FuelConsumption_mjm3km,UDL_FuelConsumption_mjtkm,UDR_Mission,UDR_Distance_km,UDR_TotalVehicleMass_kg,UDR_Payload_kg,UDR_FuelType,UDR_AverageSpeed_kmh,UDR_MinSpeed_kmh,UDR_MaxSpeed_kmh,UDR_MaxDeceleration_ms2,UDR_MaxAcceleration_ms2,UDR_FullLoadDrivingtimePct,UDR_GearShiftCount,UDR_CO2_gkm,UDR_CO2_gm3km,UDR_CO2_gtkm,UDR_FuelConsumption_gkm,UDR_FuelConsumption_gm3km,UDR_FuelConsumption_gtkm,UDR_FuelConsumption_l100km,UDR_FuelConsumption_lm3km,UDR_FuelConsumption_ltkm,UDR_FuelConsumption_mjkm,UDR_FuelConsumption_mjm3km,UDR_FuelConsumption_mjtkm,REL_Mission,REL_Distance_km,REL_TotalVehicleMass_kg,REL_Payload_kg,REL_FuelType,REL_AverageSpeed_kmh,REL_MinSpeed_kmh,REL_MaxSpeed_kmh,REL_MaxDeceleration_ms2,REL_MaxAcceleration_ms2,REL_FullLoadDrivingtimePct,REL_GearShiftCount,REL_CO2_gkm,REL_CO2_gm3km,REL_CO2_gtkm,REL_FuelConsumption_gkm,REL_FuelConsumption_gm3km,REL_FuelConsumption_gtkm,REL_FuelConsumption_l100km,REL_FuelConsumption_lm3km,REL_FuelConsumption_ltkm,REL_FuelConsumption_mjkm,REL_FuelConsumption_mjm3km,REL_FuelConsumption_mjtkm,RER_Mission,RER_Distance_km,RER_TotalVehicleMass_kg,RER_Payload_kg,RER_FuelType,RER_AverageSpeed_kmh,RER_MinSpeed_kmh,RER_MaxSpeed_kmh,RER_MaxDeceleration_ms2,RER_MaxAcceleration_ms2,RER_FullLoadDrivingtimePct,RER_GearShiftCount,RER_CO2_gkm,RER_CO2_gm3km,RER_CO2_gtkm,RER_FuelConsumption_gkm,RER_FuelConsumption_gm3km,RER_FuelConsumption_gtkm,RER_FuelConsumption_l100km,RER_FuelConsumption_lm3km,RER_FuelConsumption_ltkm,RER_FuelConsumption_mjkm,RER_FuelConsumption_mjm3km,RER_FuelConsumption_mjtkm,LEL_Mission,LEL_Distance_km,LEL_TotalVehicleMass_kg,LEL_Payload_kg,LEL_FuelType,LEL_AverageSpeed_kmh,LEL_MinSpeed_kmh,LEL_MaxSpeed_kmh,LEL_MaxDeceleration_ms2,LEL_MaxAcceleration_ms2,LEL_FullLoadDrivingtimePct,LEL_GearShiftCount,LEL_CO2_gkm,LEL_CO2_gm3km,LEL_CO2_gtkm,LEL_FuelConsumption_gkm,LEL_FuelConsumption_gm3km,LEL_FuelConsumption_gtkm,LEL_FuelConsumption_l100km,LEL_FuelConsumption_lm3km,LEL_FuelConsumption_ltkm,LEL_FuelConsumption_mjkm,LEL_FuelConsumption_mjm3km,LEL_FuelConsumption_mjtkm,LER_Mission,LER_Distance_km,LER_TotalVehicleMass_kg,LER_Payload_kg,LER_FuelType,LER_AverageSpeed_kmh,LER_MinSpeed_kmh,LER_MaxSpeed_kmh,LER_MaxDeceleration_ms2,LER_MaxAcceleration_ms2,LER_FullLoadDrivingtimePct,LER_GearShiftCount,LER_CO2_gkm,LER_CO2_gm3km,LER_CO2_gtkm,LER_FuelConsumption_gkm,LER_FuelConsumption_gm3km,LER_FuelConsumption_gtkm,LER_FuelConsumption_l100km,LER_FuelConsumption_lm3km,LER_FuelConsumption_ltkm,LER_FuelConsumption_mjkm,LER_FuelConsumption_mjm3km,LER_FuelConsumption_mjtkm,MUL_Mission,MUL_Distance_km,MUL_TotalVehicleMass_kg,MUL_Payload_kg,MUL_FuelType,MUL_AverageSpeed_kmh,MUL_MinSpeed_kmh,MUL_MaxSpeed_kmh,MUL_MaxDeceleration_ms2,MUL_MaxAcceleration_ms2,MUL_FullLoadDrivingtimePct,MUL_GearShiftCount,MUL_CO2_gkm,MUL_CO2_gm3km,MUL_CO2_gtkm,MUL_FuelConsumption_gkm,MUL_FuelConsumption_gm3km,MUL_FuelConsumption_gtkm,MUL_FuelConsumption_l100km,MUL_FuelConsumption_lm3km,MUL_FuelConsumption_ltkm,MUL_FuelConsumption_mjkm,MUL_FuelConsumption_mjm3km,MUL_FuelConsumption_mjtkm,MUR_Mission,MUR_Distance_km,MUR_TotalVehicleMass_kg,MUR_Payload_kg,MUR_FuelType,MUR_AverageSpeed_kmh,MUR_MinSpeed_kmh,MUR_MaxSpeed_kmh,MUR_MaxDeceleration_ms2,MUR_MaxAcceleration_ms2,MUR_FullLoadDrivingtimePct,MUR_GearShiftCount,MUR_CO2_gkm,MUR_CO2_gm3km,MUR_CO2_gtkm,MUR_FuelConsumption_gkm,MUR_FuelConsumption_gm3km,MUR_FuelConsumption_gtkm,MUR_FuelConsumption_l100km,MUR_FuelConsumption_lm3km,MUR_FuelConsumption_ltkm,MUR_FuelConsumption_mjkm,MUR_FuelConsumption_mjm3km,MUR_FuelConsumption_mjtkm,COL_Mission,COL_Distance_km,COL_TotalVehicleMass_kg,COL_Payload_kg,COL_FuelType,COL_AverageSpeed_kmh,COL_MinSpeed_kmh,COL_MaxSpeed_kmh,COL_MaxDeceleration_ms2,COL_MaxAcceleration_ms2,COL_FullLoadDrivingtimePct,COL_GearShiftCount,COL_CO2_gkm,COL_CO2_gm3km,COL_CO2_gtkm,COL_FuelConsumption_gkm,COL_FuelConsumption_gm3km,COL_FuelConsumption_gtkm,COL_FuelConsumption_l100km,COL_FuelConsumption_lm3km,COL_FuelConsumption_ltkm,COL_FuelConsumption_mjkm,COL_FuelConsumption_mjm3km,COL_FuelConsumption_mjtkm,COR_Mission,COR_Distance_km,COR_TotalVehicleMass_kg,COR_Payload_kg,COR_FuelType,COR_AverageSpeed_kmh,COR_MinSpeed_kmh,COR_MaxSpeed_kmh,COR_MaxDeceleration_ms2,COR_MaxAcceleration_ms2,COR_FullLoadDrivingtimePct,COR_GearShiftCount,COR_CO2_gkm,COR_CO2_gm3km,COR_CO2_gtkm,COR_FuelConsumption_gkm,COR_FuelConsumption_gm3km,COR_FuelConsumption_gtkm,COR_FuelConsumption_l100km,COR_FuelConsumption_lm3km,COR_FuelConsumption_ltkm,COR_FuelConsumption_mjkm,COR_FuelConsumption_mjm3km,COR_FuelConsumption_mjtkm,Axle1_AxleNumber,Axle1_TyreDimension,Axle1_TyreCertificationNumber,Axle1_TyreRRCDeclared,Axle1_TwinTyres,Axle2_AxleNumber,Axle2_TyreDimension,Axle2_TyreCertificationNumber,Axle2_TyreRRCDeclared,Axle2_TwinTyres,Axle3_AxleNumber,Axle3_TyreDimension,Axle3_TyreCertificationNumber,Axle3_TyreRRCDeclared,Axle3_TwinTyres,Axle4_AxleNumber,Axle4_TyreDimension,Axle4_TyreCertificationNumber,Axle4_TyreRRCDeclared,Axle4_TwinTyres,AdvCO2Tech1_AdvancedCO2Technology,AdvCO2Tech1_Category,AdvCO2Tech2_AdvancedCO2Technology,AdvCO2Tech2_Category,AdvCO2Tech3_AdvancedCO2Technology,AdvCO2Tech3_Category,AdvCO2Tech4_AdvancedCO2Technology,AdvCO2Tech4_Category,AdvCO2Tech5_AdvancedCO2Technology,AdvCO2Tech5_Category,AdvCO2Tech6_AdvancedCO2Technology,AdvCO2Tech6_Category,Meta_OEM_fileId,Meta_MS_fileId,CO2v,Baseline,Corrected,Resimulation_Baseline_flag
Match,Yes,DAF Trucks N.V.,DAF Trucks N.V.,XF  480 FT     ,5,5-LH,No,No,No,No,Diesel CI,19.5,DE,N3,BC,19500,C,Diesel,No,No,,20221117,1127038,"Hugo van der Goeslaan 1, 5643TW Eindhoven",N3,7692,,4x2,Yes,No,6098807,126774,DAF TRUCKS (NL),,DAF,,90,2,BFFZV9VB,,,2022-11-17,No,Yes,No,Yes,e4*2017/2400*2019/318*E*0866*01,e4*595/2009*2019/1939E*00170,355,550,1600,12.9,621.6,198.2,598.8,189.7,e1*2017/2400*2017/2400*G*0076*00,Option 2,AMT,12,1,,,Transmission Output Retarder,Measured,e1*2017/2400*2017/2400*O*0077*00,,,0,Measured,e1*2017/2400*2019/318*L*0373*00,Single reduction axle,2.211,Measured,e4*2017/2400*2019/318*P*0920*00,A11,Crankshaft mounted - Electronically controlled visco clutch,Variable displacement mech. controlled,,,,"Standard technology - LED headlights, all",Medium Supply 2-stage + ESS + AMS,3.3.11.2675,2022-09-07T13:13:32.7662021Z,RDWH-CD0-01,Regional delivery,100,17792,2600,Diesel CI,60.7,0,89,1,1,2.79,168,575.69,6.33,221.42,183.9,2.02,70.7,22,0.00242,0.0846,7.85,0.0863,3.02,Regional delivery,100,28092,12900,Diesel CI,60.5,0,90,1,1,10.3,157,723.63,7.95,56.1,231.2,2.54,17.9,27.7,0.00304,0.0214,9.87,0.108,0.765,Long haul,100.185,17792,2600,Diesel CI,79.8,0,88,1,1,1.37,44,526.87,5.79,202.64,168.3,1.85,64.7,20.1,0.00221,0.0774,7.19,0.079,2.76,Long haul,100.185,34492,19300,Diesel CI,78.9,0,90,1,1,12.99,51,694.32,7.63,35.97,221.8,2.44,11.5,26.5,0.00292,0.0137,9.47,0.104,0.491,Urban delivery,99.999,17792,2600,Diesel CI,26.2,0,86.1,1.09,1,3.47,1592,983.52,10.81,378.28,314.2,3.45,120.9,37.6,0.00413,0.145,13.4,0.147,5.16,Urban delivery,99.999,28092,12900,Diesel CI,26.1,0,86.9,1.15,1,10.78,1471,1366.78,15.02,105.95,436.7,4.8,33.9,52.2,0.00574,0.0405,18.6,0.205,1.45,Regional delivery EMS,100,24092,3500,Diesel CI,60.6,0,89,1,1,7.7,152,744.97,5.3,212.85,238,1.69,68,28.5,0.00203,0.0813,10.2,0.0723,2.9,Regional delivery EMS,100,38092,17500,Diesel CI,59.6,0,90,1,1,19.21,177,943.32,6.71,53.9,301.4,2.15,17.2,36.1,0.00257,0.0206,12.9,0.0916,0.735,Long haul EMS,100.185,24092,3500,Diesel CI,79.5,0,88.3,1,1,6.97,41,681.33,4.85,194.66,217.7,1.55,62.2,26,0.00185,0.0744,9.29,0.0662,2.66,Long haul EMS,100.185,47092,26500,Diesel CI,77.1,0,90,0.98,1,25.28,58,914.79,6.51,34.52,292.3,2.08,11,35,0.00249,0.0132,12.5,0.0888,0.471,,,,,,,,,,,,,,,,,,,,,,,,,,,,,,,,,,,,,,,,,,,,,,,,,,,,,,,,,,,,,,,,,,,,,,,,,,,,,,,,,,,,,,,,,,,,,,,,,1,315/70 R22.5,e2*2017/2400*2019/318*T*9616*00,0.004,No,2,315/70 R22.5,e2*2400/2017*2400/2017*T*8840*00,0.004,Yes,,,,,,,,,,,,,,,,,,,,,,,724,1116,647.6,,0,0
Match,Yes,DAF Trucks N.V.,DAF Trucks N.V.,XG  480 FT     ,5,5-LH,No,No,No,No,Diesel CI,20.5,DE,N3,BC,20500,C,Diesel,No,No,,20220930,1127040,"Hugo van der Goeslaan 1, 5643TW Eindhoven",N3,7867,,4x2,Yes,No,6098941,126908,DAF TRUCKS (NL),,DAF,,90,2,XON3S6MV,,,2022-09-30,No,Yes,No,No,e4*2017/2400*2019/318*E*0866*01,e4*595/2009*2019/1939E*00170,355,550,1600,12.9,621.6,198.2,598.8,189.7,e1*2017/2400*2017/2400*G*0076*00,Option 2,AMT,12,1,,,Transmission Output Retarder,Measured,e1*2017/2400*2017/2400*O*0077*00,,,0,Measured,e1*2017/2400*2019/318*L*0373*00,Single reduction axle,2.211,Measured,e4*2017/2400*2019/318*P*0921*00,A11,Crankshaft mounted - Electronically controlled visco clutch,Variable displacement mech. controlled,,,,"Standard technology - LED headlights, all",Medium Supply 2-stage + ESS + AMS,3.3.11.2675,2022-09-07T13:14:50.3647291Z,RDWH-CD0-01,Regional delivery,100,17967,2600,Diesel CI,60.8,0,87.5,1,1,3.13,172,608.37,6.69,233.99,194.4,2.14,74.8,23.2,0.00255,0.0894,8.3,0.0912,3.19,Regional delivery,100,28267,12900,Diesel CI,60.5,0,87.5,1,1,11.06,160,773.46,8.5,59.96,247.1,2.72,19.2,29.6,0.00325,0.0229,10.6,0.116,0.818,Long haul,100.185,17967,2600,Diesel CI,79.9,0,86.5,1,1,1.58,43,557.1,6.12,214.27,178,1.96,68.5,21.3,0.00234,0.0819,7.6,0.0835,2.92,Long haul,100.185,34667,19300,Diesel CI,78.9,0,87.5,1,1,14.02,51,750.35,8.25,38.88,239.7,2.63,12.4,28.7,0.00315,0.0149,10.2,0.112,0.53,Urban delivery,99.999,17967,2600,Diesel CI,26.2,0,85.6,1.11,1,3.74,1578,1006.62,11.06,387.16,321.6,3.53,123.7,38.5,0.00423,0.148,13.7,0.151,5.28,Urban delivery,99.999,28267,12900,Diesel CI,26,0,86.7,1.16,1,11.44,1461,1397.14,15.35,108.31,446.4,4.91,34.6,53.4,0.00587,0.0414,19.1,0.209,1.48,Regional delivery EMS,100,24267,3500,Diesel CI,60.7,0,87.5,1,1,8.31,159,786.86,5.6,224.82,251.4,1.79,71.8,30.1,0.00214,0.0859,10.7,0.0764,3.07,Regional delivery EMS,100,38267,17500,Diesel CI,59.7,0,87.5,1,1,20.06,172,1007.34,7.17,57.56,321.8,2.29,18.4,38.5,0.00274,0.022,13.7,0.0978,0.785,Long haul EMS,100.185,24267,3500,Diesel CI,79.6,0,87.1,1,1,7.42,41,715.9,5.1,204.54,228.7,1.63,65.3,27.4,0.00195,0.0782,9.77,0.0695,2.79,Long haul EMS,100.185,47267,26500,Diesel CI,77,0,87.5,0.98,1,26.59,62,980.9,6.98,37.01,313.4,2.23,11.8,37.5,0.00267,0.0141,13.4,0.0952,0.505,,,,,,,,,,,,,,,,,,,,,,,,,,,,,,,,,,,,,,,,,,,,,,,,,,,,,,,,,,,,,,,,,,,,,,,,,,,,,,,,,,,,,,,,,,,,,,,,,1,315/70 R22.5,e2*2017/2400*2019/318*T*9616*00,0.004,No,2,315/70 R22.5,e2*2400/2017*2400/2017*T*8871*00,0.0068,Yes,,,,,,,,,,,,,,,,,,,,,,,724,1116,695.53,,0,0
Match,Yes,DAF Trucks N.V.,DAF Trucks N.V.,XG  480 FT     ,5,5-LH,No,No,No,No,Diesel CI,20.5,DE,N3,BC,20500,C,Diesel,No,No,,20221216,1127042,"Hugo van der Goeslaan 1, 5643TW Eindhoven",N3,7927,,4x2,Yes,No,6098923,126890,DAF TRUCKS (NL),,DAF,,90,2,TKXMKZH8,,,2022-12-16,No,Yes,No,No,e4*2017/2400*2019/318*E*0866*01,e4*595/2009*2019/1939E*00170,355,550,1600,12.9,621.6,198.2,598.8,189.7,e1*2017/2400*2017/2400*G*0076*00,Option 2,AMT,12,1,,,Transmission Output Retarder,Measured,e1*2017/2400*2017/2400*O*0077*00,,,0,Measured,e1*2017/2400*2019/318*L*0373*00,Single reduction axle,2.211,Measured,e4*2017/2400*2019/318*P*0921*00,A11,Crankshaft mounted - Electronically controlled visco clutch,Variable displacement mech. controlled,,,,"Standard technology - LED headlights, all",Medium Supply 2-stage + ESS + AMS,3.3.11.2675,2022-09-07T09:02:19.2422461Z,RDWH-CD0-01,Regional delivery,100,18027,2600,Diesel CI,60.8,0,87.5,1,1,3.09,170,609.26,6.7,234.33,194.7,2.14,74.9,23.3,0.00256,0.0896,8.31,0.0913,3.2,Regional delivery,100,28327,12900,Diesel CI,60.5,0,87.5,1,1,11.1,159,773.99,8.51,60,247.3,2.72,19.2,29.6,0.00325,0.0229,10.6,0.116,0.819,Long haul,100.185,18027,2600,Diesel CI,79.9,0,86.5,1,1,1.66,44,557.83,6.13,214.55,178.2,1.96,68.5,21.3,0.00234,0.082,7.61,0.0836,2.93,Long haul,100.185,34727,19300,Diesel CI,78.9,0,87.5,1,1,14.09,51,751.06,8.25,38.91,240,2.64,12.4,28.7,0.00315,0.0149,10.2,0.113,0.531,Urban delivery,99.999,18027,2600,Diesel CI,26.2,0,85.6,1.11,1,3.78,1579,1009.07,11.09,388.1,322.4,3.54,124,38.6,0.00424,0.148,13.8,0.151,5.29,Urban delivery,99.999,28327,12900,Diesel CI,26,0,86.7,1.17,1,11.46,1473,1399.93,15.38,108.52,447.3,4.91,34.7,53.5,0.00588,0.0415,19.1,0.21,1.48,Regional delivery EMS,100,24327,3500,Diesel CI,60.7,0,87.5,1,1,8.34,159,787.81,5.61,225.09,251.7,1.79,71.9,30.1,0.00214,0.086,10.7,0.0765,3.07,Regional delivery EMS,100,38327,17500,Diesel CI,59.6,0,87.5,1,1,20.16,168,1007.94,7.17,57.6,322,2.29,18.4,38.5,0.00274,0.022,13.8,0.0979,0.786,Long haul EMS,100.185,24327,3500,Diesel CI,79.6,0,87.1,1,1,7.46,42,716.58,5.1,204.74,228.9,1.63,65.4,27.4,0.00195,0.0782,9.78,0.0696,2.79,Long haul EMS,100.185,47327,26500,Diesel CI,77,0,87.5,0.98,1,26.68,62,981.59,6.99,37.04,313.6,2.23,11.8,37.5,0.00267,0.0142,13.4,0.0953,0.505,,,,,,,,,,,,,,,,,,,,,,,,,,,,,,,,,,,,,,,,,,,,,,,,,,,,,,,,,,,,,,,,,,,,,,,,,,,,,,,,,,,,,,,,,,,,,,,,,1,315/70 R22.5,e2*2017/2400*2019/318*T*9616*00,0.004,No,2,315/70 R22.5,e2*2400/2017*2400/2017*T*8871*00,0.0068,Yes,,,,,,,,,,,,,,,,,,,,,,,724,1116,696.24,,0,0
Match,Yes,DAF Trucks N.V.,DAF Trucks N.V.,XG  480 FT     ,5,5-LH,No,No,No,No,Diesel CI,20.5,DE,N3,BC,20500,C,Diesel,No,No,,20221012,1127044,"Hugo van der Goeslaan 1, 5643TW Eindhoven",N3,7877,,4x2,Yes,No,6098915,126882,DAF TRUCKS (NL),,DAF,,90,2,2DPYTYZD,,,2022-10-12,No,Yes,No,Yes,e4*2017/2400*2019/318*E*0866*01,e4*595/2009*2019/1939E*00170,355,550,1600,12.9,621.6,198.2,598.8,189.7,e1*2017/2400*2017/2400*G*0076*00,Option 2,AMT,12,1,,,Transmission Output Retarder,Measured,e1*2017/2400*2017/2400*O*0077*00,,,0,Measured,e1*2017/2400*2019/318*L*0373*00,Single reduction axle,2.375,Measured,e4*2017/2400*2019/318*P*0921*00,A11,Crankshaft mounted - Electronically controlled visco clutch,Variable displacement mech. controlled,,,,"Standard technology - LED headlights, all",Medium Supply 2-stage + ESS + AMS,3.3.11.2675,2022-09-07T09:06:23.1482733Z,RDWH-CD0-01,Regional delivery,100,17977,2600,Diesel CI,60.7,0,89,1,1,2.73,168,588.06,6.46,226.18,187.9,2.06,72.3,22.5,0.00247,0.0864,8.02,0.0882,3.09,Regional delivery,100,28277,12900,Diesel CI,60.5,0,90,1,1,9.2,169,736.48,8.09,57.09,235.3,2.59,18.2,28.1,0.00309,0.0218,10,0.11,0.779,Long haul,100.185,17977,2600,Diesel CI,79.8,0,88,1,1,1.34,39,540.3,5.94,207.81,172.6,1.9,66.4,20.6,0.00227,0.0794,7.37,0.081,2.83,Long haul,100.185,34677,19300,Diesel CI,79,0,90,1,1,11.69,48,711.35,7.82,36.86,227.3,2.5,11.8,27.2,0.00299,0.0141,9.7,0.107,0.503,Urban delivery,99.999,17977,2600,Diesel CI,26.2,0,85.5,1.18,1,3.89,1597,998.68,10.97,384.11,319.1,3.51,122.7,38.2,0.00419,0.147,13.6,0.15,5.24,Urban delivery,99.999,28277,12900,Diesel CI,26,0,86.7,1.17,1,10.83,1517,1378.12,15.14,106.83,440.3,4.84,34.1,52.7,0.00579,0.0408,18.8,0.207,1.46,Regional delivery EMS,100,24277,3500,Diesel CI,60.6,0,89,1,1,7.18,160,757.32,5.39,216.38,242,1.72,69.1,28.9,0.00206,0.0827,10.3,0.0735,2.95,Regional delivery EMS,100,38277,17500,Diesel CI,59.7,0,90,1,1,18.81,179,960.57,6.84,54.89,306.9,2.18,17.5,36.7,0.00261,0.021,13.1,0.0933,0.749,Long haul EMS,100.185,24277,3500,Diesel CI,79.6,0,88,1,1,5.96,39,695,4.95,198.57,222,1.58,63.4,26.6,0.00189,0.0759,9.48,0.0675,2.71,Long haul EMS,100.185,47277,26500,Diesel CI,77.3,0,90,0.99,1,23.65,47,931.33,6.63,35.14,297.5,2.12,11.2,35.6,0.00253,0.0134,12.7,0.0904,0.479,,,,,,,,,,,,,,,,,,,,,,,,,,,,,,,,,,,,,,,,,,,,,,,,,,,,,,,,,,,,,,,,,,,,,,,,,,,,,,,,,,,,,,,,,,,,,,,,,1,385/55 R22.5,e13*2017/2400*2017/2400*T*0181*00,0.004,No,2,315/70 R22.5,e13*2017/2400*2019/318*T*0252*00,0.0049,Yes,,,,,,,,,,,,,,,,,,,,,,,724,1116,663.23,,0,0
Match,Yes,DAF Trucks N.V.,DAF Trucks N.V.,XF  480 FT     ,5,5-LH,No,No,No,No,Diesel CI,19.5,DE,N3,BC,19500,C,Diesel,No,No,,20221115,1127046,"Hugo van der Goeslaan 1, 5643TW Eindhoven",N3,7779,,4x2,Yes,No,6098921,126888,DAF TRUCKS (NL),,DAF,,90,2,ZTUNB9HN,,,2022-11-15,No,Yes,No,No,e4*2017/2400*2019/318*E*0866*01,e4*595/2009*2019/1939E*00170,355,550,1600,12.9,621.6,198.2,598.8,189.7,e1*2017/2400*2017/2400*G*0076*00,Option 2,AMT,12,1,,,Transmission Output Retarder,Measured,e1*2017/2400*2017/2400*O*0077*00,,,0,Measured,e1*2017/2400*2019/318*L*0373*00,Single reduction axle,2.211,Measured,e4*2017/2400*2019/318*P*0920*00,A11,Crankshaft mounted - Electronically controlled visco clutch,Variable displacement mech. controlled,,,,"Standard technology - LED headlights, all",Medium Supply 2-stage + ESS + AMS,3.3.11.2675,2022-09-07T13:17:22.2590257Z,RDWH-CD0-01,Regional delivery,100,17879,2600,Diesel CI,60.8,0,87.5,1,1,2.94,169,587.01,6.45,225.77,187.5,2.06,72.1,22.4,0.00247,0.0863,8.01,0.088,3.08,Regional delivery,100,28179,12900,Diesel CI,60.6,0,87.5,1,1,10.64,162,743.2,8.17,57.61,237.4,2.61,18.4,28.4,0.00312,0.022,10.1,0.111,0.786,Long haul,100.185,17879,2600,Diesel CI,79.9,0,86.6,1,1,1.4,44,535.4,5.88,205.92,171.1,1.88,65.8,20.5,0.00225,0.0787,7.3,0.0803,2.81,Long haul,100.185,34579,19300,Diesel CI,79,0,87.5,1,1,13.33,52,716.35,7.87,37.12,228.9,2.52,11.9,27.4,0.00301,0.0142,9.77,0.107,0.506,Urban delivery,99.999,17879,2600,Diesel CI,26.2,0,85.7,1.11,1,3.52,1589,986.86,10.84,379.56,315.3,3.46,121.3,37.7,0.00414,0.145,13.5,0.148,5.18,Urban delivery,99.999,28179,12900,Diesel CI,26.1,0,86.9,1.15,1,10.93,1469,1370.23,15.06,106.22,437.8,4.81,33.9,52.4,0.00575,0.0406,18.7,0.205,1.45,Regional delivery EMS,100,24179,3500,Diesel CI,60.7,0,87.5,1,1,7.95,153,760.29,5.41,217.23,242.9,1.73,69.4,29.1,0.00207,0.083,10.4,0.0738,2.96,Regional delivery EMS,100,38179,17500,Diesel CI,59.7,0,87.5,1,1,19.62,176,968.56,6.89,55.35,309.4,2.2,17.7,37,0.00263,0.0212,13.2,0.094,0.755,Long haul EMS,100.185,24179,3500,Diesel CI,79.6,0,87.5,1,1,7.04,42,692.84,4.93,197.96,221.4,1.58,63.2,26.5,0.00188,0.0757,9.45,0.0673,2.7,Long haul EMS,100.185,47179,26500,Diesel CI,77.3,0,87.5,0.98,1,25.56,63,944.56,6.72,35.64,301.8,2.15,11.4,36.1,0.00257,0.0136,12.9,0.0917,0.486,,,,,,,,,,,,,,,,,,,,,,,,,,,,,,,,,,,,,,,,,,,,,,,,,,,,,,,,,,,,,,,,,,,,,,,,,,,,,,,,,,,,,,,,,,,,,,,,,1,385/55 R22.5,e2*2400/2017*2400/2017*T*8818*00,0.004,No,2,315/70 R22.5,e2*2400/2017*2400/2017*T*8840*00,0.004,Yes,,,,,,,,,,,,,,,,,,,,,,,724,1116,665.49,,0,0
Match,Yes,DAF Trucks N.V.,DAF Trucks N.V.,XG+ 480 FT     ,5,5-LH,No,No,No,No,Diesel CI,19.5,DE,N3,BC,19500,C,Diesel,No,No,,20230222,1127048,"Hugo van der Goeslaan 1, 5643TW Eindhoven",N3,7752,,4x2,Yes,No,6098920,126887,DAF TRUCKS (NL),,DAF,,90,2,9VCJ6U3Q,,,2023-02-22,No,Yes,No,No,e4*2017/2400*2019/318*E*0866*01,e4*595/2009*2019/1939E*00170,355,550,1600,12.9,621.6,198.2,598.8,189.7,e1*2017/2400*2017/2400*G*0076*00,Option 2,AMT,12,1,,,Transmission Output Retarder,Measured,e1*2017/2400*2017/2400*O*0077*00,,,0,Measured,e1*2017/2400*2019/318*L*0373*00,Single reduction axle,2.375,Measured,e4*2017/2400*2019/318*P*0919*00,A12,Crankshaft mounted - Electronically controlled visco clutch,Variable displacement mech. controlled,,,,"Standard technology - LED headlights, all",Medium Supply 2-stage + ESS + AMS,3.3.11.2675,2022-09-07T09:20:09.1589464Z,RDWH-CD0-01,Regional delivery,100,17852,2600,Diesel CI,60.8,0,87.5,1,1,2.83,168,617.88,6.79,237.65,197.4,2.17,75.9,23.6,0.00259,0.0908,8.43,0.0926,3.24,Regional delivery,100,28152,12900,Diesel CI,60.6,0,87.5,1,1,9.69,170,781.49,8.59,60.58,249.7,2.74,19.4,29.9,0.00328,0.0232,10.7,0.117,0.826,Long haul,100.185,17852,2600,Diesel CI,79.9,0,86.5,1,1,1.35,41,568.37,6.25,218.6,181.6,2,69.8,21.7,0.00239,0.0835,7.75,0.0852,2.98,Long haul,100.185,34552,19300,Diesel CI,79.1,0,87.5,1,1,12.48,48,761.68,8.37,39.47,243.3,2.67,12.6,29.1,0.0032,0.0151,10.4,0.114,0.538,Urban delivery,99.999,17852,2600,Diesel CI,26.2,0,85.4,1.19,1,3.88,1611,1011.95,11.12,389.21,323.3,3.55,124.3,38.7,0.00425,0.149,13.8,0.152,5.31,Urban delivery,99.999,28152,12900,Diesel CI,26,0,86.5,1.18,1,11.03,1523,1400.52,15.39,108.57,447.4,4.92,34.7,53.5,0.00588,0.0415,19.1,0.21,1.48,Regional delivery EMS,100,24152,3500,Diesel CI,60.7,0,87.5,1,1,7.36,164,791.89,5.64,226.25,253,1.8,72.3,30.3,0.00215,0.0865,10.8,0.0769,3.09,Regional delivery EMS,100,38152,17500,Diesel CI,59.7,0,87.5,1,1,19.63,177,1014.08,7.22,57.95,324,2.31,18.5,38.8,0.00276,0.0221,13.8,0.0985,0.791,Long haul EMS,100.185,24152,3500,Diesel CI,79.7,0,86.5,1,1,6.17,38,726.12,5.17,207.46,232,1.65,66.3,27.7,0.00198,0.0793,9.91,0.0705,2.83,Long haul EMS,100.185,47152,26500,Diesel CI,77.2,0,87.5,0.96,1,25.07,48,990.08,7.05,37.36,316.3,2.25,11.9,37.8,0.00269,0.0143,13.5,0.0961,0.51,,,,,,,,,,,,,,,,,,,,,,,,,,,,,,,,,,,,,,,,,,,,,,,,,,,,,,,,,,,,,,,,,,,,,,,,,,,,,,,,,,,,,,,,,,,,,,,,,1,315/70 R22.5,e13*2017/2400*2017/2400*T*0071*00,0.0055,No,2,315/70 R22.5,e13*2017/2400*2017/2400*T*0170*00,0.006,Yes,,,,,,,,,,,,,,,,,,,,,,,724,1116,706.56,,0,0
Match,Yes,DAF Trucks N.V.,DAF Trucks N.V.,XF  480 FT     ,5,5-LH,No,No,No,No,Diesel CI,20.5,BE,N3,BC,20500,,Diesel,No,No,,20221122,1127052,"Hugo van der Goeslaan 1, 5643TW Eindhoven",N3,7634,,4x2,Yes,No,6320876,14515, ,,DAF, ,90,2,L06Qo2VVa07vTgi5+BQrnjQTf6+XFNrKGd2WK8X08ks=,,,2022-11-22,No,Yes,No,No,e4*2017/2400*2019/318*E*0866*01,e4*595/2009*2019/1939E*00170,355,550,1600,12.9,621.6,198.2,598.8,189.7,e1*2017/2400*2017/2400*G*0076*00,Option 2,AMT,12,1,,,Transmission Output Retarder,Measured,e1*2017/2400*2017/2400*O*0077*00,,,0,Measured,e1*2017/2400*2019/318*L*0373*00,Single reduction axle,2.211,Measured,e4*2017/2400*2019/318*P*0920*00,A11,Crankshaft mounted - Electronically controlled visco clutch,Variable displacement mech. controlled,,,,"Standard technology - LED headlights, all",Medium Supply 2-stage + ESS + AMS,3.3.11.2675,2022-09-07T13:22:57.6384137Z,RDWH-CD0-01,Regional delivery,100,17734,2600,Diesel CI,60.8,0,87.5,1,1,3.06,172,604.64,6.64,232.56,193.2,2.12,74.3,23.1,0.00254,0.0889,8.25,0.0906,3.17,Regional delivery,100,28034,12900,Diesel CI,60.6,0,87.5,1,1,10.79,159,770.11,8.46,59.7,246,2.7,19.1,29.4,0.00323,0.0228,10.5,0.115,0.814,Long haul,100.185,17734,2600,Diesel CI,79.9,0,86.5,1,1,1.45,43,552.84,6.08,212.63,176.6,1.94,67.9,21.1,0.00232,0.0813,7.54,0.0829,2.9,Long haul,100.185,34434,19300,Diesel CI,78.9,0,87.5,1,1,13.8,51,746.27,8.2,38.67,238.4,2.62,12.4,28.5,0.00313,0.0148,10.2,0.112,0.527,Urban delivery,99.999,17734,2600,Diesel CI,26.2,0,85.5,1.12,1,3.59,1580,999.35,10.98,384.37,319.3,3.51,122.8,38.2,0.0042,0.147,13.6,0.15,5.24,Urban delivery,99.999,28034,12900,Diesel CI,26.1,0,86.7,1.16,1,11.27,1469,1391.02,15.29,107.83,444.4,4.88,34.5,53.2,0.00584,0.0412,19,0.209,1.47,Regional delivery EMS,100,24034,3500,Diesel CI,60.7,0,87.5,1,1,8.15,155,781.54,5.56,223.3,249.7,1.78,71.3,29.9,0.00213,0.0853,10.7,0.0759,3.05,Regional delivery EMS,100,38034,17500,Diesel CI,59.7,0,87.5,1,1,20.01,172,1000.61,7.12,57.18,319.7,2.28,18.3,38.2,0.00272,0.0219,13.7,0.0972,0.78,Long haul EMS,100.185,24034,3500,Diesel CI,79.6,0,87,0.98,1,7.24,42,711.37,5.06,203.25,227.3,1.62,64.9,27.2,0.00193,0.0777,9.7,0.0691,2.77,Long haul EMS,100.185,47034,26500,Diesel CI,77.1,0,87.5,0.98,1,26.27,63,976.42,6.95,36.85,312,2.22,11.8,37.3,0.00266,0.0141,13.3,0.0948,0.503,,,,,,,,,,,,,,,,,,,,,,,,,,,,,,,,,,,,,,,,,,,,,,,,,,,,,,,,,,,,,,,,,,,,,,,,,,,,,,,,,,,,,,,,,,,,,,,,,1,385/65 R22.5,e13*2017/2400*2017/2400*T*0163*00,0.005,No,2,315/70 R22.5,e13*2017/2400*2017/2400*T*0170*00,0.006,Yes,,,,,,,,,,,,,,,,,,,,,,,724,1121,691.46,,0,0
Match,Yes,DAF Trucks N.V.,DAF Trucks N.V.,XF  480 FT     ,5,5-LH,No,No,No,No,Diesel CI,20.5,DE,N3,BC,20500,C,Diesel,No,No,,20220928,1127054,"Hugo van der Goeslaan 1, 5643TW Eindhoven",N3,7697,,4x2,Yes,No,6098924,126891,DAF TRUCKS (NL),,DAF,,90,2,BAR45+MT,,,2022-09-28,No,Yes,No,Yes,e4*2017/2400*2019/318*E*0866*01,e4*595/2009*2019/1939E*00170,355,550,1600,12.9,621.6,198.2,598.8,189.7,e1*2017/2400*2017/2400*G*0076*00,Option 2,AMT,12,1,,,Transmission Output Retarder,Measured,e1*2017/2400*2017/2400*O*0077*00,,,0,Measured,e1*2017/2400*2019/318*L*0373*00,Single reduction axle,2.211,Measured,e4*2017/2400*2019/318*P*0920*00,A11,Crankshaft mounted - Electronically controlled visco clutch,Variable displacement mech. controlled,,,,"Standard technology - LED headlights, all",Medium Supply 2-stage + ESS + AMS,3.3.11.2675,2022-09-07T10:05:26.5469389Z,RDWH-CD0-01,Regional delivery,100,17797,2600,Diesel CI,60.7,0,89,1,1,2.92,168,582.1,6.4,223.89,186,2.04,71.5,22.2,0.00244,0.0856,7.94,0.0873,3.05,Regional delivery,100,28097,12900,Diesel CI,60.5,0,90,1,1,10.46,157,733.53,8.06,56.86,234.4,2.58,18.2,28,0.00308,0.0217,10,0.11,0.776,Long haul,100.185,17797,2600,Diesel CI,79.8,0,88,1,1,1.4,43,533.6,5.86,205.23,170.5,1.87,65.6,20.4,0.00224,0.0784,7.28,0.08,2.8,Long haul,100.185,34497,19300,Diesel CI,78.9,0,90,1,1,13.19,52,705.54,7.75,36.56,225.4,2.48,11.7,27,0.00296,0.014,9.63,0.106,0.499,Urban delivery,99.999,17797,2600,Diesel CI,26.2,0,86,1.09,1,3.52,1577,988.48,10.86,380.19,315.8,3.47,121.5,37.8,0.00415,0.145,13.5,0.148,5.19,Urban delivery,99.999,28097,12900,Diesel CI,26.1,0,86.8,1.16,1,10.94,1468,1376.68,15.13,106.72,439.8,4.83,34.1,52.6,0.00578,0.0408,18.8,0.206,1.46,Regional delivery EMS,100,24097,3500,Diesel CI,60.6,0,89,1,1,7.88,151,753.75,5.36,215.36,240.8,1.71,68.8,28.8,0.00205,0.0823,10.3,0.0732,2.94,Regional delivery EMS,100,38097,17500,Diesel CI,59.7,0,90,1,1,19.31,172,955.68,6.8,54.61,305.3,2.17,17.4,36.5,0.0026,0.0209,13,0.0928,0.745,Long haul EMS,100.185,24097,3500,Diesel CI,79.5,0,88,1,1,7.02,42,688.53,4.9,196.72,220,1.57,62.9,26.3,0.00187,0.0752,9.39,0.0669,2.68,Long haul EMS,100.185,47097,26500,Diesel CI,77,0,90,0.98,1,25.66,63,926.86,6.6,34.98,296.1,2.11,11.2,35.4,0.00252,0.0134,12.6,0.09,0.477,,,,,,,,,,,,,,,,,,,,,,,,,,,,,,,,,,,,,,,,,,,,,,,,,,,,,,,,,,,,,,,,,,,,,,,,,,,,,,,,,,,,,,,,,,,,,,,,,1,385/55 R22.5,e13*2017/2400*2017/2400*T*0181*00,0.004,No,2,315/70 R22.5,e13*2017/2400*2019/318*T*0252*00,0.0049,Yes,,,,,,,,,,,,,,,,,,,,,,,724,1116,657.37,,0,0
Match,Yes,DAF Trucks N.V.,DAF Trucks N.V.,XF 530 FT      ,5,5-LH,No,No,No,No,Diesel CI,20.5,FR,N3,BC,20500,C,Diesel,No,No,,20221103,1127078,"Hugo van der Goeslaan 1, 5643TW Eindhoven",N3,7839,,4x2,Yes,Yes,5420483,75443,DAF TRUCKS NV,,DAF,,90,2,Phof68E1h1HB1fcrK0Z1odIP+Eewpx4iNbt7HMcQtrU=,,,2022-11-03,No,Yes,No,Yes,e4*2017/2400*2019/318*E*0815*00,e4*595/2009*2019/1939E*0149,390,550,1675,12.9,614.6,200.4,604.2,192.6,e1*2017/2400*2017/2400*G*0076*00,Option 2,AMT,12,1,,,Transmission Output Retarder,Measured,e1*2017/2400*2017/2400*O*0077*00,,,0,Measured,e1*2017/2400*2019/318*L*0371*00,Single reduction axle,2.529,Measured,e4*2017/2400*2019/318*P*0002*02,A15,Crankshaft mounted - Electronically controlled visco clutch,Variable displacement mech. controlled,,,,"Standard technology - LED headlights, all",Medium Supply 2-stage + ESS + AMS,3.3.11.2675,2022-09-07T07:27:36.8826206Z,RDWH-CD0-01,Regional delivery,100,17939,2600,Diesel CI,60.8,0,89,1,1,1.97,165,663.89,7.3,255.34,212.1,2.33,81.6,25.4,0.00279,0.0976,9.06,0.0995,3.48,Regional delivery,100,28239,12900,Diesel CI,60.6,0,90,1,1,7.88,171,828.27,9.1,64.21,264.6,2.91,20.5,31.7,0.00348,0.0245,11.3,0.124,0.876,Long haul,100.185,17939,2600,Diesel CI,79.9,0,86,1,1,1.02,37,623.01,6.85,239.62,199,2.19,76.6,23.8,0.00262,0.0916,8.5,0.0934,3.27,Long haul,100.185,34639,19300,Diesel CI,79.4,0,90,1,1,9.59,45,815.17,8.96,42.24,260.4,2.86,13.5,31.2,0.00342,0.0161,11.1,0.122,0.576,Urban delivery,99.999,17939,2600,Diesel CI,26.3,0,85.4,1.11,1,2.73,1549,1050.8,11.55,404.16,335.7,3.69,129.1,40.2,0.00441,0.154,14.3,0.158,5.51,Urban delivery,99.999,28239,12900,Diesel CI,26.1,0,86.3,1.18,1,8.73,1492,1453.83,15.98,112.7,464.5,5.1,36,55.6,0.00611,0.0431,19.8,0.218,1.54,Regional delivery EMS,100,24239,3500,Diesel CI,60.7,0,89,1,1,6.09,161,846.42,6.02,241.84,270.4,1.92,77.3,32.3,0.0023,0.0924,11.5,0.0822,3.3,Regional delivery EMS,100,38239,17500,Diesel CI,60.1,0,90,1,1,15.82,176,1071.26,7.62,61.21,342.3,2.44,19.6,40.9,0.00291,0.0234,14.6,0.104,0.835,Long haul EMS,100.185,24239,3500,Diesel CI,79.7,0,88,0.96,1,5.34,37,790.11,5.62,225.75,252.4,1.8,72.1,30.2,0.00215,0.0863,10.8,0.0767,3.08,Long haul EMS,100.185,47239,26500,Diesel CI,77.9,0,90,1,1,21.61,58,1051.02,7.48,39.66,335.8,2.39,12.7,40.2,0.00286,0.0152,14.3,0.102,0.541,,,,,,,,,,,,,,,,,,,,,,,,,,,,,,,,,,,,,,,,,,,,,,,,,,,,,,,,,,,,,,,,,,,,,,,,,,,,,,,,,,,,,,,,,,,,,,,,,1,385/65 R22.5,e13*2017/2400*2017/2400*T*0163*00,0.005,No,2,315/80 R22.5,e13*2017/2400*2017/2400*T*0171*00,0.0064,Yes,,,,,,,,,,,,,,,,,,,,,,,724,1093,759.67,,0,0
Match,Yes,DAF Trucks N.V.,DAF Trucks N.V.,XF  480 FT     ,5,5-LH,No,No,No,No,Diesel CI,20.5,FR,N3,BC,20500,C,Diesel,No,No,,20221108,1127086,"Hugo van der Goeslaan 1, 5643TW Eindhoven",N3,7361,,4x2,Yes,Yes,5417338,72298,DAF TRUCKS NV,,DAF,,90,2,CWQUZrbYpqMFxARF8V8mmN7b1B46BvifxF8P+vGi9ec=,,,2022-11-08,No,Yes,No,Yes,e4*2017/2400*2019/318*E*0866*01,e4*595/2009*2019/1939E*00170,355,550,1600,12.9,621.6,198.2,598.8,189.7,e1*2017/2400*2017/2400*G*0076*00,Option 2,AMT,12,1,,,None,,,,,0,Measured,e1*2017/2400*2019/318*L*0373*00,Single reduction axle,2.375,Measured,e4*2017/2400*2019/318*P*0920*00,A11,Crankshaft mounted - Electronically controlled visco clutch,Variable displacement mech. controlled,,,,"Standard technology - LED headlights, all",Medium Supply 2-stage + ESS + AMS,3.3.11.2675,2022-09-07T12:49:20.6532974Z,RDWH-CD0-01,Regional delivery,100,17461,2600,Diesel CI,60.7,0,89,1,1,2.59,168,596.15,6.55,229.29,190.5,2.09,73.3,22.8,0.0025,0.0876,8.13,0.0894,3.13,Regional delivery,100,27761,12900,Diesel CI,60.5,0,90,1,1,9.23,163,754.3,8.29,58.47,241,2.65,18.7,28.8,0.00317,0.0223,10.3,0.113,0.798,Long haul,100.185,17461,2600,Diesel CI,79.8,0,88,1,1,1.24,39,548.43,6.03,210.93,175.2,1.93,67.4,21,0.0023,0.0806,7.48,0.0822,2.88,Long haul,100.185,34161,19300,Diesel CI,79,0,90,1,1,11.88,48,732.92,8.05,37.98,234.2,2.57,12.1,28,0.00308,0.0145,10,0.11,0.518,Urban delivery,99.999,17461,2600,Diesel CI,26.2,0,85.4,1.2,1,3.62,1599,994.76,10.93,382.6,317.8,3.49,122.2,38,0.00418,0.146,13.6,0.149,5.22,Urban delivery,99.999,27761,12900,Diesel CI,26,0,86.5,1.1,1,10.54,1519,1385.54,15.23,107.41,442.7,4.86,34.3,53,0.00582,0.041,18.9,0.208,1.47,Regional delivery EMS,100,23761,3500,Diesel CI,60.6,0,89,1,1,7.02,162,767.19,5.46,219.2,245.1,1.74,70,29.3,0.00209,0.0838,10.5,0.0745,2.99,Regional delivery EMS,100,37761,17500,Diesel CI,59.7,0,90,1,1,18.96,178,981.61,6.99,56.09,313.6,2.23,17.9,37.5,0.00267,0.0214,13.4,0.0953,0.765,Long haul EMS,100.185,23761,3500,Diesel CI,79.7,0,88,1,1,5.72,38,704.24,5.01,201.21,225,1.6,64.3,26.9,0.00192,0.0769,9.61,0.0684,2.74,Long haul EMS,100.185,46761,26500,Diesel CI,77.2,0,90,0.98,1,24.13,48,954.22,6.79,36.01,304.9,2.17,11.5,36.5,0.0026,0.0138,13,0.0927,0.491,,,,,,,,,,,,,,,,,,,,,,,,,,,,,,,,,,,,,,,,,,,,,,,,,,,,,,,,,,,,,,,,,,,,,,,,,,,,,,,,,,,,,,,,,,,,,,,,,1,385/55 R22.5,e4*2017/2400*2019/318*T*0695*00,0.0058,No,2,315/70 R22.5,e4*2017/2400*2017/2400*T*0120*00,0.0063,Yes,,,,,,,,,,,,,,,,,,,,,,,724,1093,680.5,,0,0
Match,Yes,DAF Trucks N.V.,DAF Trucks N.V.,XF  480 FT     ,5,5-LH,No,No,No,No,Diesel CI,20.5,FR,N3,BC,20500,C,Diesel,No,No,,20230628,1127098,"Hugo van der Goeslaan 1, 5643TW Eindhoven",N3,7301,,4x2,Yes,No,5417119,72079,DAF TRUCKS NV,,DAF,,90,2,9rfeAkGYYKZLopwwE2RiIqv9PQdwtDbZic3/JaG30lw=,,,2023-06-28,No,Yes,No,Yes,e4*2017/2400*2019/318*E*0866*01,e4*595/2009*2019/1939E*00170,355,550,1600,12.9,621.6,198.2,598.8,189.7,e1*2017/2400*2017/2400*G*0076*00,Option 2,AMT,12,1,,,None,,,,,0,Measured,e1*2017/2400*2019/318*L*0373*00,Single reduction axle,2.375,Measured,e4*2017/2400*2019/318*P*0920*00,A11,Crankshaft mounted - Electronically controlled visco clutch,Variable displacement mech. controlled,,,,"Standard technology - LED headlights, all",Medium Supply 2-stage + ESS + AMS,3.3.11.2675,2022-09-07T08:48:19.0830541Z,RDWH-CD0-01,Regional delivery,100,17401,2600,Diesel CI,60.7,0,89,1,1,2.46,170,590.7,6.49,227.19,188.7,2.07,72.6,22.6,0.00248,0.0868,8.06,0.0886,3.1,Regional delivery,100,27701,12900,Diesel CI,60.5,0,90,1,1,9.04,164,746.89,8.21,57.9,238.6,2.62,18.5,28.5,0.00314,0.0221,10.2,0.112,0.79,Long haul,100.185,17401,2600,Diesel CI,79.8,0,88,1,1,1.39,39,543.54,5.97,209.05,173.7,1.91,66.8,20.8,0.00228,0.0799,7.42,0.0815,2.85,Long haul,100.185,34101,19300,Diesel CI,79,0,90,1,1,11.65,49,724.93,7.97,37.56,231.6,2.55,12,27.7,0.00304,0.0144,9.89,0.109,0.512,Urban delivery,99.999,17401,2600,Diesel CI,26.2,0,85.4,1.2,1,3.53,1615,989.31,10.87,380.5,316.1,3.47,121.6,37.8,0.00415,0.145,13.5,0.148,5.19,Urban delivery,99.999,27701,12900,Diesel CI,26,0,86.6,1.1,1,10.41,1519,1376.57,15.13,106.71,439.8,4.83,34.1,52.6,0.00578,0.0408,18.8,0.206,1.46,Regional delivery EMS,100,23701,3500,Diesel CI,60.6,0,89,1,1,6.95,162,760.97,5.42,217.42,243.1,1.73,69.5,29.1,0.00207,0.0831,10.4,0.0739,2.97,Regional delivery EMS,100,37701,17500,Diesel CI,59.7,0,90,1,1,18.91,174,971.73,6.92,55.53,310.5,2.21,17.7,37.1,0.00264,0.0212,13.3,0.0944,0.758,Long haul EMS,100.185,23701,3500,Diesel CI,79.7,0,88,1,1,5.62,39,698.99,4.98,199.71,223.3,1.59,63.8,26.7,0.0019,0.0763,9.54,0.0679,2.72,Long haul EMS,100.185,46701,26500,Diesel CI,77.2,0,90,0.97,1,23.77,48,946.35,6.74,35.71,302.3,2.15,11.4,36.2,0.00257,0.0136,12.9,0.0919,0.487,,,,,,,,,,,,,,,,,,,,,,,,,,,,,,,,,,,,,,,,,,,,,,,,,,,,,,,,,,,,,,,,,,,,,,,,,,,,,,,,,,,,,,,,,,,,,,,,,1,315/70 R22.5,e13*2017/2400*2017/2400*T*0071*00,0.0055,No,2,315/70 R22.5,e13*2017/2400*2017/2400*T*0170*00,0.006,Yes,,,,,,,,,,,,,,,,,,,,,,,724,1093,673.46,,0,0
Match,Yes,DAF Trucks N.V.,DAF Trucks N.V.,XG+ 530 FT     ,5,5-LH,No,No,No,No,Diesel CI,19,RO,N3,BC,19000,C,Diesel,No,No,,20221114,1127232,"Hugo van der Goeslaan 1, 5643TW Eindhoven",N3,8162,,4x2,Yes,No,5755217,6753,van Doorne Automobiel Fabriek,,DAF,,90,2,,,,2022-11-14,No,Yes,No,No,e4*2017/2400*2019/318*E*0867*01,e4*595/2009*2019/1939E*00170,390,550,1600,12.9,621.6,198.2,598.8,189.7,e1*2017/2400*2017/2400*G*0076*00,Option 2,AMT,12,1,,,Transmission Output Retarder,Measured,e1*2017/2400*2017/2400*O*0077*00,,,0,Measured,e1*2017/2400*2019/318*L*0372*00,Single reduction axle,2.4,Measured,e4*2017/2400*2019/318*P*0919*00,A12,Crankshaft mounted - Electronically controlled visco clutch,Variable displacement mech. controlled,,,,"Standard technology - LED headlights, all",Medium Supply 2-stage + ESS + AMS,3.3.11.2675,2022-09-08T06:44:42.6620308Z,RDWH-CD0-01,Regional delivery,100,18262,2600,Diesel CI,60.8,0,87.5,1,1,1.78,154,642.03,7.06,246.93,205.1,2.25,78.9,24.5,0.0027,0.0944,8.76,0.0962,3.37,Regional delivery,100,28562,12900,Diesel CI,60.7,0,87.5,1,1,6.94,152,806.71,8.86,62.54,257.7,2.83,20,30.8,0.00339,0.0239,11,0.121,0.853,Long haul,100.185,18262,2600,Diesel CI,79.9,0,86.5,1,1,0.81,35,591.33,6.5,227.43,188.9,2.08,72.7,22.6,0.00248,0.0869,8.07,0.0886,3.1,Long haul,100.185,34962,19300,Diesel CI,79.5,0,87.5,1,1,8.36,43,785.77,8.63,40.71,251,2.76,13,30,0.0033,0.0156,10.7,0.118,0.555,Urban delivery,99.999,18262,2600,Diesel CI,26.3,0,85.3,1,1,2.34,1500,1037.67,11.4,399.1,331.5,3.64,127.5,39.7,0.00436,0.153,14.2,0.156,5.44,Urban delivery,99.999,28562,12900,Diesel CI,26.1,0,86.4,1.17,1,8.45,1444,1427.27,15.68,110.64,456,5.01,35.3,54.5,0.00599,0.0423,19.5,0.214,1.51,Regional delivery EMS,100,24562,3500,Diesel CI,60.8,0,87.5,1,1,4.85,150,818.21,5.82,233.77,261.4,1.86,74.7,31.3,0.00223,0.0893,11.2,0.0794,3.19,Regional delivery EMS,100,38562,17500,Diesel CI,60.2,0,87.5,1,1,14.94,165,1045.05,7.44,59.72,333.9,2.38,19.1,39.9,0.00284,0.0228,14.3,0.101,0.815,Long haul EMS,100.185,24562,3500,Diesel CI,79.9,0,86.5,1,1,3.08,34,750.39,5.34,214.4,239.7,1.71,68.5,28.7,0.00204,0.0819,10.2,0.0729,2.92,Long haul EMS,100.185,47562,26500,Diesel CI,78,0,87.5,1,1,18.18,52,1020.18,7.26,38.5,325.9,2.32,12.3,39,0.00277,0.0147,13.9,0.0991,0.525,,,,,,,,,,,,,,,,,,,,,,,,,,,,,,,,,,,,,,,,,,,,,,,,,,,,,,,,,,,,,,,,,,,,,,,,,,,,,,,,,,,,,,,,,,,,,,,,,1,315/60 R22.5,e13*2017/2400*2019/318*T*0221*00,0.0052,No,2,295/60 R22.5,e13*2017/2400*2019/318*T*0245*00,0.0063,Yes,,,,,,,,,,,,,,,,,,,,,,,724,1108,730.42,,0,0
Match,Yes,DAF Trucks N.V.,DAF Trucks N.V.,XG+ 530 FT     ,5,5-LH,No,No,No,No,Diesel CI,19.5,DE,N3,BC,19500,C,Diesel,No,No,,20230117,1127250,"Hugo van der Goeslaan 1, 5643TW Eindhoven",N3,7949,,4x2,Yes,No,6098293,126260,DAF TRUCKS (NL),,DAF,,90,2,KF9HYGN7,,,2023-01-17,No,Yes,No,No,e4*2017/2400*2019/318*E*0867*01,e4*595/2009*2019/1939E*00170,390,550,1600,12.9,621.6,198.2,598.8,189.7,e1*2017/2400*2017/2400*G*0076*00,Option 2,AMT,12,1,,,Transmission Output Retarder,Measured,e1*2017/2400*2017/2400*O*0077*00,,,0,Measured,e1*2017/2400*2019/318*L*0372*00,Single reduction axle,2.4,Measured,e4*2017/2400*2019/318*P*0919*00,A11,Crankshaft mounted - Electronically controlled visco clutch,Variable displacement mech. controlled,,,,"Standard technology - LED headlights, all",Medium Supply 2-stage + ESS + AMS,3.3.11.2675,2022-09-08T06:54:24.9446579Z,RDWH-CD0-01,Regional delivery,100,18049,2600,Diesel CI,60.9,0,87.5,1,1,2.01,155,610.22,6.71,234.7,195,2.14,75,23.3,0.00256,0.0897,8.32,0.0915,3.2,Regional delivery,100,28349,12900,Diesel CI,60.7,0,87.5,1,1,7.22,155,773.03,8.49,59.92,247,2.71,19.1,29.5,0.00325,0.0229,10.5,0.116,0.818,Long haul,100.185,18049,2600,Diesel CI,79.9,0,86.5,1,1,0.81,38,557.92,6.13,214.58,178.2,1.96,68.6,21.3,0.00234,0.082,7.61,0.0836,2.93,Long haul,100.185,34749,19300,Diesel CI,79.4,0,87.5,1,1,10.18,37,748.94,8.23,38.81,239.3,2.63,12.4,28.6,0.00315,0.0148,10.2,0.112,0.529,Urban delivery,99.999,18049,2600,Diesel CI,26.3,0,85.6,1.18,1,2.28,1532,1012.16,11.12,389.29,323.4,3.55,124.4,38.7,0.00425,0.149,13.8,0.152,5.31,Urban delivery,99.999,28349,12900,Diesel CI,26.1,0,86.7,1.18,1,8.34,1505,1396.85,15.35,108.28,446.3,4.9,34.6,53.4,0.00587,0.0414,19.1,0.209,1.48,Regional delivery EMS,100,24349,3500,Diesel CI,60.8,0,87.5,1,1,5.41,152,787.37,5.6,224.96,251.6,1.79,71.9,30.1,0.00214,0.086,10.7,0.0765,3.07,Regional delivery EMS,100,38349,17500,Diesel CI,60.3,0,87.5,1,1,16.06,164,1008.61,7.18,57.64,322.2,2.29,18.4,38.5,0.00274,0.022,13.8,0.0979,0.786,Long haul EMS,100.185,24349,3500,Diesel CI,79.9,0,87,0.97,1,3.86,36,719.79,5.12,205.66,230,1.64,65.7,27.5,0.00196,0.0786,9.82,0.0699,2.81,Long haul EMS,100.185,47349,26500,Diesel CI,78.1,0,87.5,0.98,1,20.03,45,984.7,7.01,37.16,314.6,2.24,11.9,37.6,0.00268,0.0142,13.4,0.0956,0.507,,,,,,,,,,,,,,,,,,,,,,,,,,,,,,,,,,,,,,,,,,,,,,,,,,,,,,,,,,,,,,,,,,,,,,,,,,,,,,,,,,,,,,,,,,,,,,,,,1,385/55 R22.5,e13*2017/2400*2019/318*T*0253*00,0.0046,No,2,315/70 R22.5,e13*2017/2400*2019/318*T*0252*00,0.0049,Yes,,,,,,,,,,,,,,,,,,,,,,,724,1116,694.89,,0,0
Match,Yes,DAF Trucks N.V.,DAF Trucks N.V.,XF  530 FT     ,5,5-LH,No,No,No,No,Diesel CI,19.5,DE,N3,BC,19500,C,Diesel,No,No,,20221124,1127252,"Hugo van der Goeslaan 1, 5643TW Eindhoven",N3,7366,,4x2,Yes,Yes,6098470,126437,DAF TRUCKS (NL),,DAF,,90,2,B34A1E0E,,,2022-11-24,No,Yes,No,Yes,e4*2017/2400*2019/318*E*0867*01,e4*595/2009*2019/1939E*00170,390,550,1600,12.9,621.6,198.2,598.8,189.7,e1*2017/2400*2017/2400*G*0076*00,Option 2,AMT,12,1,,,Transmission Output Retarder,Measured,e1*2017/2400*2017/2400*O*0077*00,,,0,Measured,e1*2017/2400*2019/318*L*0372*00,Single reduction axle,2.4,Measured,e4*2017/2400*2019/318*P*0920*00,A15,Crankshaft mounted - Electronically controlled visco clutch,Variable displacement mech. controlled,,,,"Standard technology - LED headlights, all",Medium Supply 2-stage + ESS + AMS,3.3.11.2675,2022-09-08T06:55:14.0176731Z,RDWH-CD0-01,Regional delivery,100,17466,2600,Diesel CI,60.8,0,89,1,1,1.89,156,652.26,7.17,250.87,208.4,2.29,80.1,24.9,0.00274,0.0959,8.9,0.0978,3.42,Regional delivery,100,27766,12900,Diesel CI,60.6,0,90,1,1,7.27,149,814.46,8.95,63.14,260.2,2.86,20.2,31.1,0.00342,0.0241,11.1,0.122,0.861,Long haul,100.185,17466,2600,Diesel CI,79.8,0,85.5,1,1,0.92,39,611.25,6.72,235.1,195.3,2.15,75.1,23.4,0.00257,0.0898,8.34,0.0916,3.21,Long haul,100.185,34166,19300,Diesel CI,79.2,0,90,1,1,9.98,39,798.53,8.78,41.37,255.1,2.8,13.2,30.5,0.00335,0.0158,10.9,0.12,0.564,Urban delivery,99.999,17466,2600,Diesel CI,26.3,0,85.2,1.2,1,2.13,1550,1026.04,11.28,394.63,327.8,3.6,126.1,39.2,0.00431,0.151,14,0.154,5.38,Urban delivery,99.999,27766,12900,Diesel CI,26.1,0,86.6,1.1,1,8.2,1497,1419.58,15.6,110.04,453.5,4.98,35.2,54.3,0.00596,0.0421,19.4,0.213,1.5,Regional delivery EMS,100,23766,3500,Diesel CI,60.7,0,89,1,1,5.38,151,828.71,5.9,236.78,264.8,1.88,75.6,31.7,0.00225,0.0905,11.3,0.0805,3.23,Regional delivery EMS,100,37766,17500,Diesel CI,60.2,0,90,1,1,14.84,164,1050.85,7.48,60.05,335.7,2.39,19.2,40.2,0.00286,0.0229,14.3,0.102,0.819,Long haul EMS,100.185,23766,3500,Diesel CI,79.8,0,86.3,1,1,4.03,37,771.11,5.49,220.32,246.4,1.75,70.4,29.5,0.0021,0.0842,10.5,0.0749,3.01,Long haul EMS,100.185,46766,26500,Diesel CI,77.8,0,90,1,1,21.21,45,1027.3,7.31,38.77,328.2,2.34,12.4,39.3,0.00279,0.0148,14,0.0997,0.529,,,,,,,,,,,,,,,,,,,,,,,,,,,,,,,,,,,,,,,,,,,,,,,,,,,,,,,,,,,,,,,,,,,,,,,,,,,,,,,,,,,,,,,,,,,,,,,,,1,385/65 R22.5,e2*2017/2400*2020/1181*T*5020*00,0.0059,No,2,315/70 R22.5,e2*2017/2400*2020/1181*T*5024*00,0.007,Yes,,,,,,,,,,,,,,,,,,,,,,,724,1116,744.69,,0,0
Match,Yes,DAF Trucks N.V.,DAF Trucks N.V.,XF  480 FT     ,5,5-LH,No,No,No,No,Diesel CI,20.5,DE,N3,BC,20500,C,Diesel,No,No,,20221116,1127254,"Hugo van der Goeslaan 1, 5643TW Eindhoven",N3,7654,,4x2,Yes,No,6098481,126448,DAF TRUCKS (NL),,DAF,,90,2,ZLEE51JU,,,2022-11-16,No,Yes,No,No,e4*2017/2400*2019/318*E*0866*01,e4*595/2009*2019/1939E*00170,355,550,1600,12.9,621.6,198.2,598.8,189.7,e1*2017/2400*2017/2400*G*0076*00,Option 2,AMT,12,1,,,Transmission Output Retarder,Measured,e1*2017/2400*2017/2400*O*0077*00,,,0,Measured,e1*2017/2400*2019/318*L*0373*00,Single reduction axle,2.375,Measured,e4*2017/2400*2019/318*P*0920*00,A11,Crankshaft mounted - Electronically controlled visco clutch,Variable displacement mech. controlled,,,,"Standard technology - LED headlights, all",Medium Supply 2-stage + ESS + AMS,3.3.11.2675,2022-09-08T07:00:09.2627998Z,RDWH-CD0-01,Regional delivery,100,17754,2600,Diesel CI,60.8,0,87.5,1,1,2.79,170,609.43,6.7,234.4,194.7,2.14,74.9,23.3,0.00256,0.0896,8.31,0.0914,3.2,Regional delivery,100,28054,12900,Diesel CI,60.6,0,87.5,1,1,9.54,168,773.34,8.5,59.95,247.1,2.72,19.2,29.6,0.00325,0.0229,10.5,0.116,0.818,Long haul,100.185,17754,2600,Diesel CI,79.9,0,86.5,1,1,1.34,39,559.42,6.15,215.16,178.7,1.96,68.7,21.4,0.00235,0.0822,7.63,0.0839,2.94,Long haul,100.185,34454,19300,Diesel CI,79.1,0,87.5,1,1,12.27,47,753.56,8.28,39.04,240.8,2.65,12.5,28.8,0.00316,0.0149,10.3,0.113,0.533,Urban delivery,99.999,17754,2600,Diesel CI,26.2,0,85.4,1.19,1,3.8,1610,1005.28,11.05,386.65,321.2,3.53,123.5,38.4,0.00422,0.148,13.7,0.151,5.27,Urban delivery,99.999,28054,12900,Diesel CI,26,0,86.6,1.18,1,10.78,1517,1392.44,15.3,107.94,444.9,4.89,34.5,53.2,0.00585,0.0413,19,0.209,1.47,Regional delivery EMS,100,24054,3500,Diesel CI,60.7,0,87.5,1,1,7.25,164,784.37,5.58,224.11,250.6,1.78,71.6,30,0.00213,0.0856,10.7,0.0762,3.06,Regional delivery EMS,100,38054,17500,Diesel CI,59.8,0,87.5,1,1,19.49,179,1008.29,7.18,57.62,322.1,2.29,18.4,38.5,0.00274,0.022,13.8,0.0979,0.786,Long haul EMS,100.185,24054,3500,Diesel CI,79.7,0,86.7,1,1,6.09,38,717.55,5.11,205.01,229.2,1.63,65.5,27.4,0.00195,0.0783,9.79,0.0697,2.8,Long haul EMS,100.185,47054,26500,Diesel CI,77.3,0,87.5,0.98,1,24.71,48,982.8,7,37.09,314,2.23,11.8,37.6,0.00267,0.0142,13.4,0.0954,0.506,,,,,,,,,,,,,,,,,,,,,,,,,,,,,,,,,,,,,,,,,,,,,,,,,,,,,,,,,,,,,,,,,,,,,,,,,,,,,,,,,,,,,,,,,,,,,,,,,1,385/55 R22.5,e4*2017/2400*2019/0318*T*0559*00,0.005,No,2,315/70 R22.5,e4*2017/2400*2017/2400*T*0268*00,0.0064,Yes,,,,,,,,,,,,,,,,,,,,,,,724,1116,698.2,,0,0
Match,Yes,DAF Trucks N.V.,DAF Trucks N.V.,XG  480 FT     ,5,5-LH,No,No,No,No,Diesel CI,19.5,DE,N3,BC,19500,C,Diesel,No,No,,20221019,1127257,"Hugo van der Goeslaan 1, 5643TW Eindhoven",N3,7907,,4x2,Yes,No,6098955,126922,DAF TRUCKS (NL),,DAF,,90,2,RSEICE/G,,,2022-10-19,No,Yes,No,No,e4*2017/2400*2019/318*E*0866*01,e4*595/2009*2019/1939E*00170,355,550,1600,12.9,621.6,198.2,598.8,189.7,e1*2017/2400*2017/2400*G*0076*00,Option 2,AMT,12,1,,,Transmission Output Retarder,Measured,e1*2017/2400*2017/2400*O*0077*00,,,0,Measured,e1*2017/2400*2019/318*L*0373*00,Single reduction axle,2.211,Measured,e4*2017/2400*2019/318*P*0921*00,A11,Crankshaft mounted - Electronically controlled visco clutch,Variable displacement mech. controlled,,,,"Standard technology - LED headlights, all",Medium Supply 2-stage + ESS + AMS,3.3.11.2675,2022-09-08T07:04:16.1608565Z,RDWH-CD0-01,Regional delivery,100,18007,2600,Diesel CI,60.8,0,87.5,1,1,3.1,170,613.91,6.75,236.12,196.1,2.16,75.4,23.5,0.00258,0.0902,8.38,0.092,3.22,Regional delivery,100,28307,12900,Diesel CI,60.5,0,87.5,1,1,11.24,153,780.39,8.58,60.5,249.3,2.74,19.3,29.8,0.00328,0.0231,10.6,0.117,0.825,Long haul,100.185,18007,2600,Diesel CI,79.9,0,86.5,1,1,1.66,43,561.58,6.17,215.99,179.4,1.97,69,21.5,0.00236,0.0825,7.66,0.0842,2.95,Long haul,100.185,34707,19300,Diesel CI,78.8,0,87.5,1,1,14.19,52,757.6,8.33,39.25,242,2.66,12.5,29,0.00318,0.015,10.3,0.114,0.536,Urban delivery,99.999,18007,2600,Diesel CI,26.2,0,85.5,1.11,1,3.81,1589,1013.21,11.13,389.7,323.7,3.56,124.5,38.7,0.00426,0.149,13.8,0.152,5.32,Urban delivery,99.999,28307,12900,Diesel CI,26,0,86.6,1.16,1,11.59,1476,1407.66,15.47,109.12,449.7,4.94,34.9,53.8,0.00591,0.0417,19.2,0.211,1.49,Regional delivery EMS,100,24307,3500,Diesel CI,60.7,0,87.5,1,1,8.5,156,792.23,5.64,226.35,253.1,1.8,72.3,30.3,0.00215,0.0865,10.8,0.0769,3.09,Regional delivery EMS,100,38307,17500,Diesel CI,59.6,0,87.5,1,1,20.09,170,1015.12,7.23,58.01,324.3,2.31,18.5,38.8,0.00276,0.0222,13.8,0.0986,0.791,Long haul EMS,100.185,24307,3500,Diesel CI,79.6,0,87,1,1,6.92,43,721.01,5.13,206,230.4,1.64,65.8,27.6,0.00196,0.0787,9.84,0.07,2.81,Long haul EMS,100.185,47307,26500,Diesel CI,77,0,87.5,0.98,1,26.88,62,988.08,7.03,37.29,315.7,2.25,11.9,37.8,0.00269,0.0142,13.5,0.0959,0.509,,,,,,,,,,,,,,,,,,,,,,,,,,,,,,,,,,,,,,,,,,,,,,,,,,,,,,,,,,,,,,,,,,,,,,,,,,,,,,,,,,,,,,,,,,,,,,,,,1,385/65 R22.5,e2*2017/2400*2019/318*T*9620*00,0.0047,No,2,315/70 R22.5,e2*2400/2017*2400/2017*T*8871*00,0.0068,Yes,,,,,,,,,,,,,,,,,,,,,,,724,1116,701.96,,0,0
Match,Yes,DAF Trucks N.V.,DAF Trucks N.V.,XG  480 FT     ,5,5-LH,No,No,No,No,Diesel CI,19.5,DE,N3,BC,19500,C,Diesel,No,No,,20221128,1127259,"Hugo van der Goeslaan 1, 5643TW Eindhoven",N3,7889,,4x2,Yes,No,6098945,126912,DAF TRUCKS (NL),,DAF,,90,2,QUNPF8J/,,,2022-11-28,No,Yes,No,No,e4*2017/2400*2019/318*E*0866*01,e4*595/2009*2019/1939E*00170,355,550,1600,12.9,621.6,198.2,598.8,189.7,e1*2017/2400*2017/2400*G*0076*00,Option 2,AMT,12,1,,,Transmission Output Retarder,Measured,e1*2017/2400*2017/2400*O*0077*00,,,0,Measured,e1*2017/2400*2019/318*L*0373*00,Single reduction axle,2.211,Measured,e4*2017/2400*2019/318*P*0921*00,A11,Crankshaft mounted - Electronically controlled visco clutch,Variable displacement mech. controlled,,,,"Standard technology - LED headlights, all",Medium Supply 2-stage + ESS + AMS,3.3.11.2675,2022-09-08T07:03:24.3770307Z,RDWH-CD0-01,Regional delivery,100,17989,2600,Diesel CI,60.8,0,87.5,1,1,3.15,173,618.68,6.8,237.95,197.7,2.17,76,23.6,0.0026,0.0909,8.44,0.0927,3.25,Regional delivery,100,28289,12900,Diesel CI,60.5,0,87.5,1,1,11.38,155,787.25,8.65,61.03,251.5,2.76,19.5,30.1,0.00331,0.0233,10.7,0.118,0.833,Long haul,100.185,17989,2600,Diesel CI,79.9,0,86.5,1,1,1.67,42,564.95,6.21,217.29,180.5,1.98,69.4,21.6,0.00237,0.083,7.71,0.0847,2.96,Long haul,100.185,34689,19300,Diesel CI,78.8,0,87.5,1,1,14.34,53,762.97,8.38,39.53,243.8,2.68,12.6,29.2,0.0032,0.0151,10.4,0.114,0.539,Urban delivery,99.999,17989,2600,Diesel CI,26.2,0,85.5,1.12,1,3.82,1591,1017.26,11.18,391.25,325,3.57,125,38.9,0.00427,0.15,13.9,0.153,5.34,Urban delivery,99.999,28289,12900,Diesel CI,26,0,86.6,1.17,1,11.61,1483,1412.13,15.52,109.47,451.2,4.96,35,54,0.00593,0.0418,19.3,0.212,1.49,Regional delivery EMS,100,24289,3500,Diesel CI,60.7,0,87.5,1,1,8.52,156,795.35,5.66,227.24,254.1,1.81,72.6,30.4,0.00216,0.0868,10.9,0.0772,3.1,Regional delivery EMS,100,38289,17500,Diesel CI,59.6,0,87.5,1,1,20.3,169,1019.2,7.25,58.24,325.6,2.32,18.6,39,0.00277,0.0223,13.9,0.099,0.795,Long haul EMS,100.185,24289,3500,Diesel CI,79.6,0,86.9,1,1,6.95,43,724.14,5.15,206.9,231.4,1.65,66.1,27.7,0.00197,0.0791,9.88,0.0703,2.82,Long haul EMS,100.185,47289,26500,Diesel CI,76.9,0,87.5,0.98,1,27.09,62,993.35,7.07,37.48,317.4,2.26,12,38,0.0027,0.0143,13.6,0.0965,0.511,,,,,,,,,,,,,,,,,,,,,,,,,,,,,,,,,,,,,,,,,,,,,,,,,,,,,,,,,,,,,,,,,,,,,,,,,,,,,,,,,,,,,,,,,,,,,,,,,1,385/65 R22.5,e4*2017/2400*2019/318*T*0696*00,0.006,No,2,315/70 R22.5,e4*2017/2400*2017/2400*T*0120*00,0.0063,Yes,,,,,,,,,,,,,,,,,,,,,,,724,1116,706.88,,0,0
Match,Yes,DAF Trucks N.V.,DAF Trucks N.V.,XG  480 FT     ,5,5-LH,No,No,No,No,Diesel CI,20.5,DE,N3,BC,20500,C,Diesel,No,No,,20220930,1127261,"Hugo van der Goeslaan 1, 5643TW Eindhoven",N3,7847,,4x2,Yes,No,6098951,126918,DAF TRUCKS (NL),,DAF,,90,2,A7EBJRLE,,,2022-09-30,No,Yes,No,No,e4*2017/2400*2019/318*E*0866*01,e4*595/2009*2019/1939E*00170,355,550,1600,12.9,621.6,198.2,598.8,189.7,e1*2017/2400*2017/2400*G*0076*00,Option 2,AMT,12,1,,,Transmission Output Retarder,Measured,e1*2017/2400*2017/2400*O*0077*00,,,0,Measured,e1*2017/2400*2019/318*L*0373*00,Single reduction axle,2.211,Measured,e4*2017/2400*2019/318*P*0921*00,A11,Crankshaft mounted - Electronically controlled visco clutch,Variable displacement mech. controlled,,,,"Standard technology - LED headlights, all",Medium Supply 2-stage + ESS + AMS,3.3.11.2675,2022-09-08T07:05:51.7028506Z,RDWH-CD0-01,Regional delivery,100,17947,2600,Diesel CI,60.8,0,87.5,1,1,3.12,172,608.12,6.68,233.89,194.3,2.14,74.7,23.2,0.00255,0.0894,8.3,0.0912,3.19,Regional delivery,100,28247,12900,Diesel CI,60.5,0,87.5,1,1,11.04,160,773.16,8.5,59.93,247,2.71,19.1,29.5,0.00325,0.0229,10.5,0.116,0.818,Long haul,100.185,17947,2600,Diesel CI,79.9,0,86.5,1,1,1.57,43,556.9,6.12,214.19,177.9,1.96,68.4,21.3,0.00234,0.0819,7.6,0.0835,2.92,Long haul,100.185,34647,19300,Diesel CI,78.9,0,87.5,1,1,14.01,51,750.12,8.24,38.87,239.7,2.63,12.4,28.7,0.00315,0.0149,10.2,0.112,0.53,Urban delivery,99.999,17947,2600,Diesel CI,26.2,0,85.6,1.11,1,3.76,1581,1005.99,11.05,386.92,321.4,3.53,123.6,38.4,0.00422,0.148,13.7,0.151,5.28,Urban delivery,99.999,28247,12900,Diesel CI,26,0,86.7,1.16,1,11.41,1465,1397.52,15.36,108.34,446.5,4.91,34.6,53.4,0.00587,0.0414,19.1,0.21,1.48,Regional delivery EMS,100,24247,3500,Diesel CI,60.7,0,87.5,1,1,8.31,159,786.54,5.6,224.73,251.3,1.79,71.8,30.1,0.00214,0.0859,10.7,0.0764,3.07,Regional delivery EMS,100,38247,17500,Diesel CI,59.7,0,87.5,1,1,20.03,172,1007.13,7.17,57.55,321.8,2.29,18.4,38.5,0.00274,0.022,13.7,0.0978,0.785,Long haul EMS,100.185,24247,3500,Diesel CI,79.6,0,87.1,1,1,7.41,41,715.69,5.09,204.48,228.7,1.63,65.3,27.4,0.00195,0.0781,9.76,0.0695,2.79,Long haul EMS,100.185,47247,26500,Diesel CI,77,0,87.5,0.98,1,26.55,62,980.66,6.98,37.01,313.3,2.23,11.8,37.5,0.00267,0.0141,13.4,0.0952,0.505,,,,,,,,,,,,,,,,,,,,,,,,,,,,,,,,,,,,,,,,,,,,,,,,,,,,,,,,,,,,,,,,,,,,,,,,,,,,,,,,,,,,,,,,,,,,,,,,,1,315/70 R22.5,e2*2017/2400*2019/318*T*9616*00,0.004,No,2,315/70 R22.5,e2*2400/2017*2400/2017*T*8871*00,0.0068,Yes,,,,,,,,,,,,,,,,,,,,,,,724,1116,695.3,,0,0
Match,Yes,DAF Trucks N.V.,DAF Trucks N.V.,XG  530 FT     ,5,5-LH,No,No,No,No,Diesel CI,20.5,DE,N3,BC,20500,C,Diesel,No,No,,20220930,1127265,"Hugo van der Goeslaan 1, 5643TW Eindhoven",N3,7771,,4x2,Yes,Yes,6098950,126917,DAF TRUCKS (NL),,DAF,,90,2,1U0WAL89,,,2022-09-30,No,Yes,No,Yes,e4*2017/2400*2019/318*E*0867*01,e4*595/2009*2019/1939E*00170,390,550,1600,12.9,621.6,198.2,598.8,189.7,e1*2017/2400*2017/2400*G*0076*00,Option 2,AMT,12,1,,,Transmission Output Retarder,Measured,e1*2017/2400*2017/2400*O*0077*00,,,0,Measured,e1*2017/2400*2019/318*L*0372*00,Single reduction axle,2.4,Measured,e4*2017/2400*2019/318*P*0921*00,A16,Crankshaft mounted - Electronically controlled visco clutch,Variable displacement mech. controlled,,,,"Standard technology - LED headlights, all",Medium Supply 2-stage + ESS + AMS,3.3.11.2675,2022-09-08T07:14:14.3596752Z,RDWH-CD0-01,Regional delivery,100,17871,2600,Diesel CI,60.8,0,89,1,1,2.32,158,655.86,7.21,252.26,209.5,2.3,80.6,25.1,0.00275,0.0964,8.95,0.0983,3.44,Regional delivery,100,28171,12900,Diesel CI,60.6,0,90,1,1,7.88,158,815.83,8.97,63.24,260.6,2.86,20.2,31.2,0.00343,0.0242,11.1,0.122,0.863,Long haul,100.185,17871,2600,Diesel CI,79.9,0,85.7,1,1,1.01,38,614.83,6.76,236.47,196.4,2.16,75.6,23.5,0.00258,0.0904,8.39,0.0922,3.23,Long haul,100.185,34571,19300,Diesel CI,79.1,0,90,1,1,10.45,50,797.94,8.77,41.34,254.9,2.8,13.2,30.5,0.00335,0.0158,10.9,0.12,0.564,Urban delivery,99.999,17871,2600,Diesel CI,26.3,0,85.3,1.12,1,2.33,1526,1037.69,11.4,399.11,331.5,3.64,127.5,39.7,0.00436,0.153,14.2,0.156,5.44,Urban delivery,99.999,28171,12900,Diesel CI,26.1,0,86.3,1.11,1,8.48,1490,1429.16,15.71,110.79,456.6,5.02,35.4,54.6,0.006,0.0423,19.5,0.214,1.51,Regional delivery EMS,100,24171,3500,Diesel CI,60.7,0,89,1,1,6.12,151,833.74,5.93,238.21,266.4,1.9,76.1,31.9,0.00227,0.091,11.4,0.081,3.25,Regional delivery EMS,100,38171,17500,Diesel CI,60,0,90,1,1,15.53,180,1051.52,7.48,60.09,335.9,2.39,19.2,40.2,0.00286,0.023,14.3,0.102,0.82,Long haul EMS,100.185,24171,3500,Diesel CI,79.7,0,88,1,1,5.84,37,776.19,5.52,221.77,248,1.77,70.9,29.7,0.00211,0.0848,10.6,0.0754,3.03,Long haul EMS,100.185,47171,26500,Diesel CI,77.7,0,90,0.98,1,22.8,62,1025.48,7.3,38.7,327.6,2.33,12.4,39.2,0.00279,0.0148,14,0.0996,0.528,,,,,,,,,,,,,,,,,,,,,,,,,,,,,,,,,,,,,,,,,,,,,,,,,,,,,,,,,,,,,,,,,,,,,,,,,,,,,,,,,,,,,,,,,,,,,,,,,1,385/65 R22.5,e13*2017/2400*2017/2400*T*0163*00,0.005,No,2,315/80 R22.5,e13*2017/2400*2017/2400*T*0171*00,0.0064,Yes,,,,,,,,,,,,,,,,,,,,,,,724,1116,745.49,,0,0
Match,Yes,DAF Trucks N.V.,DAF Trucks N.V.,XF 480 FT      ,5,5-LH,No,No,No,No,Diesel CI,20.5,FR,N3,BC,20500,C,Diesel,No,No,,20221123,1127285,"Hugo van der Goeslaan 1, 5643TW Eindhoven",N3,7794,,4x2,Yes,No,5420501,75461,DAF TRUCKS NV,,DAF,,90,2,l+0tlU5Z89ibuUTqLRgQekZ05bSCn8UyPdMb1kvKv3g=,,,2022-11-23,No,Yes,No,Yes,e4*2017/2400*2019/318*E*0816*00,e4*595/2009*2019/1939E*0149,355,550,1600,12.9,614.6,200.4,604.2,192.6,e1*2017/2400*2017/2400*G*0076*00,Option 2,AMT,12,1,,,Transmission Output Retarder,Measured,e1*2017/2400*2017/2400*O*0077*00,,,0,Measured,e4*2017/2400*2019/318*L*0008*02,Single reduction axle,2.471,Measured,e4*2017/2400*2019/318*P*0001*01,A15,Crankshaft mounted - Electronically controlled visco clutch,Variable displacement mech. controlled,,,,Standard technology,Medium Supply 2-stage + ESS + AMS,3.3.11.2675,2022-09-08T12:13:44.4129581Z,RDWH-CD0-01,Regional delivery,100,17894,2600,Diesel CI,60.7,0,89,1,1,2.47,165,645.76,7.1,248.37,206.3,2.27,79.4,24.7,0.00271,0.0949,8.81,0.0968,3.39,Regional delivery,100,28194,12900,Diesel CI,60.5,0,90,1,1,8.86,167,798.09,8.77,61.87,255,2.8,19.8,30.5,0.00335,0.0236,10.9,0.12,0.844,Long haul,100.185,17894,2600,Diesel CI,79.8,0,86.2,1,1,1.36,42,609.18,6.69,234.3,194.6,2.14,74.9,23.3,0.00256,0.0895,8.31,0.0913,3.2,Long haul,100.185,34594,19300,Diesel CI,79,0,90,1,1,11.29,47,782.15,8.6,40.53,249.9,2.75,12.9,29.9,0.00328,0.0155,10.7,0.117,0.553,Urban delivery,99.999,17894,2600,Diesel CI,26.2,0,85.2,1.19,1,3.23,1614,1017.09,11.18,391.19,324.9,3.57,125,38.9,0.00427,0.149,13.9,0.152,5.34,Urban delivery,99.999,28194,12900,Diesel CI,26.1,0,86.3,1.1,1,10.35,1505,1396.69,15.35,108.27,446.2,4.9,34.6,53.4,0.00587,0.0414,19.1,0.209,1.48,Regional delivery EMS,100,24194,3500,Diesel CI,60.6,0,89,1,1,6.76,159,819.2,5.83,234.06,261.7,1.86,74.8,31.3,0.00223,0.0894,11.2,0.0795,3.19,Regional delivery EMS,100,38194,17500,Diesel CI,59.8,0,90,1,1,17.91,179,1025.14,7.3,58.58,327.5,2.33,18.7,39.2,0.00279,0.0224,14,0.0995,0.799,Long haul EMS,100.185,24194,3500,Diesel CI,79.6,0,88,1,1,5.65,41,769.7,5.48,219.91,245.9,1.75,70.3,29.4,0.00209,0.084,10.5,0.0747,3,Long haul EMS,100.185,47194,26500,Diesel CI,77.4,0,90,0.98,1,23.14,51,1008.74,7.18,38.07,322.3,2.29,12.2,38.6,0.00274,0.0145,13.8,0.0979,0.519,,,,,,,,,,,,,,,,,,,,,,,,,,,,,,,,,,,,,,,,,,,,,,,,,,,,,,,,,,,,,,,,,,,,,,,,,,,,,,,,,,,,,,,,,,,,,,,,,1,315/70 R22.5,e13*2017/2400*2019/318*T*0249*00,0.0048,No,2,315/70 R22.5,e13*2017/2400*2019/318*T*0252*00,0.0049,Yes,,,,,,,,,,,,,,,,,,,,,,,724,1093,732.47,,0,0
Match,Yes,DAF Trucks N.V.,DAF Trucks N.V.,XG  480 FT     ,5,5-LH,No,No,No,No,Diesel CI,19.5,FR,N3,BC,19500,C,Diesel,No,No,,20220923,1127295,"Hugo van der Goeslaan 1, 5643TW Eindhoven",N3,7621,,4x2,Yes,No,5417322,72282,DAF TRUCKS NV,,DAF,,90,2,RFy1kjj/WkskLJCB23eQWFymDaw1DWQO2RuguMvSVKA=,,,2022-09-23,No,Yes,No,Yes,e4*2017/2400*2019/318*E*0866*01,e4*595/2009*2019/1939E*00170,355,550,1600,12.9,621.6,198.2,598.8,189.7,e1*2017/2400*2017/2400*G*0076*00,Option 2,AMT,12,1,,,None,,,,,0,Measured,e1*2017/2400*2019/318*L*0373*00,Single reduction axle,2.471,Measured,e4*2017/2400*2019/318*P*0921*00,A11,Crankshaft mounted - Electronically controlled visco clutch,Variable displacement mech. controlled,,,,"Standard technology - LED headlights, all",Medium Supply 2-stage + ESS + AMS,3.3.11.2675,2022-09-08T07:25:26.1898129Z,RDWH-CD0-01,Regional delivery,100,17721,2600,Diesel CI,60.7,0,89,1,1,2.74,169,586.42,6.44,225.55,187.4,2.06,72.1,22.4,0.00246,0.0862,8,0.0879,3.08,Regional delivery,100,28021,12900,Diesel CI,60.5,0,90,1,1,9.37,167,739.65,8.13,57.34,236.3,2.6,18.3,28.3,0.00311,0.0219,10.1,0.111,0.782,Long haul,100.185,17721,2600,Diesel CI,79.8,0,88,1,1,1.32,42,538.44,5.92,207.09,172,1.89,66.2,20.6,0.00226,0.0791,7.35,0.0807,2.83,Long haul,100.185,34421,19300,Diesel CI,79,0,90,1,1,11.98,46,713.56,7.84,36.97,228,2.51,11.8,27.3,0.003,0.0141,9.73,0.107,0.504,Urban delivery,99.999,17721,2600,Diesel CI,26.2,0,85.5,1.17,1,3.63,1615,993.32,10.92,382.05,317.4,3.49,122.1,38,0.00417,0.146,13.6,0.149,5.21,Urban delivery,99.999,28021,12900,Diesel CI,26.1,0,86.7,1.17,1,10.97,1504,1378.37,15.15,106.85,440.4,4.84,34.1,52.7,0.00579,0.0408,18.8,0.207,1.46,Regional delivery EMS,100,24021,3500,Diesel CI,60.6,0,89,1,1,7.08,162,757.07,5.39,216.31,241.9,1.72,69.1,28.9,0.00206,0.0827,10.3,0.0735,2.95,Regional delivery EMS,100,38021,17500,Diesel CI,59.7,0,90,1,1,19.04,174,963.47,6.86,55.06,307.8,2.19,17.6,36.8,0.00262,0.021,13.1,0.0936,0.751,Long haul EMS,100.185,24021,3500,Diesel CI,79.6,0,88,1,1,6.2,39,692.92,4.93,197.98,221.4,1.58,63.3,26.5,0.00188,0.0757,9.45,0.0673,2.7,Long haul EMS,100.185,47021,26500,Diesel CI,77.2,0,90,0.97,1,23.95,59,935.49,6.66,35.3,298.9,2.13,11.3,35.8,0.00254,0.0135,12.8,0.0908,0.482,,,,,,,,,,,,,,,,,,,,,,,,,,,,,,,,,,,,,,,,,,,,,,,,,,,,,,,,,,,,,,,,,,,,,,,,,,,,,,,,,,,,,,,,,,,,,,,,,1,385/65 R22.5,e13*2017/2400*2017/2400*T*0168*00,0.0049,No,2,315/80 R22.5,e13*2017/2400*2017/2400*T*0192*00,0.005,Yes,,,,,,,,,,,,,,,,,,,,,,,724,1093,664.29,,0,0
Match,Yes,DAF Trucks N.V.,DAF Trucks N.V.,XG  530 FT     ,5,5-LH,No,No,No,No,Diesel CI,19.5,FR,N3,BC,19500,C,Diesel,No,No,,20220928,1127297,"Hugo van der Goeslaan 1, 5643TW Eindhoven",N3,7711,,4x2,Yes,No,5417247,72207,DAF TRUCKS NV,,DAF,,90,2,Kksj9wG90mVGCUhiWJusUwOnVN/8VHgtgx/6kZlCK7A=,,,2022-09-28,No,Yes,No,Yes,e4*2017/2400*2019/318*E*0867*01,e4*595/2009*2019/1939E*00170,390,550,1600,12.9,621.6,198.2,598.8,189.7,e1*2017/2400*2017/2400*G*0076*00,Option 2,AMT,12,1,,,Transmission Output Retarder,Measured,e1*2017/2400*2017/2400*O*0077*00,,,0,Measured,e1*2017/2400*2019/318*L*0372*00,Single reduction axle,2.4,Measured,e4*2017/2400*2019/318*P*0921*00,A16,Crankshaft mounted - Electronically controlled visco clutch,Variable displacement mech. controlled,,,,"Standard technology - LED headlights, all",Medium Supply 2-stage + ESS + AMS,3.3.11.2675,2022-09-08T07:41:27.3979328Z,RDWH-CD0-01,Regional delivery,100,17811,2600,Diesel CI,60.8,0,89,1,1,2.27,158,652.5,7.17,250.96,208.5,2.29,80.2,24.9,0.00274,0.0959,8.9,0.0978,3.42,Regional delivery,100,28111,12900,Diesel CI,60.6,0,90,1,1,7.77,159,812.43,8.93,62.98,259.6,2.85,20.1,31,0.00341,0.0241,11.1,0.122,0.859,Long haul,100.185,17811,2600,Diesel CI,79.9,0,85.6,1,1,1,39,612.25,6.73,235.48,195.6,2.15,75.2,23.4,0.00257,0.09,8.35,0.0918,3.21,Long haul,100.185,34511,19300,Diesel CI,79.1,0,90,1,1,10.92,48,795.19,8.74,41.2,254.1,2.79,13.2,30.4,0.00334,0.0157,10.8,0.119,0.562,Urban delivery,99.999,17811,2600,Diesel CI,26.3,0,85.3,1.13,1,2.27,1534,1030,11.32,396.15,329.1,3.62,126.6,39.4,0.00433,0.151,14.1,0.154,5.4,Urban delivery,99.999,28111,12900,Diesel CI,26.1,0,86.3,1.11,1,8.36,1495,1423.2,15.64,110.33,454.7,5,35.2,54.4,0.00598,0.0422,19.4,0.213,1.51,Regional delivery EMS,100,24111,3500,Diesel CI,60.7,0,89,1,1,6.06,151,830.33,5.91,237.24,265.3,1.89,75.8,31.7,0.00226,0.0907,11.3,0.0806,3.24,Regional delivery EMS,100,38111,17500,Diesel CI,60,0,90,1,1,15.45,181,1048.09,7.46,59.89,334.9,2.38,19.1,40.1,0.00285,0.0229,14.3,0.102,0.817,Long haul EMS,100.185,24111,3500,Diesel CI,79.7,0,88,1,1,5.82,37,773.48,5.51,220.99,247.1,1.76,70.6,29.6,0.0021,0.0845,10.6,0.0751,3.01,Long haul EMS,100.185,47111,26500,Diesel CI,77.7,0,90,0.98,1,22.73,63,1023.05,7.28,38.61,326.9,2.33,12.3,39.1,0.00278,0.0148,14,0.0993,0.527,,,,,,,,,,,,,,,,,,,,,,,,,,,,,,,,,,,,,,,,,,,,,,,,,,,,,,,,,,,,,,,,,,,,,,,,,,,,,,,,,,,,,,,,,,,,,,,,,1,385/65 R22.5,e13*2017/2400*2017/2400*T*0163*00,0.005,No,2,315/80 R22.5,e13*2017/2400*2017/2400*T*0171*00,0.0064,Yes,,,,,,,,,,,,,,,,,,,,,,,724,1093,742.72,,0,0
Match,Yes,DAF Trucks N.V.,DAF Trucks N.V.,XG+ 530 FT     ,5,5-LH,No,No,No,No,Diesel CI,19.5,DE,N3,BC,19500,C,Diesel,No,No,,20221012,1127385,"Hugo van der Goeslaan 1, 5643TW Eindhoven",N3,8242,,4x2,Yes,No,6098820,126787,DAF TRUCKS (NL),,DAF,,90,2,RMGLO//+,,,2022-10-12,No,Yes,No,Yes,e4*2017/2400*2019/318*E*0867*01,e4*595/2009*2019/1939E*00170,390,550,1600,12.9,621.6,198.2,598.8,189.7,e1*2017/2400*2017/2400*G*0076*00,Option 2,AMT,12,1,,,Transmission Output Retarder,Measured,e1*2017/2400*2017/2400*O*0077*00,,,0,Measured,e1*2017/2400*2019/318*L*0372*00,Single reduction axle,2.4,Measured,e4*2017/2400*2019/318*P*0919*00,A12,Crankshaft mounted - Electronically controlled visco clutch,Variable displacement mech. controlled,,,,"Standard technology - LED headlights, all",Medium Supply 2-stage + ESS + AMS,3.3.11.2675,2022-09-09T06:56:46.4133375Z,RDWH-CD0-01,Regional delivery,100,18342,2600,Diesel CI,60.8,0,89,1,1,2.02,153,605.76,6.66,232.99,193.5,2.13,74.4,23.2,0.00254,0.089,8.26,0.0908,3.18,Regional delivery,100,28642,12900,Diesel CI,60.6,0,90,1,1,7.14,153,757.36,8.32,58.71,242,2.66,18.8,28.9,0.00318,0.0224,10.3,0.114,0.801,Long haul,100.185,18342,2600,Diesel CI,79.8,0,88,1,1,0.94,37,555.36,6.1,213.6,177.4,1.95,68.2,21.2,0.00233,0.0816,7.58,0.0833,2.91,Long haul,100.185,35042,19300,Diesel CI,79.3,0,90,1,1,9.89,37,728.78,8.01,37.76,232.8,2.56,12.1,27.9,0.00306,0.0144,9.94,0.109,0.515,Urban delivery,99.999,18342,2600,Diesel CI,26.3,0,86.1,1.2,1,2.38,1539,1020.44,11.21,392.48,326,3.58,125.4,39,0.00429,0.15,13.9,0.153,5.35,Urban delivery,99.999,28642,12900,Diesel CI,26.1,0,86.7,1.17,1,8.42,1496,1404.1,15.43,108.84,448.6,4.93,34.8,53.7,0.0059,0.0416,19.2,0.21,1.48,Regional delivery EMS,100,24642,3500,Diesel CI,60.7,0,89,1,1,5.39,151,777.9,5.54,222.26,248.5,1.77,71,29.7,0.00212,0.0849,10.6,0.0755,3.03,Regional delivery EMS,100,38642,17500,Diesel CI,60.1,0,90,1,1,15.76,166,982.66,6.99,56.15,313.9,2.23,17.9,37.6,0.00267,0.0215,13.4,0.0954,0.766,Long haul EMS,100.185,24642,3500,Diesel CI,79.7,0,88,1,1,4.01,36,714.14,5.08,204.04,228.2,1.62,65.2,27.3,0.00194,0.078,9.74,0.0693,2.78,Long haul EMS,100.185,47642,26500,Diesel CI,78,0,90,0.98,1,19.87,44,955.69,6.8,36.06,305.3,2.17,11.5,36.5,0.0026,0.0138,13,0.0928,0.492,,,,,,,,,,,,,,,,,,,,,,,,,,,,,,,,,,,,,,,,,,,,,,,,,,,,,,,,,,,,,,,,,,,,,,,,,,,,,,,,,,,,,,,,,,,,,,,,,1,385/65 R22.5,e2*2017/2400*2019/318*T*9620*00,0.0047,No,2,315/70 R22.5,e2*2400/2017*2400/2017*T*8840*00,0.004,Yes,,,,,,,,,,,,,,,,,,,,,,,724,1116,680.27,,0,0
Match,Yes,DAF Trucks N.V.,DAF Trucks N.V.,XF  480 FT     ,5,5-LH,No,No,No,No,Diesel CI,19.5,AT,N3,BC,19500,C,Diesel,No,No,,20220930,1127387,"Hugo van der Goeslaan 1, 5643TW Eindhoven",N3,7336,,4x2,Yes,Yes,5527181,116710191,DAF TRUCKS NV,,DAF,,90,2,LhETLN2kCw3D4JflfgZ1T5HaLA3XAnGcF/KuxELFGks=,,,2022-09-30,No,Yes,No,Yes,e4*2017/2400*2019/318*E*0866*01,e4*595/2009*2019/1939E*00170,355,550,1600,12.9,621.6,198.2,598.8,189.7,e1*2017/2400*2017/2400*G*0076*00,Option 2,AMT,12,1,,,Transmission Output Retarder,Measured,e1*2017/2400*2017/2400*O*0077*00,,,0,Measured,e4*2017/2400*2019/318*L*0092*01,Single reduction axle,2.643,Measured,e4*2017/2400*2019/318*P*0920*00,A15,Crankshaft mounted - Electronically controlled visco clutch,Variable displacement mech. controlled,,,,"Standard technology - LED headlights, all",Medium Supply 2-stage + ESS + AMS,3.3.11.2675,2022-09-09T07:04:11.194418Z,RDWH-CD0-01,Regional delivery,100,17436,2600,Diesel CI,60.7,0,89,1,1,2.5,161,653.45,7.18,251.33,208.8,2.29,80.3,25,0.00274,0.096,8.91,0.098,3.43,Regional delivery,100,27736,12900,Diesel CI,60.5,0,90,1,1,9.3,154,811.18,8.91,62.88,259.2,2.85,20.1,31,0.00341,0.024,11.1,0.122,0.858,Long haul,100.185,17436,2600,Diesel CI,79.8,0,85.5,1,1,1.48,39,614.34,6.75,236.29,196.3,2.16,75.5,23.5,0.00258,0.0903,8.38,0.0921,3.22,Long haul,100.185,34136,19300,Diesel CI,78.8,0,90,1,1,11.95,48,795.44,8.74,41.21,254.1,2.79,13.2,30.4,0.00334,0.0158,10.9,0.119,0.562,Urban delivery,99.999,17436,2600,Diesel CI,26.2,0,85.1,1.17,1,3.74,1559,1032.61,11.35,397.16,329.9,3.63,126.9,39.5,0.00434,0.152,14.1,0.155,5.42,Urban delivery,99.999,27736,12900,Diesel CI,26,0,86.1,1.14,1,11.78,1450,1423.02,15.64,110.31,454.6,5,35.2,54.4,0.00598,0.0422,19.4,0.213,1.5,Regional delivery EMS,100,23736,3500,Diesel CI,60.6,0,89,1,1,7.43,158,827.13,5.89,236.32,264.3,1.88,75.5,31.6,0.00225,0.0903,11.3,0.0803,3.22,Regional delivery EMS,100,37736,17500,Diesel CI,59.7,0,90,1,1,18.92,175,1040.51,7.41,59.46,332.4,2.37,19,39.8,0.00283,0.0227,14.2,0.101,0.811,Long haul EMS,100.185,23736,3500,Diesel CI,79.6,0,86.3,1,1,5.53,37,770.48,5.48,220.14,246.2,1.75,70.3,29.4,0.0021,0.0841,10.5,0.0748,3,Long haul EMS,100.185,46736,26500,Diesel CI,77.1,0,90,0.97,1,24.12,46,1017.75,7.24,38.41,325.2,2.31,12.3,38.9,0.00277,0.0147,13.9,0.0988,0.524,,,,,,,,,,,,,,,,,,,,,,,,,,,,,,,,,,,,,,,,,,,,,,,,,,,,,,,,,,,,,,,,,,,,,,,,,,,,,,,,,,,,,,,,,,,,,,,,,1,315/80 R22.5,e13*2017/2400*2017/2400*T*0160*00,0.0055,No,2,315/80 R22.5,e13*2017/2400*2017/2400*T*0055*00,0.0072,Yes,,,,,,,,,,,,,,,,,,,,,,,724,1097,743.39,,0,0
Match,Yes,DAF Trucks N.V.,DAF Trucks N.V.,XF  480 FT     ,5,5-LH,No,No,No,No,Diesel CI,19.5,DE,N3,BC,19500,C,Diesel,No,No,,20221013,1127389,"Hugo van der Goeslaan 1, 5643TW Eindhoven",N3,7612,,4x2,Yes,No,6098489,126456,DAF TRUCKS (NL),,DAF,,90,2,U8YYEMBT,,,2022-10-13,No,Yes,No,Yes,e4*2017/2400*2019/318*E*0866*01,e4*595/2009*2019/1939E*00170,355,550,1600,12.9,621.6,198.2,598.8,189.7,e1*2017/2400*2017/2400*G*0076*00,Option 2,AMT,12,1,,,Transmission Output Retarder,Measured,e1*2017/2400*2017/2400*O*0077*00,,,0,Measured,e1*2017/2400*2019/318*L*0373*00,Single reduction axle,2.211,Measured,e4*2017/2400*2019/318*P*0920*00,A11,Crankshaft mounted - Electronically controlled visco clutch,Variable displacement mech. controlled,,,,"Standard technology - LED headlights, all",Medium Supply 2-stage + ESS + AMS,3.3.11.2675,2022-09-09T07:09:08.840841Z,RDWH-CD0-01,Regional delivery,100,17712,2600,Diesel CI,60.7,0,89,1,1,2.79,167,574.61,6.31,221,183.6,2.02,70.6,22,0.00241,0.0845,7.84,0.0861,3.01,Regional delivery,100,28012,12900,Diesel CI,60.5,0,90,1,1,10.21,158,723.07,7.95,56.05,231,2.54,17.9,27.6,0.00304,0.0214,9.86,0.108,0.765,Long haul,100.185,17712,2600,Diesel CI,79.8,0,88,1,1,1.33,43,526.11,5.78,202.35,168.1,1.85,64.6,20.1,0.00221,0.0773,7.18,0.0789,2.76,Long haul,100.185,34412,19300,Diesel CI,78.9,0,90,1,1,12.87,51,693.47,7.62,35.93,221.6,2.43,11.5,26.5,0.00291,0.0137,9.46,0.104,0.49,Urban delivery,99.999,17712,2600,Diesel CI,26.2,0,86.1,1.09,1,3.5,1588,980.57,10.78,377.14,313.3,3.44,120.5,37.5,0.00412,0.144,13.4,0.147,5.15,Urban delivery,99.999,28012,12900,Diesel CI,26.1,0,86.9,1.15,1,10.68,1475,1363.99,14.99,105.74,435.8,4.79,33.8,52.1,0.00573,0.0404,18.6,0.204,1.44,Regional delivery EMS,100,24012,3500,Diesel CI,60.6,0,89,1,1,7.63,152,743.78,5.29,212.51,237.6,1.69,67.9,28.4,0.00202,0.0812,10.1,0.0722,2.9,Regional delivery EMS,100,38012,17500,Diesel CI,59.6,0,90,1,1,19.14,178,941.01,6.7,53.77,300.6,2.14,17.2,36,0.00256,0.0205,12.8,0.0914,0.734,Long haul EMS,100.185,24012,3500,Diesel CI,79.5,0,88.2,1,1,6.88,40,680.57,4.84,194.45,217.4,1.55,62.1,26,0.00185,0.0743,9.28,0.0661,2.65,Long haul EMS,100.185,47012,26500,Diesel CI,77.2,0,90,0.98,1,25.16,60,913.84,6.5,34.48,292,2.08,11,34.9,0.00249,0.0132,12.5,0.0887,0.47,,,,,,,,,,,,,,,,,,,,,,,,,,,,,,,,,,,,,,,,,,,,,,,,,,,,,,,,,,,,,,,,,,,,,,,,,,,,,,,,,,,,,,,,,,,,,,,,,1,315/70 R22.5,e2*2017/2400*2019/318*T*9616*00,0.004,No,2,315/70 R22.5,e2*2400/2017*2400/2017*T*8840*00,0.004,Yes,,,,,,,,,,,,,,,,,,,,,,,724,1116,646.79,,0,0
Match,Yes,DAF Trucks N.V.,DAF Trucks N.V.,XG  480 FT     ,5,5-LH,No,No,No,No,Diesel CI,20.5,DE,N3,BC,20500,C,Diesel,No,No,,20220930,1127391,"Hugo van der Goeslaan 1, 5643TW Eindhoven",N3,7907,,4x2,Yes,No,6098939,126906,DAF TRUCKS (NL),,DAF,,90,2,SS//PULW,,,2022-09-30,No,Yes,No,No,e4*2017/2400*2019/318*E*0866*01,e4*595/2009*2019/1939E*00170,355,550,1600,12.9,621.6,198.2,598.8,189.7,e1*2017/2400*2017/2400*G*0076*00,Option 2,AMT,12,1,,,Transmission Output Retarder,Measured,e1*2017/2400*2017/2400*O*0077*00,,,0,Measured,e1*2017/2400*2019/318*L*0373*00,Single reduction axle,2.211,Measured,e4*2017/2400*2019/318*P*0921*00,A11,Crankshaft mounted - Electronically controlled visco clutch,Variable displacement mech. controlled,,,,"Standard technology - LED headlights, all",Medium Supply 2-stage + ESS + AMS,3.3.11.2675,2022-09-09T10:24:45.3154632Z,RDWH-CD0-01,Regional delivery,100,18007,2600,Diesel CI,60.8,0,87.5,1,1,3.13,173,609,6.69,234.23,194.6,2.14,74.8,23.3,0.00256,0.0895,8.31,0.0913,3.2,Regional delivery,100,28307,12900,Diesel CI,60.5,0,87.5,1,1,11.08,160,773.68,8.5,59.97,247.2,2.72,19.2,29.6,0.00325,0.0229,10.6,0.116,0.818,Long haul,100.185,18007,2600,Diesel CI,79.9,0,86.5,1,1,1.64,43,557.56,6.13,214.44,178.1,1.96,68.5,21.3,0.00234,0.082,7.61,0.0836,2.93,Long haul,100.185,34707,19300,Diesel CI,78.9,0,87.5,1,1,14.06,51,750.82,8.25,38.9,239.9,2.64,12.4,28.7,0.00315,0.0149,10.2,0.113,0.531,Urban delivery,99.999,18007,2600,Diesel CI,26.2,0,85.6,1.11,1,3.77,1578,1008.32,11.08,387.82,322.1,3.54,123.9,38.5,0.00423,0.148,13.8,0.151,5.29,Urban delivery,99.999,28307,12900,Diesel CI,26,0,86.7,1.17,1,11.46,1469,1399.09,15.37,108.46,447,4.91,34.7,53.5,0.00588,0.0414,19.1,0.21,1.48,Regional delivery EMS,100,24307,3500,Diesel CI,60.7,0,87.5,1,1,8.33,159,787.5,5.6,225,251.6,1.79,71.9,30.1,0.00214,0.086,10.7,0.0765,3.07,Regional delivery EMS,100,38307,17500,Diesel CI,59.7,0,87.5,1,1,20.07,168,1007.9,7.17,57.59,322,2.29,18.4,38.5,0.00274,0.022,13.7,0.0979,0.786,Long haul EMS,100.185,24307,3500,Diesel CI,79.6,0,87.1,1,1,7.47,42,716.33,5.1,204.67,228.9,1.63,65.4,27.4,0.00195,0.0782,9.77,0.0696,2.79,Long haul EMS,100.185,47307,26500,Diesel CI,77,0,87.5,0.98,1,26.63,62,981.38,6.98,37.03,313.5,2.23,11.8,37.5,0.00267,0.0142,13.4,0.0953,0.505,,,,,,,,,,,,,,,,,,,,,,,,,,,,,,,,,,,,,,,,,,,,,,,,,,,,,,,,,,,,,,,,,,,,,,,,,,,,,,,,,,,,,,,,,,,,,,,,,1,315/70 R22.5,e2*2017/2400*2019/318*T*9616*00,0.004,No,2,315/70 R22.5,e2*2400/2017*2400/2017*T*8871*00,0.0068,Yes,,,,,,,,,,,,,,,,,,,,,,,724,1116,695.99,,0,0
Match,Yes,DAF Trucks N.V.,DAF Trucks N.V.,XG  480 FT     ,5,5-LH,No,No,No,No,Diesel CI,19.5,DE,N3,BC,19500,C,Diesel,No,No,,20220930,1127393,"Hugo van der Goeslaan 1, 5643TW Eindhoven",N3,7907,,4x2,Yes,No,6098980,126947,DAF TRUCKS (NL),,DAF,,90,2,AXLIFD86,,,2022-09-30,No,Yes,No,No,e4*2017/2400*2019/318*E*0866*01,e4*595/2009*2019/1939E*00170,355,550,1600,12.9,621.6,198.2,598.8,189.7,e1*2017/2400*2017/2400*G*0076*00,Option 2,AMT,12,1,,,Transmission Output Retarder,Measured,e1*2017/2400*2017/2400*O*0077*00,,,0,Measured,e1*2017/2400*2019/318*L*0373*00,Single reduction axle,2.211,Measured,e4*2017/2400*2019/318*P*0921*00,A11,Crankshaft mounted - Electronically controlled visco clutch,Variable displacement mech. controlled,,,,"Standard technology - LED headlights, all",Medium Supply 2-stage + ESS + AMS,3.3.11.2675,2022-09-09T12:31:19.5046018Z,RDWH-CD0-01,Regional delivery,100,18007,2600,Diesel CI,60.8,0,87.5,1,1,3.13,173,609,6.69,234.23,194.6,2.14,74.8,23.3,0.00256,0.0895,8.31,0.0913,3.2,Regional delivery,100,28307,12900,Diesel CI,60.5,0,87.5,1,1,11.08,160,773.68,8.5,59.97,247.2,2.72,19.2,29.6,0.00325,0.0229,10.6,0.116,0.818,Long haul,100.185,18007,2600,Diesel CI,79.9,0,86.5,1,1,1.64,43,557.56,6.13,214.44,178.1,1.96,68.5,21.3,0.00234,0.082,7.61,0.0836,2.93,Long haul,100.185,34707,19300,Diesel CI,78.9,0,87.5,1,1,14.06,51,750.82,8.25,38.9,239.9,2.64,12.4,28.7,0.00315,0.0149,10.2,0.113,0.531,Urban delivery,99.999,18007,2600,Diesel CI,26.2,0,85.6,1.11,1,3.77,1578,1008.32,11.08,387.82,322.1,3.54,123.9,38.5,0.00423,0.148,13.8,0.151,5.29,Urban delivery,99.999,28307,12900,Diesel CI,26,0,86.7,1.17,1,11.46,1469,1399.09,15.37,108.46,447,4.91,34.7,53.5,0.00588,0.0414,19.1,0.21,1.48,Regional delivery EMS,100,24307,3500,Diesel CI,60.7,0,87.5,1,1,8.33,159,787.5,5.6,225,251.6,1.79,71.9,30.1,0.00214,0.086,10.7,0.0765,3.07,Regional delivery EMS,100,38307,17500,Diesel CI,59.7,0,87.5,1,1,20.07,168,1007.9,7.17,57.59,322,2.29,18.4,38.5,0.00274,0.022,13.7,0.0979,0.786,Long haul EMS,100.185,24307,3500,Diesel CI,79.6,0,87.1,1,1,7.47,42,716.33,5.1,204.67,228.9,1.63,65.4,27.4,0.00195,0.0782,9.77,0.0696,2.79,Long haul EMS,100.185,47307,26500,Diesel CI,77,0,87.5,0.98,1,26.63,62,981.38,6.98,37.03,313.5,2.23,11.8,37.5,0.00267,0.0142,13.4,0.0953,0.505,,,,,,,,,,,,,,,,,,,,,,,,,,,,,,,,,,,,,,,,,,,,,,,,,,,,,,,,,,,,,,,,,,,,,,,,,,,,,,,,,,,,,,,,,,,,,,,,,1,315/70 R22.5,e2*2017/2400*2019/318*T*9616*00,0.004,No,2,315/70 R22.5,e2*2400/2017*2400/2017*T*8871*00,0.0068,Yes,,,,,,,,,,,,,,,,,,,,,,,724,1116,695.99,,0,0
Match,Yes,DAF Trucks N.V.,DAF Trucks N.V.,XG+ 480 FT     ,5,5-LH,No,No,No,No,Diesel CI,19.5,DE,N3,BC,19500,C,Diesel,No,No,,20221118,1127397,"Hugo van der Goeslaan 1, 5643TW Eindhoven",N3,7626,,4x2,Yes,No,6098928,126895,DAF TRUCKS (NL),,DAF,,90,2,CUWCQNTJ,,,2022-11-18,No,Yes,No,No,e4*2017/2400*2019/318*E*0866*01,e4*595/2009*2019/1939E*00170,355,550,1600,12.9,621.6,198.2,598.8,189.7,e1*2017/2400*2017/2400*G*0076*00,Option 2,AMT,12,1,,,Transmission Output Retarder,Measured,e1*2017/2400*2017/2400*O*0077*00,,,0,Measured,e1*2017/2400*2019/318*L*0373*00,Single reduction axle,2.375,Measured,e4*2017/2400*2019/318*P*0919*00,A12,Crankshaft mounted - Electronically controlled visco clutch,Variable displacement mech. controlled,,,,"Standard technology - LED headlights, all",Medium Supply 2-stage + ESS + AMS,3.3.11.2675,2022-09-09T07:15:13.6411023Z,RDWH-CD0-01,Regional delivery,100,17726,2600,Diesel CI,60.8,0,87.5,1,1,2.72,168,593.57,6.52,228.29,189.6,2.08,72.9,22.7,0.00249,0.0872,8.1,0.089,3.11,Regional delivery,100,28026,12900,Diesel CI,60.6,0,87.5,1,1,9.03,169,746.85,8.21,57.9,238.6,2.62,18.5,28.5,0.00314,0.0221,10.2,0.112,0.79,Long haul,100.185,17726,2600,Diesel CI,79.9,0,86.5,1,1,1.24,40,545.52,5.99,209.82,174.3,1.92,67,20.8,0.00229,0.0802,7.44,0.0818,2.86,Long haul,100.185,34426,19300,Diesel CI,79.2,0,87.5,1,1,11.66,49,724.62,7.96,37.54,231.5,2.54,12,27.7,0.00304,0.0143,9.89,0.109,0.512,Urban delivery,99.999,17726,2600,Diesel CI,26.2,0,85.5,1.19,1,3.72,1603,985.18,10.83,378.91,314.8,3.46,121.1,37.6,0.00414,0.145,13.4,0.148,5.17,Urban delivery,99.999,28026,12900,Diesel CI,26,0,86.7,1.16,1,10.5,1520,1363.72,14.99,105.71,435.7,4.79,33.8,52.1,0.00573,0.0404,18.6,0.204,1.44,Regional delivery EMS,100,24026,3500,Diesel CI,60.7,0,87.5,1,1,7.15,163,764.14,5.44,218.33,244.1,1.74,69.8,29.2,0.00208,0.0834,10.4,0.0742,2.98,Regional delivery EMS,100,38026,17500,Diesel CI,59.8,0,87.5,1,1,18.96,175,973.32,6.93,55.62,311,2.21,17.8,37.2,0.00265,0.0213,13.3,0.0945,0.759,Long haul EMS,100.185,24026,3500,Diesel CI,79.7,0,87,1,1,5.73,40,702.38,5,200.68,224.4,1.6,64.1,26.8,0.00191,0.0767,9.58,0.0682,2.74,Long haul EMS,100.185,47026,26500,Diesel CI,77.5,0,87.5,0.97,1,23.63,49,950.91,6.77,35.88,303.8,2.16,11.5,36.3,0.00259,0.0137,13,0.0923,0.49,,,,,,,,,,,,,,,,,,,,,,,,,,,,,,,,,,,,,,,,,,,,,,,,,,,,,,,,,,,,,,,,,,,,,,,,,,,,,,,,,,,,,,,,,,,,,,,,,1,315/70 R22.5,e2*2017/2400*2019/318*T*9616*00,0.004,No,2,315/70 R22.5,e2*2400/2017*2400/2017*T*8840*00,0.004,Yes,,,,,,,,,,,,,,,,,,,,,,,724,1116,673.89,,0,0
Match,Yes,DAF Trucks N.V.,DAF Trucks N.V.,XF  450 FT     ,5,5-LH,No,No,No,No,Diesel CI,19.5,DE,N3,BC,19500,C,Diesel,No,No,,20221114,1127403,"Hugo van der Goeslaan 1, 5643TW Eindhoven",N3,7579,,4x2,Yes,No,6097204,125171,DAF TRUCKS (NL),,DAF,,90,2,GCFL/JV9,,,2022-11-14,No,Yes,No,No,e4*2017/2400*2019/318*E*0865*01,e4*595/2009*2019/1939E*00168,330,550,1600,10.8,616.1,200.1,588.2,188.6,e1*2017/2400*2017/2400*G*0076*00,Option 2,AMT,12,1,,,Transmission Output Retarder,Measured,e1*2017/2400*2017/2400*O*0077*00,,,0,Measured,e1*2017/2400*2019/318*L*0373*00,Single reduction axle,2.211,Measured,e4*2017/2400*2019/318*P*0920*00,A11,Crankshaft mounted - Electronically controlled visco clutch,Variable displacement mech. controlled,,,,"Standard technology - LED headlights, all",Medium Supply 2-stage + ESS + AMS,3.3.11.2675,2022-09-09T07:37:32.7553205Z,RDWH-CD0-01,Regional delivery,100,17679,2600,Diesel CI,60.8,0,87.5,1,1,3.09,157,611.57,6.72,235.22,195.4,2.15,75.2,23.4,0.00257,0.0899,8.34,0.0917,3.21,Regional delivery,100,27979,12900,Diesel CI,60.5,0,87.5,1,1,11,162,778.45,8.55,60.34,248.7,2.73,19.3,29.7,0.00327,0.0231,10.6,0.117,0.823,Long haul,100.185,17679,2600,Diesel CI,79.9,0,86.5,0.98,1,1.85,36,557.67,6.13,214.49,178.2,1.96,68.5,21.3,0.00234,0.082,7.61,0.0836,2.93,Long haul,100.185,34379,19300,Diesel CI,78.8,0,87.5,1,1,14.17,54,753.72,8.28,39.05,240.8,2.65,12.5,28.8,0.00317,0.0149,10.3,0.113,0.533,Urban delivery,99.999,17679,2600,Diesel CI,26.2,0,85.5,1.19,1,3.87,1527,1011.82,11.12,389.16,323.3,3.55,124.3,38.7,0.00425,0.149,13.8,0.152,5.31,Urban delivery,99.999,27979,12900,Diesel CI,25.9,0,86.6,1.08,1,12.07,1597,1407.19,15.46,109.08,449.6,4.94,34.9,53.8,0.00591,0.0417,19.2,0.211,1.49,Regional delivery EMS,100,23979,3500,Diesel CI,60.6,0,87.5,1,1,8.16,155,789.95,5.62,225.7,252.4,1.8,72.1,30.2,0.00215,0.0863,10.8,0.0767,3.08,Regional delivery EMS,100,37979,17500,Diesel CI,59.3,0,87.5,1,1,21.41,185,1012.53,7.21,57.86,323.5,2.3,18.5,38.7,0.00275,0.0221,13.8,0.0983,0.789,Long haul EMS,100.185,23979,3500,Diesel CI,79.6,0,86.9,1,1,7.09,42,717.18,5.1,204.91,229.1,1.63,65.5,27.4,0.00195,0.0783,9.78,0.0696,2.8,Long haul EMS,100.185,46979,26500,Diesel CI,76.7,0,87.5,1,1,26.41,63,985.51,7.01,37.19,314.9,2.24,11.9,37.7,0.00268,0.0142,13.4,0.0957,0.507,,,,,,,,,,,,,,,,,,,,,,,,,,,,,,,,,,,,,,,,,,,,,,,,,,,,,,,,,,,,,,,,,,,,,,,,,,,,,,,,,,,,,,,,,,,,,,,,,1,355/50 R22.5,e2*2017/2400*2019/318*T*5002*00,0.0051,No,2,295/60 R22.5,e2*2400/2017*2400/2017*T*8808*00,0.0064,Yes,,,,,,,,,,,,,,,,,,,,,,,724,1116,698.25,,0,0
Match,Yes,DAF Trucks N.V.,DAF Trucks N.V.,XF  480 FT     ,5,5-LH,No,No,No,No,Diesel CI,20.5,DE,N3,BC,20500,C,Diesel,No,No,,20221005,1127405,"Hugo van der Goeslaan 1, 5643TW Eindhoven",N3,7246,,4x2,Yes,Yes,6098977,126944,DAF TRUCKS (NL),,DAF,,90,2,ANHNRHFQ,,,2022-10-05,No,Yes,No,Yes,e4*2017/2400*2019/318*E*0866*01,e4*595/2009*2019/1939E*00170,355,550,1600,12.9,621.6,198.2,598.8,189.7,e1*2017/2400*2017/2400*G*0076*00,Option 2,AMT,12,1,,,Transmission Output Retarder,Measured,e1*2017/2400*2017/2400*O*0077*00,,,0,Measured,e1*2017/2400*2019/318*L*0373*00,Single reduction axle,2.211,Measured,e4*2017/2400*2019/318*P*0920*00,A16,Crankshaft mounted - Electronically controlled visco clutch,Variable displacement mech. controlled,,,,"Standard technology - LED headlights, all",Medium Supply 2-stage + ESS + AMS,3.3.11.2675,2022-09-09T12:34:51.2475307Z,RDWH-CD0-01,Regional delivery,100,17346,2600,Diesel CI,60.7,0,89,1,1,2.83,167,618.84,6.8,238.01,197.7,2.17,76,23.6,0.0026,0.091,8.44,0.0928,3.25,Regional delivery,100,27646,12900,Diesel CI,60.5,0,90,1,1,10.65,152,763.86,8.39,59.21,244,2.68,18.9,29.2,0.00321,0.0226,10.4,0.115,0.808,Long haul,100.185,17346,2600,Diesel CI,79.8,0,86.1,1,1,1.43,43,580.15,6.38,223.13,185.4,2.04,71.3,22.2,0.00244,0.0853,7.91,0.087,3.04,Long haul,100.185,34046,19300,Diesel CI,78.8,0,90,1,1,13.55,54,741.38,8.15,38.41,236.9,2.6,12.3,28.3,0.00311,0.0147,10.1,0.111,0.524,Urban delivery,99.999,17346,2600,Diesel CI,26.2,0,85.4,1.12,1,3.41,1579,992.82,10.91,381.86,317.2,3.49,122,37.9,0.00417,0.146,13.5,0.149,5.21,Urban delivery,99.999,27646,12900,Diesel CI,26.1,0,86.4,1.17,1,10.76,1454,1374.78,15.11,106.57,439.2,4.83,34,52.5,0.00577,0.0407,18.8,0.206,1.45,Regional delivery EMS,100,23646,3500,Diesel CI,60.6,0,89,1,1,8.06,153,787.84,5.61,225.1,251.7,1.79,71.9,30.1,0.00214,0.086,10.7,0.0765,3.07,Regional delivery EMS,100,37646,17500,Diesel CI,59.7,0,90,1,1,19.21,176,983.21,7,56.18,314.1,2.24,17.9,37.6,0.00267,0.0215,13.4,0.0955,0.766,Long haul EMS,100.185,23646,3500,Diesel CI,79.5,0,88,1,1,7.32,44,735.37,5.23,210.11,234.9,1.67,67.1,28.1,0.002,0.0803,10,0.0714,2.87,Long haul EMS,100.185,46646,26500,Diesel CI,77,0,90,0.98,1,26.22,60,960.95,6.84,36.26,307,2.19,11.6,36.7,0.00261,0.0139,13.1,0.0933,0.495,,,,,,,,,,,,,,,,,,,,,,,,,,,,,,,,,,,,,,,,,,,,,,,,,,,,,,,,,,,,,,,,,,,,,,,,,,,,,,,,,,,,,,,,,,,,,,,,,1,315/70 R22.5,e2*2017/2400*2019/318*T*9616*00,0.004,No,2,315/70 R22.5,e2*2400/2017*2400/2017*T*8840*00,0.004,Yes,,,,,,,,,,,,,,,,,,,,,,,724,1116,695.75,,0,0
Match,Yes,DAF Trucks N.V.,DAF Trucks N.V.,XF 480 FT      ,5,5-LH,No,No,No,No,Diesel CI,20.5,FR,N3,BC,20500,C,Diesel,No,No,,20221104,1127421,"Hugo van der Goeslaan 1, 5643TW Eindhoven",N3,7794,,4x2,Yes,No,5420509,75469,DAF TRUCKS NV,,DAF,,90,2,NKVvrxq5rx9dypIzVOtwXIRmWjZ6PnS4k6PcGC59aSU=,,,2022-11-04,No,Yes,No,Yes,e4*2017/2400*2019/318*E*0816*00,e4*595/2009*2019/1939E*0149,355,550,1600,12.9,614.6,200.4,604.2,192.6,e1*2017/2400*2017/2400*G*0076*00,Option 2,AMT,12,1,,,Transmission Output Retarder,Measured,e1*2017/2400*2017/2400*O*0077*00,,,0,Measured,e4*2017/2400*2019/318*L*0008*02,Single reduction axle,2.471,Measured,e4*2017/2400*2019/318*P*0001*01,A15,Crankshaft mounted - Electronically controlled visco clutch,Variable displacement mech. controlled,,,,Standard technology,Medium Supply 2-stage + ESS + AMS,3.3.11.2675,2022-09-09T12:20:15.216237Z,RDWH-CD0-01,Regional delivery,100,17894,2600,Diesel CI,60.7,0,89,1,1,2.47,165,645.76,7.1,248.37,206.3,2.27,79.4,24.7,0.00271,0.0949,8.81,0.0968,3.39,Regional delivery,100,28194,12900,Diesel CI,60.5,0,90,1,1,8.86,167,798.09,8.77,61.87,255,2.8,19.8,30.5,0.00335,0.0236,10.9,0.12,0.844,Long haul,100.185,17894,2600,Diesel CI,79.8,0,86.2,1,1,1.36,42,609.18,6.69,234.3,194.6,2.14,74.9,23.3,0.00256,0.0895,8.31,0.0913,3.2,Long haul,100.185,34594,19300,Diesel CI,79,0,90,1,1,11.29,47,782.15,8.6,40.53,249.9,2.75,12.9,29.9,0.00328,0.0155,10.7,0.117,0.553,Urban delivery,99.999,17894,2600,Diesel CI,26.2,0,85.2,1.19,1,3.23,1614,1017.09,11.18,391.19,324.9,3.57,125,38.9,0.00427,0.149,13.9,0.152,5.34,Urban delivery,99.999,28194,12900,Diesel CI,26.1,0,86.3,1.1,1,10.35,1505,1396.69,15.35,108.27,446.2,4.9,34.6,53.4,0.00587,0.0414,19.1,0.209,1.48,Regional delivery EMS,100,24194,3500,Diesel CI,60.6,0,89,1,1,6.76,159,819.2,5.83,234.06,261.7,1.86,74.8,31.3,0.00223,0.0894,11.2,0.0795,3.19,Regional delivery EMS,100,38194,17500,Diesel CI,59.8,0,90,1,1,17.91,179,1025.14,7.3,58.58,327.5,2.33,18.7,39.2,0.00279,0.0224,14,0.0995,0.799,Long haul EMS,100.185,24194,3500,Diesel CI,79.6,0,88,1,1,5.65,41,769.7,5.48,219.91,245.9,1.75,70.3,29.4,0.00209,0.084,10.5,0.0747,3,Long haul EMS,100.185,47194,26500,Diesel CI,77.4,0,90,0.98,1,23.14,51,1008.74,7.18,38.07,322.3,2.29,12.2,38.6,0.00274,0.0145,13.8,0.0979,0.519,,,,,,,,,,,,,,,,,,,,,,,,,,,,,,,,,,,,,,,,,,,,,,,,,,,,,,,,,,,,,,,,,,,,,,,,,,,,,,,,,,,,,,,,,,,,,,,,,1,315/70 R22.5,e13*2017/2400*2019/318*T*0249*00,0.0048,No,2,315/70 R22.5,e13*2017/2400*2019/318*T*0252*00,0.0049,Yes,,,,,,,,,,,,,,,,,,,,,,,724,1093,732.47,,0,0
Match,Yes,DAF Trucks N.V.,DAF Trucks N.V.,XF 480 FT      ,5,5-LH,No,No,No,No,Diesel CI,20.5,FR,N3,BC,20500,C,Diesel,No,No,,20221215,1127423,"Hugo van der Goeslaan 1, 5643TW Eindhoven",N3,7814,,4x2,Yes,No,5420508,75468,DAF TRUCKS NV,,DAF,,90,2,oQVweGImAS4zfafKPlDk95hrcwbRLyYhD26MwHmfiPM=,,,2022-12-15,No,Yes,No,Yes,e4*2017/2400*2019/318*E*0816*00,e4*595/2009*2019/1939E*0149,355,550,1600,12.9,614.6,200.4,604.2,192.6,e1*2017/2400*2017/2400*G*0076*00,Option 2,AMT,12,1,,,Transmission Output Retarder,Measured,e1*2017/2400*2017/2400*O*0077*00,,,0,Measured,e4*2017/2400*2019/318*L*0008*02,Single reduction axle,2.471,Measured,e4*2017/2400*2019/318*P*0001*01,A15,Crankshaft mounted - Electronically controlled visco clutch,Variable displacement mech. controlled,,,,Standard technology,Medium Supply 2-stage + ESS + AMS,3.3.11.2675,2022-09-09T12:14:38.3868167Z,RDWH-CD0-01,Regional delivery,100,17914,2600,Diesel CI,60.7,0,89,1,1,2.47,165,646.06,7.1,248.48,206.4,2.27,79.4,24.7,0.00271,0.095,8.81,0.0969,3.39,Regional delivery,100,28214,12900,Diesel CI,60.5,0,90,1,1,8.87,165,798.37,8.77,61.89,255.1,2.8,19.8,30.5,0.00335,0.0237,10.9,0.12,0.844,Long haul,100.185,17914,2600,Diesel CI,79.8,0,86.2,1,1,1.36,42,609.39,6.7,234.38,194.7,2.14,74.9,23.3,0.00256,0.0896,8.31,0.0914,3.2,Long haul,100.185,34614,19300,Diesel CI,79,0,90,1,1,11.3,47,782.34,8.6,40.54,249.9,2.75,13,29.9,0.00329,0.0155,10.7,0.117,0.553,Urban delivery,99.999,17914,2600,Diesel CI,26.2,0,85.2,1.19,1,3.2,1612,1017.9,11.19,391.5,325.2,3.57,125.1,38.9,0.00427,0.15,13.9,0.153,5.34,Urban delivery,99.999,28214,12900,Diesel CI,26.1,0,86.3,1.1,1,10.4,1508,1399.07,15.37,108.46,447,4.91,34.7,53.5,0.00588,0.0414,19.1,0.21,1.48,Regional delivery EMS,100,24214,3500,Diesel CI,60.6,0,89,1,1,6.78,159,819.49,5.83,234.14,261.8,1.86,74.8,31.3,0.00223,0.0895,11.2,0.0796,3.19,Regional delivery EMS,100,38214,17500,Diesel CI,59.8,0,90,1,1,17.91,180,1025.52,7.3,58.6,327.6,2.33,18.7,39.2,0.00279,0.0224,14,0.0996,0.799,Long haul EMS,100.185,24214,3500,Diesel CI,79.6,0,88,1,1,5.69,41,769.89,5.48,219.97,246,1.75,70.3,29.4,0.00209,0.0841,10.5,0.0748,3,Long haul EMS,100.185,47214,26500,Diesel CI,77.4,0,90,0.98,1,23.16,51,1008.94,7.18,38.07,322.3,2.29,12.2,38.6,0.00274,0.0146,13.8,0.098,0.519,,,,,,,,,,,,,,,,,,,,,,,,,,,,,,,,,,,,,,,,,,,,,,,,,,,,,,,,,,,,,,,,,,,,,,,,,,,,,,,,,,,,,,,,,,,,,,,,,1,315/70 R22.5,e13*2017/2400*2019/318*T*0249*00,0.0048,No,2,315/70 R22.5,e13*2017/2400*2019/318*T*0252*00,0.0049,Yes,,,,,,,,,,,,,,,,,,,,,,,724,1093,732.68,,0,0
Match,Yes,DAF Trucks N.V.,DAF Trucks N.V.,XF 480 FT      ,5,5-LH,No,No,No,No,Diesel CI,20.5,FR,N3,BC,20500,C,Diesel,No,No,,20221017,1127425,"Hugo van der Goeslaan 1, 5643TW Eindhoven",N3,7589,,4x2,Yes,Yes,5420506,75466,DAF TRUCKS NV,,DAF,,90,2,gjQ3LuZyW/5SNug9bZwE5HgBGfvGF7PQ/q6xFwCgxoo=,,,2022-10-17,No,Yes,No,Yes,e4*2017/2400*2019/318*E*0816*00,e4*595/2009*2019/1939E*0149,355,550,1600,12.9,614.6,200.4,604.2,192.6,e1*2017/2400*2017/2400*G*0076*00,Option 2,AMT,12,1,,,None,,,,,0,Measured,e4*2017/2400*2019/318*L*0008*02,Single reduction axle,2.375,Measured,e4*2017/2400*2019/318*P*0001*01,A15,Crankshaft mounted - Electronically controlled visco clutch,Variable displacement mech. controlled,,,,"Standard technology - LED headlights, all",Medium Supply 2-stage + ESS + AMS,3.3.11.2675,2022-09-09T12:19:26.5339359Z,RDWH-CD0-01,Regional delivery,100,17689,2600,Diesel CI,60.7,0,89,1,1,2.59,172,647.36,7.11,248.98,206.8,2.27,79.5,24.7,0.00272,0.0952,8.83,0.097,3.4,Regional delivery,100,27989,12900,Diesel CI,60.5,0,90,1,1,9.35,160,806.47,8.86,62.52,257.7,2.83,20,30.8,0.00339,0.0239,11,0.121,0.853,Long haul,100.185,17689,2600,Diesel CI,79.8,0,85.9,1,1,1.58,41,609.87,6.7,234.57,194.8,2.14,74.9,23.3,0.00256,0.0896,8.32,0.0914,3.2,Long haul,100.185,34389,19300,Diesel CI,79,0,90,1,1,11.83,50,794.22,8.73,41.15,253.7,2.79,13.1,30.4,0.00334,0.0157,10.8,0.119,0.561,Urban delivery,99.999,17689,2600,Diesel CI,26.2,0,85.3,1.13,1,3.13,1653,1016.57,11.17,390.99,324.8,3.57,124.9,38.8,0.00427,0.149,13.9,0.152,5.33,Urban delivery,99.999,27989,12900,Diesel CI,26,0,86.3,1.1,1,10.08,1560,1402.52,15.41,108.72,448.1,4.92,34.7,53.6,0.00589,0.0415,19.1,0.21,1.48,Regional delivery EMS,100,23989,3500,Diesel CI,60.6,0,89,1,1,7.01,168,824.53,5.87,235.58,263.4,1.87,75.3,31.5,0.00224,0.09,11.2,0.0801,3.21,Regional delivery EMS,100,37989,17500,Diesel CI,59.7,0,90,1,1,18.71,187,1036.52,7.38,59.23,331.2,2.36,18.9,39.6,0.00282,0.0226,14.1,0.101,0.808,Long haul EMS,100.185,23989,3500,Diesel CI,79.6,0,88,0.98,1,6.35,41,772.2,5.5,220.63,246.7,1.76,70.5,29.5,0.0021,0.0843,10.5,0.075,3.01,Long haul EMS,100.185,46989,26500,Diesel CI,77.1,0,90,0.96,1,24.85,51,1019.79,7.26,38.48,325.8,2.32,12.3,39,0.00277,0.0147,13.9,0.099,0.525,,,,,,,,,,,,,,,,,,,,,,,,,,,,,,,,,,,,,,,,,,,,,,,,,,,,,,,,,,,,,,,,,,,,,,,,,,,,,,,,,,,,,,,,,,,,,,,,,1,315/70 R22.5,e13*2017/2400*2017/2400*T*0071*00,0.0055,No,2,315/70 R22.5,e13*2017/2400*2017/2400*T*0170*00,0.006,Yes,,,,,,,,,,,,,,,,,,,,,,,724,1093,740.9,,0,0
Match,Yes,DAF Trucks N.V.,DAF Trucks N.V.,XF  530 FT     ,5,5-LH,No,No,No,No,Diesel CI,19.5,FR,N3,BC,19500,C,Diesel,No,No,,20221025,1127427,"Hugo van der Goeslaan 1, 5643TW Eindhoven",N3,7255,,4x2,Yes,Yes,5417337,72297,DAF TRUCKS NV,,DAF,,90,2,TUP+ke3hcgGkGRNGBzStP+iYAtVZvIux6ocS/XlSVW8=,,,2022-10-25,No,Yes,No,Yes,e4*2017/2400*2019/318*E*0867*01,e4*595/2009*2019/1939E*00170,390,550,1600,12.9,621.6,198.2,598.8,189.7,e1*2017/2400*2017/2400*G*0076*00,Option 2,AMT,12,1,,,Transmission Output Retarder,Measured,e1*2017/2400*2017/2400*O*0077*00,,,0,Measured,e1*2017/2400*2019/318*L*0371*00,Single reduction axle,2.529,Measured,e4*2017/2400*2019/318*P*0920*00,A11,Crankshaft mounted - Electronically controlled visco clutch,Variable displacement mech. controlled,,,,"Standard technology - LED headlights, all",Medium Supply 2-stage + ESS + AMS,3.3.11.2675,2022-09-09T06:29:01.0306612Z,RDWH-CD0-01,Regional delivery,100,17355,2600,Diesel CI,60.8,0,89,1,1,1.49,156,611.54,6.72,235.21,195.4,2.15,75.1,23.4,0.00257,0.0899,8.34,0.0917,3.21,Regional delivery,100,27655,12900,Diesel CI,60.7,0,90,1,1,6.85,148,772.54,8.49,59.89,246.8,2.71,19.1,29.5,0.00324,0.0229,10.5,0.116,0.817,Long haul,100.185,17355,2600,Diesel CI,79.9,0,88,1,1,0.89,36,564.73,6.21,217.21,180.4,1.98,69.4,21.6,0.00237,0.083,7.7,0.0847,2.96,Long haul,100.185,34055,19300,Diesel CI,79.3,0,90,1,1,8.73,44,749.75,8.24,38.85,239.5,2.63,12.4,28.7,0.00315,0.0148,10.2,0.112,0.53,Urban delivery,99.999,17355,2600,Diesel CI,26.3,0,85.3,1,1,2.14,1483,1006.58,11.06,387.14,321.6,3.53,123.7,38.5,0.00423,0.148,13.7,0.151,5.28,Urban delivery,99.999,27655,12900,Diesel CI,26.2,0,86.4,1.13,1,8.26,1428,1403.65,15.42,108.81,448.5,4.93,34.8,53.6,0.00589,0.0416,19.1,0.21,1.48,Regional delivery EMS,100,23655,3500,Diesel CI,60.7,0,89,1,1,4.69,153,786.39,5.6,224.68,251.2,1.79,71.8,30.1,0.00214,0.0859,10.7,0.0764,3.07,Regional delivery EMS,100,37655,17500,Diesel CI,60.1,0,90,1,1,15.35,169,1005.94,7.16,57.48,321.4,2.29,18.4,38.4,0.00274,0.022,13.7,0.0977,0.784,Long haul EMS,100.185,23655,3500,Diesel CI,79.8,0,88,0.98,1,3.09,33,724.58,5.16,207.02,231.5,1.65,66.1,27.7,0.00197,0.0791,9.88,0.0704,2.82,Long haul EMS,100.185,46655,26500,Diesel CI,77.7,0,90,1,1,19.16,51,978.9,6.97,36.94,312.7,2.23,11.8,37.4,0.00266,0.0141,13.4,0.095,0.504,,,,,,,,,,,,,,,,,,,,,,,,,,,,,,,,,,,,,,,,,,,,,,,,,,,,,,,,,,,,,,,,,,,,,,,,,,,,,,,,,,,,,,,,,,,,,,,,,1,315/70 R22.5,e13*2017/2400*2017/2400*T*0071*00,0.0055,No,2,315/70 R22.5,e13*2017/2400*2017/2400*T*0170*00,0.006,Yes,,,,,,,,,,,,,,,,,,,,,,,724,1093,697.24,,0,0
Match,Yes,DAF Trucks N.V.,DAF Trucks N.V.,XF  480 FT     ,5,5-LH,No,No,No,No,Diesel CI,19.5,FR,N3,BC,19500,C,Diesel,No,No,,20220922,1127441,"Hugo van der Goeslaan 1, 5643TW Eindhoven",N3,7073,,4x2,Yes,Yes,5417341,72301,DAF TRUCKS NV,,DAF,,90,2,pSqMQHUmH6LJnRCgj3MYMP887GdkQyXBHehmNortRcg=,,,2022-09-22,No,Yes,No,Yes,e4*2017/2400*2019/318*E*0866*01,e4*595/2009*2019/1939E*00170,355,550,1600,12.9,621.6,198.2,598.8,189.7,e1*2017/2400*2017/2400*G*0076*00,Option 2,AMT,12,1,,,None,,,,,0,Measured,e1*2017/2400*2019/318*L*0373*00,Single reduction axle,2.375,Measured,e4*2017/2400*2019/318*P*0920*00,A16,Crankshaft mounted - Electronically controlled visco clutch,Variable displacement mech. controlled,,,,"Standard technology - LED headlights, all",Medium Supply 2-stage + ESS + AMS,3.3.11.2675,2022-09-09T10:31:23.9532952Z,RDWH-CD0-01,Regional delivery,100,17173,2600,Diesel CI,60.7,0,89,1,1,2.38,169,609.51,6.7,234.43,194.7,2.14,74.9,23.3,0.00256,0.0896,8.32,0.0914,3.2,Regional delivery,100,27473,12900,Diesel CI,60.5,0,90,1,1,8.75,156,753.54,8.28,58.41,240.7,2.65,18.7,28.8,0.00316,0.0223,10.3,0.113,0.797,Long haul,100.185,17173,2600,Diesel CI,79.8,0,86,1,1,1.4,41,573.1,6.3,220.42,183.1,2.01,70.4,21.9,0.00241,0.0842,7.82,0.0859,3.01,Long haul,100.185,33873,19300,Diesel CI,79,0,90,1,1,11.65,48,733.76,8.06,38.02,234.4,2.58,12.1,28,0.00308,0.0145,10,0.11,0.519,Urban delivery,99.999,17173,2600,Diesel CI,26.2,0,85.4,1.21,1,3.45,1618,977.72,10.74,376.05,312.4,3.43,120.1,37.4,0.00411,0.144,13.3,0.147,5.13,Urban delivery,99.999,27473,12900,Diesel CI,26,0,86.4,1.17,1,10.06,1510,1352.42,14.86,104.84,432.1,4.75,33.5,51.7,0.00568,0.0401,18.4,0.203,1.43,Regional delivery EMS,100,23473,3500,Diesel CI,60.6,0,89,1,1,6.92,166,776.13,5.52,221.75,248,1.76,70.8,29.7,0.00211,0.0847,10.6,0.0754,3.03,Regional delivery EMS,100,37473,17500,Diesel CI,59.8,0,90,1,1,18.5,175,971.8,6.92,55.53,310.5,2.21,17.7,37.1,0.00264,0.0212,13.3,0.0944,0.758,Long haul EMS,100.185,23473,3500,Diesel CI,79.7,0,88,1,1,5.88,39,727.79,5.18,207.94,232.5,1.65,66.4,27.8,0.00198,0.0795,9.93,0.0707,2.84,Long haul EMS,100.185,46473,26500,Diesel CI,77.3,0,90,0.98,1,23.7,50,952.39,6.78,35.94,304.3,2.17,11.5,36.4,0.00259,0.0137,13,0.0925,0.49,,,,,,,,,,,,,,,,,,,,,,,,,,,,,,,,,,,,,,,,,,,,,,,,,,,,,,,,,,,,,,,,,,,,,,,,,,,,,,,,,,,,,,,,,,,,,,,,,1,315/70 R22.5,e2*2017/2400*2019/318*T*9616*00,0.004,No,2,315/70 R22.5,e2*2400/2017*2400/2017*T*8840*00,0.004,Yes,,,,,,,,,,,,,,,,,,,,,,,724,1093,688.04,,0,0
Match,Yes,DAF Trucks N.V.,DAF Trucks N.V.,XF  480 FT     ,5,5-LH,No,No,No,No,Diesel CI,20.5,DE,N3,BC,20500,C,Diesel,No,No,,20221116,1127561,"Hugo van der Goeslaan 1, 5643TW Eindhoven",N3,7654,,4x2,Yes,No,6098461,126428,DAF TRUCKS (NL),,DAF,,90,2,SIUD2AZU,,,2022-11-16,No,Yes,No,No,e4*2017/2400*2019/318*E*0866*01,e4*595/2009*2019/1939E*00170,355,550,1600,12.9,621.6,198.2,598.8,189.7,e1*2017/2400*2017/2400*G*0076*00,Option 2,AMT,12,1,,,Transmission Output Retarder,Measured,e1*2017/2400*2017/2400*O*0077*00,,,0,Measured,e1*2017/2400*2019/318*L*0373*00,Single reduction axle,2.375,Measured,e4*2017/2400*2019/318*P*0920*00,A11,Crankshaft mounted - Electronically controlled visco clutch,Variable displacement mech. controlled,,,,"Standard technology - LED headlights, all",Medium Supply 2-stage + ESS + AMS,3.3.11.2675,2022-09-12T08:07:55.2546585Z,RDWH-CD0-01,Regional delivery,100,17754,2600,Diesel CI,60.8,0,87.5,1,1,2.79,170,609.43,6.7,234.4,194.7,2.14,74.9,23.3,0.00256,0.0896,8.31,0.0914,3.2,Regional delivery,100,28054,12900,Diesel CI,60.6,0,87.5,1,1,9.54,168,773.34,8.5,59.95,247.1,2.72,19.2,29.6,0.00325,0.0229,10.5,0.116,0.818,Long haul,100.185,17754,2600,Diesel CI,79.9,0,86.5,1,1,1.34,39,559.42,6.15,215.16,178.7,1.96,68.7,21.4,0.00235,0.0822,7.63,0.0839,2.94,Long haul,100.185,34454,19300,Diesel CI,79.1,0,87.5,1,1,12.27,47,753.56,8.28,39.04,240.8,2.65,12.5,28.8,0.00316,0.0149,10.3,0.113,0.533,Urban delivery,99.999,17754,2600,Diesel CI,26.2,0,85.4,1.19,1,3.8,1610,1005.28,11.05,386.65,321.2,3.53,123.5,38.4,0.00422,0.148,13.7,0.151,5.27,Urban delivery,99.999,28054,12900,Diesel CI,26,0,86.6,1.18,1,10.78,1517,1392.44,15.3,107.94,444.9,4.89,34.5,53.2,0.00585,0.0413,19,0.209,1.47,Regional delivery EMS,100,24054,3500,Diesel CI,60.7,0,87.5,1,1,7.25,164,784.37,5.58,224.11,250.6,1.78,71.6,30,0.00213,0.0856,10.7,0.0762,3.06,Regional delivery EMS,100,38054,17500,Diesel CI,59.8,0,87.5,1,1,19.49,179,1008.29,7.18,57.62,322.1,2.29,18.4,38.5,0.00274,0.022,13.8,0.0979,0.786,Long haul EMS,100.185,24054,3500,Diesel CI,79.7,0,86.7,1,1,6.09,38,717.55,5.11,205.01,229.2,1.63,65.5,27.4,0.00195,0.0783,9.79,0.0697,2.8,Long haul EMS,100.185,47054,26500,Diesel CI,77.3,0,87.5,0.98,1,24.71,48,982.8,7,37.09,314,2.23,11.8,37.6,0.00267,0.0142,13.4,0.0954,0.506,,,,,,,,,,,,,,,,,,,,,,,,,,,,,,,,,,,,,,,,,,,,,,,,,,,,,,,,,,,,,,,,,,,,,,,,,,,,,,,,,,,,,,,,,,,,,,,,,1,385/55 R22.5,e4*2017/2400*2019/0318*T*0559*00,0.005,No,2,315/70 R22.5,e4*2017/2400*2017/2400*T*0268*00,0.0064,Yes,,,,,,,,,,,,,,,,,,,,,,,724,1116,698.2,,0,0
Match,Yes,DAF Trucks N.V.,DAF Trucks N.V.,XG  530 FT     ,5,5-LH,No,No,No,No,Diesel CI,20.5,RO,N3,BC,20500,C,Diesel,No,No,,20230130,1127563,"Hugo van der Goeslaan 1, 5643TW Eindhoven",N3,8106,,4x2,Yes,No,5756524,8061,van Doorne Automobiel Fabriek,,DAF,,90,2,,,,2023-01-30,No,Yes,No,No,e4*2017/2400*2019/318*E*0867*01,e4*595/2009*2019/1939E*00170,390,550,1600,12.9,621.6,198.2,598.8,189.7,e1*2017/2400*2017/2400*G*0076*00,Option 2,AMT,12,1,,,Transmission Output Retarder,Measured,e1*2017/2400*2017/2400*O*0077*00,,,0,Measured,e1*2017/2400*2019/318*L*0372*00,Single reduction axle,2.4,Measured,e4*2017/2400*2019/318*P*0921*00,A10,Crankshaft mounted - Electronically controlled visco clutch,Variable displacement mech. controlled,,,,"Standard technology - LED headlights, all",Medium Supply 2-stage + ESS + AMS,3.3.11.2675,2022-09-12T08:09:43.399393Z,RDWH-CD0-01,Regional delivery,100,18206,2600,Diesel CI,60.9,0,87.5,1,1,2.11,155,617.12,6.78,237.35,197.2,2.17,75.8,23.6,0.00259,0.0907,8.42,0.0925,3.24,Regional delivery,100,28506,12900,Diesel CI,60.7,0,87.5,1,1,7.45,157,785.85,8.64,60.92,251.1,2.76,19.5,30,0.0033,0.0233,10.7,0.118,0.831,Long haul,100.185,18206,2600,Diesel CI,79.9,0,86.5,1,1,0.87,38,563.06,6.19,216.56,179.9,1.98,69.2,21.5,0.00236,0.0828,7.68,0.0844,2.95,Long haul,100.185,34906,19300,Diesel CI,79.4,0,87.5,1,1,10.18,38,763.77,8.39,39.57,244,2.68,12.6,29.2,0.00321,0.0151,10.4,0.115,0.54,Urban delivery,99.999,18206,2600,Diesel CI,26.2,0,85.6,1.19,1,2.38,1542,1025.65,11.27,394.48,327.7,3.6,126,39.2,0.00431,0.151,14,0.154,5.38,Urban delivery,99.999,28506,12900,Diesel CI,26.1,0,86.6,1.18,1,8.47,1504,1417.91,15.58,109.92,453,4.98,35.1,54.2,0.00595,0.042,19.3,0.213,1.5,Regional delivery EMS,100,24506,3500,Diesel CI,60.8,0,87.5,1,1,5.52,150,799.18,5.69,228.34,255.3,1.82,73,30.5,0.00217,0.0873,10.9,0.0776,3.12,Regional delivery EMS,100,38506,17500,Diesel CI,60.2,0,87.5,1,1,16.35,167,1027.84,7.32,58.73,328.4,2.34,18.8,39.3,0.0028,0.0224,14,0.0998,0.801,Long haul EMS,100.185,24506,3500,Diesel CI,79.9,0,87,1,1,4,37,725.78,5.17,207.37,231.9,1.65,66.3,27.7,0.00197,0.0792,9.9,0.0705,2.83,Long haul EMS,100.185,47506,26500,Diesel CI,78,0,87.5,1,1,20.42,44,1000.68,7.12,37.76,319.7,2.28,12.1,38.2,0.00272,0.0144,13.7,0.0972,0.515,,,,,,,,,,,,,,,,,,,,,,,,,,,,,,,,,,,,,,,,,,,,,,,,,,,,,,,,,,,,,,,,,,,,,,,,,,,,,,,,,,,,,,,,,,,,,,,,,1,385/55 R22.5,e2*2400/2017*2400/2017*T*8819*00,0.0045,No,2,315/70 R22.5,e2*2400/2017*2400/2017*T*8871*00,0.0068,Yes,,,,,,,,,,,,,,,,,,,,,,,724,1108,706.72,,0,0
Match,Yes,DAF Trucks N.V.,DAF Trucks N.V.,XG  480 FT     ,5,5-LH,No,No,No,No,Diesel CI,19.5,DE,N3,BC,19500,C,Diesel,No,No,,20221005,1127565,"Hugo van der Goeslaan 1, 5643TW Eindhoven",N3,7837,,4x2,Yes,No,6098730,126697,DAF TRUCKS (NL),,DAF,,90,2,X2VAGZRL,,,2022-10-05,No,Yes,No,No,e4*2017/2400*2019/318*E*0866*01,e4*595/2009*2019/1939E*00170,355,550,1600,12.9,621.6,198.2,598.8,189.7,e1*2017/2400*2017/2400*G*0076*00,Option 2,AMT,12,1,,,Transmission Output Retarder,Measured,e1*2017/2400*2017/2400*O*0077*00,,,0,Measured,e1*2017/2400*2019/318*L*0373*00,Single reduction axle,2.211,Measured,e4*2017/2400*2019/318*P*0921*00,A10,Crankshaft mounted - Electronically controlled visco clutch,Variable displacement mech. controlled,,,,"Standard technology - LED headlights, all",Medium Supply 2-stage + ESS + AMS,3.3.11.2675,2022-09-12T08:13:47.391991Z,RDWH-CD0-01,Regional delivery,100,17937,2600,Diesel CI,60.8,0,87.5,1,1,3.08,172,598.4,6.58,230.15,191.2,2.1,73.5,22.9,0.00251,0.088,8.16,0.0897,3.14,Regional delivery,100,28237,12900,Diesel CI,60.6,0,87.5,1,1,10.78,160,764.25,8.4,59.24,244.2,2.68,18.9,29.2,0.00321,0.0226,10.4,0.115,0.808,Long haul,100.185,17937,2600,Diesel CI,79.9,0,86.5,1,1,1.5,43,545.62,6,209.86,174.3,1.92,67,20.9,0.00229,0.0802,7.44,0.0818,2.86,Long haul,100.185,34637,19300,Diesel CI,78.9,0,87.5,1,1,13.78,51,739.94,8.13,38.34,236.4,2.6,12.2,28.3,0.00311,0.0147,10.1,0.111,0.523,Urban delivery,99.999,17937,2600,Diesel CI,26.2,0,85.7,1.11,1,3.74,1574,1001.95,11.01,385.36,320.1,3.52,123.1,38.3,0.00421,0.147,13.7,0.15,5.26,Urban delivery,99.999,28237,12900,Diesel CI,26,0,86.8,1.17,1,11.37,1476,1394.79,15.33,108.12,445.6,4.9,34.5,53.3,0.00586,0.0413,19,0.209,1.48,Regional delivery EMS,100,24237,3500,Diesel CI,60.7,0,87.5,1,1,8.17,158,777.29,5.53,222.08,248.3,1.77,71,29.7,0.00211,0.0849,10.6,0.0755,3.03,Regional delivery EMS,100,38237,17500,Diesel CI,59.7,0,87.5,1,1,20.15,169,997.94,7.1,57.03,318.8,2.27,18.2,38.1,0.00271,0.0218,13.6,0.0969,0.778,Long haul EMS,100.185,24237,3500,Diesel CI,79.6,0,87.3,0.98,1,7.26,43,704.45,5.01,201.27,225.1,1.6,64.3,26.9,0.00192,0.0769,9.61,0.0684,2.75,Long haul EMS,100.185,47237,26500,Diesel CI,77.1,0,87.5,0.98,1,26.21,63,970.92,6.91,36.64,310.2,2.21,11.7,37.1,0.00264,0.014,13.2,0.0943,0.5,,,,,,,,,,,,,,,,,,,,,,,,,,,,,,,,,,,,,,,,,,,,,,,,,,,,,,,,,,,,,,,,,,,,,,,,,,,,,,,,,,,,,,,,,,,,,,,,,1,315/70 R22.5,e2*2017/2400*2019/318*T*9616*00,0.004,No,2,315/70 R22.5,e2*2400/2017*2400/2017*T*8871*00,0.0068,Yes,,,,,,,,,,,,,,,,,,,,,,,724,1116,684.93,,0,0
Match,Yes,DAF Trucks N.V.,DAF Trucks N.V.,XG  480 FT     ,5,5-LH,No,No,No,No,Diesel CI,19.5,DE,N3,BC,19500,C,Diesel,No,No,,20230124,1127567,"Hugo van der Goeslaan 1, 5643TW Eindhoven",N3,7791,,4x2,Yes,Yes,6098747,126714,DAF TRUCKS (NL),,DAF,,90,2,4ZVY2IUH,,,2023-01-24,No,Yes,No,Yes,e4*2017/2400*2019/318*E*0866*01,e4*595/2009*2019/1939E*00170,355,550,1600,12.9,621.6,198.2,598.8,189.7,e1*2017/2400*2017/2400*G*0076*00,Option 2,AMT,12,1,,,Transmission Output Retarder,Measured,e1*2017/2400*2017/2400*O*0077*00,,,0,Measured,e1*2017/2400*2019/318*L*0373*00,Single reduction axle,2.471,Measured,e4*2017/2400*2019/318*P*0921*00,A15,Crankshaft mounted - Electronically controlled visco clutch,Variable displacement mech. controlled,,,,"Standard technology - LED headlights, all",Medium Supply 2-stage + ESS + AMS,3.3.11.2675,2022-09-12T08:19:01.5823677Z,RDWH-CD0-01,Regional delivery,100,17891,2600,Diesel CI,60.7,0,89,1,1,2.86,171,651.49,7.16,250.57,208.1,2.29,80.1,24.9,0.00274,0.0958,8.89,0.0977,3.42,Regional delivery,100,28191,12900,Diesel CI,60.5,0,90,1,1,10.51,155,809.22,8.89,62.73,258.5,2.84,20,30.9,0.0034,0.024,11,0.121,0.856,Long haul,100.185,17891,2600,Diesel CI,79.8,0,85.6,1,1,1.47,42,610.15,6.7,234.67,194.9,2.14,75,23.3,0.00256,0.0897,8.32,0.0915,3.2,Long haul,100.185,34591,19300,Diesel CI,78.7,0,90,1,1,14.17,47,789.87,8.68,40.93,252.4,2.77,13.1,30.2,0.00332,0.0156,10.8,0.118,0.558,Urban delivery,99.999,17891,2600,Diesel CI,26.2,0,85.3,1.14,1,4.02,1610,1037.72,11.4,399.12,331.5,3.64,127.5,39.7,0.00436,0.153,14.2,0.156,5.44,Urban delivery,99.999,28191,12900,Diesel CI,26,0,86.2,1.19,1,11.59,1527,1429.12,15.7,110.78,456.6,5.02,35.4,54.6,0.006,0.0423,19.5,0.214,1.51,Regional delivery EMS,100,24191,3500,Diesel CI,60.6,0,89,1,1,7.9,154,823.79,5.86,235.37,263.2,1.87,75.2,31.5,0.00224,0.0899,11.2,0.08,3.21,Regional delivery EMS,100,38191,17500,Diesel CI,59.5,0,90,1,1,20.41,174,1035.43,7.37,59.17,330.8,2.35,18.9,39.6,0.00282,0.0226,14.1,0.101,0.807,Long haul EMS,100.185,24191,3500,Diesel CI,79.6,0,88,1,1,7.1,40,766.56,5.46,219.02,244.9,1.74,70,29.3,0.00209,0.0837,10.5,0.0744,2.99,Long haul EMS,100.185,47191,26500,Diesel CI,76.9,0,90,0.98,1,25.85,61,1012.27,7.2,38.2,323.4,2.3,12.2,38.7,0.00275,0.0146,13.8,0.0983,0.521,,,,,,,,,,,,,,,,,,,,,,,,,,,,,,,,,,,,,,,,,,,,,,,,,,,,,,,,,,,,,,,,,,,,,,,,,,,,,,,,,,,,,,,,,,,,,,,,,1,315/80 R22.5,e2*2017/2400*2019/318*T*5005*00,0.006,No,2,315/80 R22.5,e2*2017/2400*2019/318*T*5001*00,0.0064,Yes,,,,,,,,,,,,,,,,,,,,,,,724,1116,738.55,,0,0
Match,Yes,DAF Trucks N.V.,DAF Trucks N.V.,XG+ 480 FT     ,5,5-LH,No,No,No,No,Diesel CI,19.5,DE,N3,BC,19500,C,Diesel,No,No,,20220928,1127569,"Hugo van der Goeslaan 1, 5643TW Eindhoven",N3,7894,,4x2,Yes,No,6098960,126927,DAF TRUCKS (NL),,DAF,,90,2,5OOIUBXM,,,2022-09-28,No,Yes,No,No,e4*2017/2400*2019/318*E*0866*01,e4*595/2009*2019/1939E*00170,355,550,1600,12.9,621.6,198.2,598.8,189.7,e1*2017/2400*2017/2400*G*0076*00,Option 2,AMT,12,1,,,Transmission Output Retarder,Measured,e1*2017/2400*2017/2400*O*0077*00,,,0,Measured,e1*2017/2400*2019/318*L*0373*00,Single reduction axle,2.211,Measured,e4*2017/2400*2019/318*P*0919*00,A11,Crankshaft mounted - Electronically controlled visco clutch,Variable displacement mech. controlled,,,,"Standard technology - LED headlights, all",Medium Supply 2-stage + ESS + AMS,3.3.11.2675,2022-09-12T14:35:11.5165281Z,RDWH-CD0-01,Regional delivery,100,17994,2600,Diesel CI,60.8,0,87.5,1,1,3.09,170,610.73,6.71,234.9,195.1,2.14,75,23.3,0.00256,0.0898,8.33,0.0916,3.2,Regional delivery,100,28294,12900,Diesel CI,60.5,0,87.5,1,1,11.1,156,776.99,8.54,60.23,248.2,2.73,19.2,29.7,0.00326,0.023,10.6,0.116,0.822,Long haul,100.185,17994,2600,Diesel CI,79.9,0,86.5,1,1,1.64,43,558.58,6.14,214.84,178.5,1.96,68.6,21.3,0.00235,0.0821,7.62,0.0837,2.93,Long haul,100.185,34694,19300,Diesel CI,78.9,0,87.5,1,1,14.09,51,753.8,8.28,39.06,240.8,2.65,12.5,28.8,0.00317,0.0149,10.3,0.113,0.533,Urban delivery,99.999,17994,2600,Diesel CI,26.2,0,85.5,1.11,1,3.77,1584,1010.44,11.1,388.63,322.8,3.55,124.2,38.6,0.00424,0.149,13.8,0.151,5.3,Urban delivery,99.999,28294,12900,Diesel CI,26,0,86.7,1.17,1,11.52,1471,1402.4,15.41,108.71,448.1,4.92,34.7,53.6,0.00589,0.0415,19.1,0.21,1.48,Regional delivery EMS,100,24294,3500,Diesel CI,60.7,0,87.5,1,1,8.42,156,789.32,5.62,225.52,252.2,1.79,72.1,30.2,0.00215,0.0862,10.8,0.0766,3.08,Regional delivery EMS,100,38294,17500,Diesel CI,59.6,0,87.5,1,1,20.06,172,1011.18,7.2,57.78,323.1,2.3,18.5,38.6,0.00275,0.0221,13.8,0.0982,0.788,Long haul EMS,100.185,24294,3500,Diesel CI,79.6,0,87.1,1,1,7.45,41,717.44,5.11,204.98,229.2,1.63,65.5,27.4,0.00195,0.0783,9.79,0.0697,2.8,Long haul EMS,100.185,47294,26500,Diesel CI,77,0,87.5,0.98,1,26.74,62,984.46,7.01,37.15,314.5,2.24,11.9,37.6,0.00268,0.0142,13.4,0.0956,0.507,,,,,,,,,,,,,,,,,,,,,,,,,,,,,,,,,,,,,,,,,,,,,,,,,,,,,,,,,,,,,,,,,,,,,,,,,,,,,,,,,,,,,,,,,,,,,,,,,1,385/55 R22.5,e2*2400/2017*2400/2017*T*8819*00,0.0045,No,2,315/70 R22.5,e2*2400/2017*2400/2017*T*8871*00,0.0068,Yes,,,,,,,,,,,,,,,,,,,,,,,724,1116,698.42,,0,0
Match,Yes,DAF Trucks N.V.,DAF Trucks N.V.,XG+ 530 FT     ,5,5-LH,No,No,No,No,Diesel CI,19.5,DE,N3,BC,19500,C,Diesel,No,No,,20221031,1127575,"Hugo van der Goeslaan 1, 5643TW Eindhoven",N3,7859,,4x2,Yes,Yes,6098948,126915,DAF TRUCKS (NL),,DAF,,90,2,A8TBPPTZ,,,2022-10-31,No,Yes,No,No,e4*2017/2400*2019/318*E*0867*01,e4*595/2009*2019/1939E*00170,390,550,1600,12.9,621.6,198.2,598.8,189.7,e1*2017/2400*2017/2400*G*0076*00,Option 2,AMT,12,1,,,Transmission Output Retarder,Measured,e1*2017/2400*2017/2400*O*0077*00,,,0,Measured,e1*2017/2400*2019/318*L*0372*00,Single reduction axle,2.4,Measured,e4*2017/2400*2019/318*P*0919*00,A12,Crankshaft mounted - Electronically controlled visco clutch,Variable displacement mech. controlled,,,,"Standard technology - LED headlights, all",Medium Supply 2-stage + ESS + AMS,3.3.11.2675,2022-09-12T14:50:06.391516Z,RDWH-CD0-01,Regional delivery,100,17959,2600,Diesel CI,60.9,0,87.5,1,1,2.06,153,628.09,6.9,241.57,200.7,2.21,77.2,24,0.00264,0.0923,8.57,0.0942,3.3,Regional delivery,100,28259,12900,Diesel CI,60.7,0,87.5,1,1,7.41,157,794.55,8.73,61.59,253.9,2.79,19.7,30.4,0.00334,0.0235,10.8,0.119,0.84,Long haul,100.185,17959,2600,Diesel CI,79.9,0,86.5,1,1,0.89,39,576.65,6.34,221.79,184.2,2.02,70.9,22,0.00242,0.0848,7.87,0.0864,3.03,Long haul,100.185,34659,19300,Diesel CI,79.4,0,87.5,1,1,10.16,38,773.03,8.49,40.05,247,2.71,12.8,29.5,0.00325,0.0153,10.5,0.116,0.546,Urban delivery,99.999,17959,2600,Diesel CI,26.3,0,85.4,1.19,1,2.27,1529,1024.49,11.26,394.03,327.3,3.6,125.9,39.2,0.0043,0.151,14,0.154,5.38,Urban delivery,99.999,28259,12900,Diesel CI,26.1,0,86.5,1.18,1,8.34,1499,1414.21,15.54,109.63,451.8,4.97,35,54,0.00594,0.0419,19.3,0.212,1.5,Regional delivery EMS,100,24259,3500,Diesel CI,60.8,0,87.5,1,1,5.4,152,806.9,5.74,230.54,257.8,1.83,73.7,30.8,0.00219,0.0881,11,0.0783,3.15,Regional delivery EMS,100,38259,17500,Diesel CI,60.2,0,87.5,1,1,16.27,162,1032.9,7.35,59.02,330,2.35,18.9,39.5,0.00281,0.0226,14.1,0.1,0.805,Long haul EMS,100.185,24259,3500,Diesel CI,79.9,0,86.5,1,1,3.99,37,738.81,5.26,211.09,236,1.68,67.4,28.2,0.00201,0.0807,10.1,0.0717,2.88,Long haul EMS,100.185,47259,26500,Diesel CI,78,0,87.5,1,1,20.44,46,1008.8,7.18,38.07,322.3,2.29,12.2,38.6,0.00274,0.0145,13.8,0.098,0.519,,,,,,,,,,,,,,,,,,,,,,,,,,,,,,,,,,,,,,,,,,,,,,,,,,,,,,,,,,,,,,,,,,,,,,,,,,,,,,,,,,,,,,,,,,,,,,,,,1,385/55 R22.5,e13*2017/2400*2017/2400*T*0167*00,0.0049,No,2,315/70 R22.5,e13*2017/2400*2017/2400*T*0170*00,0.006,Yes,,,,,,,,,,,,,,,,,,,,,,,724,1116,717.17,,0,0
Match,Yes,DAF Trucks N.V.,DAF Trucks N.V.,XG  530 FT     ,5,5-LH,No,No,No,No,Diesel CI,20.5,DE,N3,BC,20500,C,Diesel,No,No,,20221215,1127577,"Hugo van der Goeslaan 1, 5643TW Eindhoven",N3,7982,,4x2,Yes,No,6098985,126952,DAF TRUCKS (NL),,DAF,,90,2,GTYFXLEE,,,2022-12-15,No,Yes,No,Yes,e4*2017/2400*2019/318*E*0867*01,e4*595/2009*2019/1939E*00170,390,550,1600,12.9,621.6,198.2,598.8,189.7,e1*2017/2400*2017/2400*G*0076*00,Option 2,AMT,12,1,,,Transmission Output Retarder,Measured,e1*2017/2400*2017/2400*O*0077*00,,,0,Measured,e1*2017/2400*2019/318*L*0372*00,Single reduction axle,2.4,Measured,e4*2017/2400*2019/318*P*0921*00,A11,Crankshaft mounted - Electronically controlled visco clutch,Variable displacement mech. controlled,,,,"Standard technology - LED headlights, all",Medium Supply 2-stage + ESS + AMS,3.3.11.2675,2022-09-12T08:52:24.7396719Z,RDWH-CD0-01,Regional delivery,100,18082,2600,Diesel CI,60.8,0,89,1,1,1.98,152,620.32,6.82,238.59,198.2,2.18,76.2,23.7,0.00261,0.0912,8.46,0.093,3.25,Regional delivery,100,28382,12900,Diesel CI,60.6,0,90,1,1,7.3,153,782.37,8.6,60.65,250,2.75,19.4,29.9,0.00329,0.0232,10.7,0.117,0.827,Long haul,100.185,18082,2600,Diesel CI,79.8,0,88,1,1,0.89,38,569.96,6.26,219.21,182.1,2,70,21.8,0.00239,0.0838,7.78,0.0854,2.99,Long haul,100.185,34782,19300,Diesel CI,79.3,0,90,1,1,10.13,38,758.53,8.34,39.3,242.3,2.66,12.6,29,0.00319,0.015,10.3,0.114,0.536,Urban delivery,99.999,18082,2600,Diesel CI,26.2,0,85.9,1.21,1,2.35,1544,1028.8,11.31,395.69,328.7,3.61,126.4,39.3,0.00432,0.151,14,0.154,5.4,Urban delivery,99.999,28382,12900,Diesel CI,26.1,0,86.5,1.18,1,8.44,1505,1422.91,15.64,110.3,454.6,5,35.2,54.4,0.00598,0.0422,19.4,0.213,1.5,Regional delivery EMS,100,24382,3500,Diesel CI,60.7,0,89,1,1,5.27,150,796.7,5.67,227.63,254.5,1.81,72.7,30.4,0.00217,0.087,10.9,0.0774,3.11,Regional delivery EMS,100,38382,17500,Diesel CI,60.1,0,90,1,1,15.39,164,1016.49,7.23,58.09,324.8,2.31,18.6,38.8,0.00276,0.0222,13.9,0.0987,0.792,Long haul EMS,100.185,24382,3500,Diesel CI,79.8,0,88,1,1,4.04,36,729.6,5.19,208.46,233.1,1.66,66.6,27.9,0.00198,0.0797,9.95,0.0708,2.84,Long haul EMS,100.185,47382,26500,Diesel CI,77.9,0,90,1,1,20.45,46,987.24,7.03,37.25,315.4,2.24,11.9,37.7,0.00269,0.0142,13.5,0.0959,0.508,,,,,,,,,,,,,,,,,,,,,,,,,,,,,,,,,,,,,,,,,,,,,,,,,,,,,,,,,,,,,,,,,,,,,,,,,,,,,,,,,,,,,,,,,,,,,,,,,1,385/55 R22.5,e4*2017/2400*2019/318*T*0695*00,0.0058,No,2,315/70 R22.5,e4*2017/2400*2017/2400*T*0120*00,0.0063,Yes,,,,,,,,,,,,,,,,,,,,,,,724,1116,705.14,,0,0
Match,Yes,DAF Trucks N.V.,DAF Trucks N.V.,XG  530 FT     ,5,5-LH,No,No,No,No,Diesel CI,20.5,FR,N3,BC,20500,C,Diesel,No,No,,20230117,1127603,"Hugo van der Goeslaan 1, 5643TW Eindhoven",N3,7776,,4x2,Yes,Yes,5417333,72293,DAF TRUCKS NV,,DAF,,90,2,M4pLAD5WAxA8mrlW/2Fwp0t3mZSfTh2Sy9foGF53A90=,,,2023-01-17,No,Yes,No,Yes,e4*2017/2400*2019/318*E*0867*01,e4*595/2009*2019/1939E*00170,390,550,1600,12.9,621.6,198.2,598.8,189.7,e1*2017/2400*2017/2400*G*0076*00,Option 2,AMT,12,1,,,Transmission Output Retarder,Measured,e1*2017/2400*2017/2400*O*0077*00,,,0,Measured,e1*2017/2400*2019/318*L*0371*00,Single reduction axle,2.529,Measured,e4*2017/2400*2019/318*P*0921*00,A11,Crankshaft mounted - Electronically controlled visco clutch,Variable displacement mech. controlled,,,,"Standard technology - LED headlights, all",Medium Supply 2-stage + ESS + AMS,3.3.11.2675,2022-09-12T08:25:19.2577117Z,RDWH-CD0-01,Regional delivery,100,17876,2600,Diesel CI,60.8,0,89,1,1,2,157,610.14,6.7,234.67,194.9,2.14,75,23.3,0.00256,0.0897,8.32,0.0915,3.2,Regional delivery,100,28176,12900,Diesel CI,60.6,0,90,1,1,7.3,155,770.27,8.46,59.71,246.1,2.7,19.1,29.4,0.00323,0.0228,10.5,0.115,0.815,Long haul,100.185,17876,2600,Diesel CI,79.8,0,88,1,1,0.87,39,561.4,6.17,215.92,179.4,1.97,69,21.5,0.00236,0.0825,7.66,0.0842,2.95,Long haul,100.185,34576,19300,Diesel CI,79.3,0,90,1,1,9.83,36,745.12,8.19,38.61,238.1,2.62,12.3,28.5,0.00313,0.0148,10.2,0.112,0.527,Urban delivery,99.999,17876,2600,Diesel CI,26.2,0,86,1.2,1,2.38,1539,1020.48,11.21,392.49,326,3.58,125.4,39,0.00429,0.15,13.9,0.153,5.35,Urban delivery,99.999,28176,12900,Diesel CI,26.1,0,86.6,1.17,1,8.23,1490,1415.84,15.56,109.75,452.3,4.97,35.1,54.1,0.00595,0.0419,19.3,0.212,1.5,Regional delivery EMS,100,24176,3500,Diesel CI,60.7,0,89,1,1,5.54,148,787.77,5.61,225.08,251.7,1.79,71.9,30.1,0.00214,0.086,10.7,0.0765,3.07,Regional delivery EMS,100,38176,17500,Diesel CI,60.1,0,90,1,1,16.17,165,1003.6,7.14,57.35,320.6,2.28,18.3,38.4,0.00273,0.0219,13.7,0.0974,0.782,Long haul EMS,100.185,24176,3500,Diesel CI,79.7,0,88,1,1,4.22,35,722.13,5.14,206.32,230.7,1.64,65.9,27.6,0.00196,0.0788,9.85,0.0701,2.81,Long haul EMS,100.185,47176,26500,Diesel CI,77.9,0,90,1,1,20.49,49,975.79,6.95,36.82,311.8,2.22,11.8,37.3,0.00265,0.0141,13.3,0.0947,0.502,,,,,,,,,,,,,,,,,,,,,,,,,,,,,,,,,,,,,,,,,,,,,,,,,,,,,,,,,,,,,,,,,,,,,,,,,,,,,,,,,,,,,,,,,,,,,,,,,1,385/65 R22.5,e2*2017/2400*2019/318*T*9620*00,0.0047,No,2,315/80 R22.5,e2*2017/2400*2019/318*T*5012*00,0.0057,Yes,,,,,,,,,,,,,,,,,,,,,,,724,1093,693.23,,0,0
Match,Yes,DAF Trucks N.V.,DAF Trucks N.V.,XF  480 FT     ,5,5-LH,No,No,No,No,Diesel CI,19.5,FR,N3,BC,19500,C,Diesel,No,No,,20220929,1127615,"Hugo van der Goeslaan 1, 5643TW Eindhoven",N3,7470,,4x2,Yes,Yes,5417378,72338,DAF TRUCKS NV,,DAF,,90,2,H9Fm/jwfzKA8oyq9/QBqblsMBeY205rQVkpOgvb3vuQ=,,,2022-09-29,No,Yes,No,Yes,e4*2017/2400*2019/318*E*0866*01,e4*595/2009*2019/1939E*00170,355,550,1600,12.9,621.6,198.2,598.8,189.7,e1*2017/2400*2017/2400*G*0076*00,Option 2,AMT,12,1,,,Transmission Output Retarder,Measured,e1*2017/2400*2017/2400*O*0077*00,,,0,Measured,e1*2017/2400*2019/318*L*0371*00,Single reduction axle,2.529,Measured,e4*2017/2400*2019/318*P*0920*00,A16,Crankshaft mounted - Electronically controlled visco clutch,Variable displacement mech. controlled,,,,"Standard technology - LED headlights, all",Medium Supply 2-stage + ESS + AMS,3.3.11.2675,2022-09-12T14:51:05.7536772Z,RDWH-CD0-01,Regional delivery,100,17570,2600,Diesel CI,60.7,0,89,1,1,2.75,163,649.21,7.13,249.69,207.4,2.28,79.8,24.8,0.00273,0.0954,8.86,0.0973,3.41,Regional delivery,100,27870,12900,Diesel CI,60.5,0,90,1,1,9.97,162,804.92,8.85,62.4,257.2,2.83,19.9,30.8,0.00338,0.0238,11,0.121,0.851,Long haul,100.185,17570,2600,Diesel CI,79.8,0,85.4,1,1,1.4,38,611.22,6.72,235.08,195.3,2.15,75.1,23.4,0.00257,0.0898,8.34,0.0916,3.21,Long haul,100.185,34270,19300,Diesel CI,78.8,0,90,1,1,13.35,44,788.74,8.67,40.87,252,2.77,13.1,30.1,0.00331,0.0156,10.8,0.118,0.558,Urban delivery,99.999,17570,2600,Diesel CI,26.2,0,85.2,1.21,1,3.64,1555,1028.16,11.3,395.45,328.5,3.61,126.3,39.3,0.00432,0.151,14,0.154,5.39,Urban delivery,99.999,27870,12900,Diesel CI,26,0,86.6,1.18,1,11.54,1503,1418.97,15.59,110,453.3,4.98,35.1,54.2,0.00596,0.042,19.4,0.213,1.5,Regional delivery EMS,100,23870,3500,Diesel CI,60.6,0,89,1,1,7.5,158,822.89,5.86,235.11,262.9,1.87,75.1,31.4,0.00224,0.0899,11.2,0.0799,3.21,Regional delivery EMS,100,37870,17500,Diesel CI,59.6,0,90,1,1,19.88,179,1034.99,7.37,59.14,330.7,2.35,18.9,39.6,0.00282,0.0226,14.1,0.1,0.807,Long haul EMS,100.185,23870,3500,Diesel CI,79.6,0,86.5,1,1,6.58,39,768.1,5.47,219.46,245.4,1.75,70.1,29.4,0.00209,0.0839,10.5,0.0746,2.99,Long haul EMS,100.185,46870,26500,Diesel CI,77.1,0,90,0.98,1,25.63,52,1012.2,7.2,38.2,323.4,2.3,12.2,38.7,0.00275,0.0146,13.8,0.0983,0.521,,,,,,,,,,,,,,,,,,,,,,,,,,,,,,,,,,,,,,,,,,,,,,,,,,,,,,,,,,,,,,,,,,,,,,,,,,,,,,,,,,,,,,,,,,,,,,,,,1,385/65 R22.5,e13*2017/2400*2017/2400*T*0163*00,0.005,No,2,315/80 R22.5,e13*2017/2400*2017/2400*T*0171*00,0.0064,Yes,,,,,,,,,,,,,,,,,,,,,,,724,1093,737.76,,0,0
Match,Yes,DAF Trucks N.V.,DAF Trucks N.V.,XG  530 FT     ,5,5-LH,No,No,No,No,Diesel CI,19.5,RO,N3,BC,19500,C,Diesel,No,No,,20230301,1127623,"Hugo van der Goeslaan 1, 5643TW Eindhoven",N3,7836,,4x2,Yes,No,5758144,9685,van Doorne Automobiel Fabriek,,DAF,,90,2,,,,2023-03-01,No,Yes,No,Yes,e4*2017/2400*2019/318*E*0867*01,e4*595/2009*2019/1939E*00170,390,550,1600,12.9,621.6,198.2,598.8,189.7,e1*2017/2400*2017/2400*G*0076*00,Option 2,AMT,12,1,,,Transmission Output Retarder,Measured,e1*2017/2400*2017/2400*O*0077*00,,,0,Measured,e1*2017/2400*2019/318*L*0372*00,Single reduction axle,2.4,Measured,e4*2017/2400*2019/318*P*0921*00,A11,Crankshaft mounted - Electronically controlled visco clutch,Variable displacement mech. controlled,,,,"Standard technology - LED headlights, all",Medium Supply 2-stage + ESS + AMS,3.3.11.2675,2022-09-12T14:32:06.9883461Z,RDWH-CD0-01,Regional delivery,100,17936,2600,Diesel CI,60.8,0,89,1,1,1.92,155,600.92,6.6,231.12,192,2.11,73.8,23,0.00252,0.0883,8.2,0.0901,3.15,Regional delivery,100,28236,12900,Diesel CI,60.6,0,90,1,1,6.98,152,755.55,8.3,58.57,241.4,2.65,18.7,28.9,0.00317,0.0224,10.3,0.113,0.799,Long haul,100.185,17936,2600,Diesel CI,79.8,0,88,1,1,0.85,37,551.75,6.06,212.21,176.3,1.94,67.8,21.1,0.00232,0.0811,7.53,0.0827,2.9,Long haul,100.185,34636,19300,Diesel CI,79.3,0,90,1,1,9.78,35,729.27,8.01,37.79,233,2.56,12.1,27.9,0.00306,0.0144,9.95,0.109,0.515,Urban delivery,99.999,17936,2600,Diesel CI,26.2,0,86.1,1.2,1,2.2,1541,1009.08,11.09,388.11,322.4,3.54,124,38.6,0.00424,0.148,13.8,0.151,5.29,Urban delivery,99.999,28236,12900,Diesel CI,26.1,0,86.7,1.02,1,8.2,1506,1395.03,15.33,108.14,445.7,4.9,34.6,53.3,0.00586,0.0413,19,0.209,1.48,Regional delivery EMS,100,24236,3500,Diesel CI,60.7,0,89,1,1,5.19,152,774.71,5.51,221.35,247.5,1.76,70.7,29.6,0.00211,0.0846,10.6,0.0752,3.02,Regional delivery EMS,100,38236,17500,Diesel CI,60.2,0,90,1,1,15.62,164,984.06,7,56.23,314.4,2.24,18,37.6,0.00268,0.0215,13.4,0.0955,0.767,Long haul EMS,100.185,24236,3500,Diesel CI,79.8,0,88,0.97,1,3.81,37,710.88,5.06,203.11,227.1,1.62,64.9,27.2,0.00193,0.0776,9.7,0.069,2.77,Long haul EMS,100.185,47236,26500,Diesel CI,78,0,90,0.98,1,19.79,45,957.67,6.82,36.14,306,2.18,11.5,36.6,0.0026,0.0138,13.1,0.093,0.493,,,,,,,,,,,,,,,,,,,,,,,,,,,,,,,,,,,,,,,,,,,,,,,,,,,,,,,,,,,,,,,,,,,,,,,,,,,,,,,,,,,,,,,,,,,,,,,,,1,315/70 R22.5,e13*2017/2400*2019/318*T*0249*00,0.0048,No,2,315/70 R22.5,e13*2017/2400*2019/318*T*0252*00,0.0049,Yes,,,,,,,,,,,,,,,,,,,,,,,724,1108,679.33,,0,0
Match,Yes,DAF Trucks N.V.,DAF Trucks N.V.,XF 480 FT      ,5,5-LH,No,No,No,No,Diesel CI,20.5,NL,N3,BC,20500,C,Diesel,No,No,,20221212,1127637,"Hugo van der Goeslaan 1, 5643TW Eindhoven",N3,7865,,4x2,Yes,No,5596713,12730,DAF Trucks NV,,DAF,,90,2,8TgUxomYjeCDUpx/t//MlFNUq6ndzklNYUxD76AALq0=,,,2022-12-12,No,Yes,No,Yes,e4*2017/2400*2019/318*E*0816*00,e4*595/2009*2019/1939E*0149,355,550,1600,12.9,614.6,200.4,604.2,192.6,e1*2017/2400*2017/2400*G*0076*00,Option 2,AMT,12,1,,,Transmission Output Retarder,Measured,e1*2017/2400*2017/2400*O*0077*00,,,0,Measured,e4*2017/2400*2019/318*L*0008*02,Single reduction axle,2.211,Measured,e4*2017/2400*2019/318*P*0002*02,A15,Crankshaft mounted - Electronically controlled visco clutch,Variable displacement mech. controlled,,,,Standard technology,Medium Supply 2-stage + ESS + AMS,3.3.11.2675,2022-09-12T07:34:18.5668832Z,RDWH-CD0-01,Regional delivery,100,17965,2600,Diesel CI,60.7,0,89,1,1,2.99,190,653.98,7.19,251.53,208.9,2.3,80.4,25,0.00275,0.0961,8.92,0.098,3.43,Regional delivery,100,28265,12900,Diesel CI,60.5,0,90,1,1,10.84,174,811.59,8.92,62.91,259.3,2.85,20.1,31,0.00341,0.024,11.1,0.122,0.858,Long haul,100.185,17965,2600,Diesel CI,79.8,0,86.1,1,1,1.94,47,614.22,6.75,236.24,196.2,2.16,75.5,23.5,0.00258,0.0903,8.38,0.0921,3.22,Long haul,100.185,34665,19300,Diesel CI,78.8,0,90,1,1,13.79,58,797.42,8.76,41.32,254.8,2.8,13.2,30.5,0.00335,0.0158,10.9,0.12,0.564,Urban delivery,99.999,17965,2600,Diesel CI,26.2,0,85.3,1.11,1,3.26,1620,1026.74,11.28,394.9,328,3.6,126.2,39.2,0.00431,0.151,14,0.154,5.39,Urban delivery,99.999,28265,12900,Diesel CI,26,0,86.4,1.17,1,10.41,1544,1418.97,15.59,110,453.3,4.98,35.1,54.2,0.00596,0.042,19.4,0.213,1.5,Regional delivery EMS,100,24265,3500,Diesel CI,60.6,0,89,1,1,8.13,177,830.79,5.91,237.37,265.4,1.89,75.8,31.7,0.00226,0.0907,11.3,0.0807,3.24,Regional delivery EMS,100,38265,17500,Diesel CI,59.6,0,90,1,1,19.04,189,1043.58,7.43,59.63,333.4,2.37,19.1,39.9,0.00284,0.0228,14.2,0.101,0.814,Long haul EMS,100.185,24265,3500,Diesel CI,79.6,0,88,0.96,1,6.1,48,778.79,5.54,222.51,248.8,1.77,71.1,29.8,0.00212,0.085,10.6,0.0756,3.04,Long haul EMS,100.185,47265,26500,Diesel CI,77,0,90,1,1,25.46,74,1027.54,7.31,38.77,328.3,2.34,12.4,39.3,0.00279,0.0148,14,0.0998,0.529,,,,,,,,,,,,,,,,,,,,,,,,,,,,,,,,,,,,,,,,,,,,,,,,,,,,,,,,,,,,,,,,,,,,,,,,,,,,,,,,,,,,,,,,,,,,,,,,,1,385/65 R22.5,e13*2017/2400*2017/2400*T*0163*00,0.005,No,2,315/70 R22.5,e13*2017/2400*2017/2400*T*0170*00,0.006,Yes,,,,,,,,,,,,,,,,,,,,,,,724,1104,744.64,,0,0
Match,Yes,DAF Trucks N.V.,DAF Trucks N.V.,XG  480 FT     ,5,5-LH,No,No,No,No,Diesel CI,20.5,DE,N3,BC,20500,C,Diesel,No,No,,20221107,1127723,"Hugo van der Goeslaan 1, 5643TW Eindhoven",N3,7827,,4x2,Yes,No,6099001,126968,DAF TRUCKS (NL),,DAF,,90,2,CVFK42L1,,,2022-11-07,No,Yes,No,No,e4*2017/2400*2019/318*E*0866*01,e4*595/2009*2019/1939E*00170,355,550,1600,12.9,621.6,198.2,598.8,189.7,e1*2017/2400*2017/2400*G*0076*00,Option 2,AMT,12,1,,,Transmission Output Retarder,Measured,e1*2017/2400*2017/2400*O*0077*00,,,0,Measured,e1*2017/2400*2019/318*L*0373*00,Single reduction axle,2.211,Measured,e4*2017/2400*2019/318*P*0921*00,A11,Crankshaft mounted - Electronically controlled visco clutch,Variable displacement mech. controlled,,,,"Standard technology - LED headlights, all",Medium Supply 2-stage + ESS + AMS,3.3.11.2675,2022-09-13T06:40:51.1096484Z,RDWH-CD0-01,Regional delivery,100,17927,2600,Diesel CI,60.8,0,87.5,1,1,3.11,172,607.77,6.68,233.76,194.2,2.13,74.7,23.2,0.00255,0.0893,8.29,0.0911,3.19,Regional delivery,100,28227,12900,Diesel CI,60.5,0,87.5,1,1,11,160,772.83,8.49,59.91,246.9,2.71,19.1,29.5,0.00325,0.0229,10.5,0.116,0.817,Long haul,100.185,17927,2600,Diesel CI,79.9,0,86.5,1,1,1.59,43,556.65,6.12,214.1,177.8,1.95,68.4,21.3,0.00234,0.0818,7.59,0.0834,2.92,Long haul,100.185,34627,19300,Diesel CI,78.9,0,87.5,1,1,13.97,51,749.9,8.24,38.85,239.6,2.63,12.4,28.7,0.00315,0.0148,10.2,0.112,0.53,Urban delivery,99.999,17927,2600,Diesel CI,26.2,0,85.6,1.11,1,3.73,1581,1005.3,11.05,386.65,321.2,3.53,123.5,38.4,0.00422,0.148,13.7,0.151,5.27,Urban delivery,99.999,28227,12900,Diesel CI,26,0,86.7,1.16,1,11.37,1468,1396.54,15.35,108.26,446.2,4.9,34.6,53.4,0.00586,0.0414,19.1,0.209,1.48,Regional delivery EMS,100,24227,3500,Diesel CI,60.7,0,87.5,1,1,8.29,159,786.21,5.6,224.63,251.2,1.79,71.8,30,0.00214,0.0858,10.7,0.0763,3.06,Regional delivery EMS,100,38227,17500,Diesel CI,59.7,0,87.5,1,1,20.2,171,1006.51,7.16,57.51,321.6,2.29,18.4,38.5,0.00274,0.022,13.7,0.0977,0.785,Long haul EMS,100.185,24227,3500,Diesel CI,79.6,0,87,1,1,7.51,42,715.41,5.09,204.4,228.6,1.63,65.3,27.3,0.00195,0.0781,9.76,0.0695,2.79,Long haul EMS,100.185,47227,26500,Diesel CI,77,0,87.5,0.98,1,26.58,62,980.49,6.98,37,313.3,2.23,11.8,37.5,0.00267,0.0141,13.4,0.0952,0.505,,,,,,,,,,,,,,,,,,,,,,,,,,,,,,,,,,,,,,,,,,,,,,,,,,,,,,,,,,,,,,,,,,,,,,,,,,,,,,,,,,,,,,,,,,,,,,,,,1,315/70 R22.5,e2*2017/2400*2019/318*T*9616*00,0.004,No,2,315/70 R22.5,e2*2400/2017*2400/2017*T*8871*00,0.0068,Yes,,,,,,,,,,,,,,,,,,,,,,,724,1116,695.06,,0,0
Match,Yes,DAF Trucks N.V.,DAF Trucks N.V.,XG+ 530 FT     ,5,5-LH,No,No,No,No,Diesel CI,20.5,DE,N3,BC,20500,C,Diesel,No,No,,20221006,1127725,"Hugo van der Goeslaan 1, 5643TW Eindhoven",N3,7939,,4x2,Yes,No,6098998,126965,DAF TRUCKS (NL),,DAF,,90,2,J4PFIPJR,,,2022-10-06,No,Yes,No,Yes,e4*2017/2400*2019/318*E*0867*01,e4*595/2009*2019/1939E*00170,390,550,1600,12.9,621.6,198.2,598.8,189.7,e1*2017/2400*2017/2400*G*0076*00,Option 2,AMT,12,1,,,Transmission Output Retarder,Measured,e1*2017/2400*2017/2400*O*0077*00,,,0,Measured,e1*2017/2400*2019/318*L*0372*00,Single reduction axle,2.4,Measured,e4*2017/2400*2019/318*P*0919*00,A11,Crankshaft mounted - Electronically controlled visco clutch,Variable displacement mech. controlled,,,,"Standard technology - LED headlights, all",Medium Supply 2-stage + ESS + AMS,3.3.11.2675,2022-09-13T06:42:51.7592398Z,RDWH-CD0-01,Regional delivery,100,18039,2600,Diesel CI,60.8,0,89,1,1,1.96,152,618.2,6.79,237.77,197.5,2.17,76,23.6,0.0026,0.0909,8.43,0.0927,3.24,Regional delivery,100,28339,12900,Diesel CI,60.6,0,90,1,1,7.27,155,780.1,8.57,60.47,249.2,2.74,19.3,29.8,0.00328,0.0231,10.6,0.117,0.825,Long haul,100.185,18039,2600,Diesel CI,79.8,0,88,1,1,0.89,37,567.61,6.24,218.31,181.3,1.99,69.7,21.7,0.00238,0.0834,7.74,0.0851,2.98,Long haul,100.185,34739,19300,Diesel CI,79.3,0,90,1,1,10.12,37,756.26,8.31,39.18,241.6,2.66,12.5,28.9,0.00318,0.015,10.3,0.113,0.535,Urban delivery,99.999,18039,2600,Diesel CI,26.2,0,86,1.21,1,2.33,1542,1026.5,11.28,394.81,328,3.6,126.1,39.2,0.00431,0.151,14,0.154,5.39,Urban delivery,99.999,28339,12900,Diesel CI,26.1,0,86.5,1.18,1,8.44,1497,1420.32,15.61,110.1,453.8,4.99,35.2,54.3,0.00596,0.0421,19.4,0.213,1.5,Regional delivery EMS,100,24339,3500,Diesel CI,60.7,0,89,1,1,5.26,150,794.47,5.65,226.99,253.8,1.81,72.5,30.4,0.00216,0.0867,10.8,0.0771,3.1,Regional delivery EMS,100,38339,17500,Diesel CI,60.1,0,90,1,1,16.17,164,1012.92,7.21,57.88,323.6,2.3,18.5,38.7,0.00276,0.0221,13.8,0.0984,0.79,Long haul EMS,100.185,24339,3500,Diesel CI,79.8,0,88,1,1,4.01,36,727.24,5.18,207.78,232.3,1.65,66.4,27.8,0.00198,0.0794,9.92,0.0706,2.83,Long haul EMS,100.185,47339,26500,Diesel CI,77.9,0,90,1,1,20.36,46,985.08,7.01,37.17,314.7,2.24,11.9,37.6,0.00268,0.0142,13.4,0.0956,0.507,,,,,,,,,,,,,,,,,,,,,,,,,,,,,,,,,,,,,,,,,,,,,,,,,,,,,,,,,,,,,,,,,,,,,,,,,,,,,,,,,,,,,,,,,,,,,,,,,1,385/55 R22.5,e4*2017/2400*2019/318*T*0695*00,0.0058,No,2,315/70 R22.5,e4*2017/2400*2017/2400*T*0120*00,0.0063,Yes,,,,,,,,,,,,,,,,,,,,,,,724,1116,702.85,,0,0
Match,Yes,DAF Trucks N.V.,DAF Trucks N.V.,XG  480 FT     ,5,5-LH,No,No,No,No,Diesel CI,19.5,IT,N3,,19500,C,Diesel,No,No,,20221107,1127749,"Hugo van der Goeslaan 1, 5643TW Eindhoven",N3,7816,,4x2,Yes,No,6156638,14,DAF TRUCKS N.V.,,DAF,,90,2,7c3yLhgy3krwIKx56Vna0LUAnutGl/8468JJf2ove6U=,,,2022-11-07,No,Yes,No,Yes,e4*2017/2400*2019/318*E*0866*01,e4*595/2009*2019/1939E*00170,355,550,1600,12.9,621.6,198.2,598.8,189.7,e1*2017/2400*2017/2400*G*0076*00,Option 2,AMT,12,1,,,Transmission Output Retarder,Measured,e1*2017/2400*2017/2400*O*0077*00,,,0,Measured,e1*2017/2400*2019/318*L*0373*00,Single reduction axle,2.211,Measured,e4*2017/2400*2019/318*P*0921*00,A11,Crankshaft mounted - Electronically controlled visco clutch,Variable displacement mech. controlled,,,,"Standard technology - LED headlights, all",Medium Supply 2-stage + ESS + AMS,3.3.11.2675,2022-09-13T13:34:03.6472934Z,RDWH-CD0-01,Regional delivery,100,17916,2600,Diesel CI,60.7,0,89,1,1,2.95,171,598.83,6.58,230.32,191.3,2.1,73.6,22.9,0.00251,0.088,8.17,0.0898,3.14,Regional delivery,100,28216,12900,Diesel CI,60.4,0,90,1,1,10.81,158,757,8.32,58.68,241.9,2.66,18.7,28.9,0.00318,0.0224,10.3,0.113,0.801,Long haul,100.185,17916,2600,Diesel CI,79.8,0,88,1,1,1.57,43,549.83,6.04,211.47,175.7,1.93,67.6,21,0.00231,0.0808,7.5,0.0824,2.88,Long haul,100.185,34616,19300,Diesel CI,78.8,0,90,1,1,13.61,52,729.62,8.02,37.8,233.1,2.56,12.1,27.9,0.00306,0.0144,9.95,0.109,0.516,Urban delivery,99.999,17916,2600,Diesel CI,26.2,0,86,1.1,1,3.74,1580,1005.63,11.05,386.78,321.3,3.53,123.6,38.4,0.00422,0.148,13.7,0.151,5.28,Urban delivery,99.999,28216,12900,Diesel CI,26,0,86.7,1.16,1,11.39,1467,1397.36,15.36,108.32,446.4,4.91,34.6,53.4,0.00587,0.0414,19.1,0.209,1.48,Regional delivery EMS,100,24216,3500,Diesel CI,60.6,0,89,1,1,8.1,157,771.69,5.49,220.48,246.5,1.75,70.4,29.5,0.0021,0.0843,10.5,0.0749,3.01,Regional delivery EMS,100,38216,17500,Diesel CI,59.6,0,90,1,1,19.52,169,981.22,6.98,56.07,313.5,2.23,17.9,37.5,0.00267,0.0214,13.4,0.0953,0.765,Long haul EMS,100.185,24216,3500,Diesel CI,79.5,0,88,1,1,7.47,42,705.89,5.02,201.68,225.5,1.61,64.4,27,0.00192,0.0771,9.63,0.0685,2.75,Long haul EMS,100.185,47216,26500,Diesel CI,76.9,0,90,0.98,1,26.26,62,952.08,6.78,35.93,304.2,2.16,11.5,36.4,0.00259,0.0137,13,0.0924,0.49,,,,,,,,,,,,,,,,,,,,,,,,,,,,,,,,,,,,,,,,,,,,,,,,,,,,,,,,,,,,,,,,,,,,,,,,,,,,,,,,,,,,,,,,,,,,,,,,,1,385/55 R22.5,e13*2017/2400*2017/2400*T*0167*00,0.0049,No,2,315/70 R22.5,e13*2017/2400*2017/2400*T*0170*00,0.006,Yes,,,,,,,,,,,,,,,,,,,,,,,724,1117,679.07,,0,0
Match,Yes,DAF Trucks N.V.,DAF Trucks N.V.,XF 480 FT      ,5,5-LH,No,No,No,No,Diesel CI,20.5,NL,N3,BC,20500,C,Diesel,No,No,,20221116,1127753,"Hugo van der Goeslaan 1, 5643TW Eindhoven",N3,7915,,4x2,Yes,No,5596718,12735,DAF Trucks NV,,DAF,,90,2,YQ6rqI3/OSxz+kAjwB1BM/PBaKtzirJFzD2JuJUVnGg=,,,2022-11-16,No,Yes,No,Yes,e4*2017/2400*2019/318*E*0816*00,e4*595/2009*2019/1939E*0149,355,550,1600,12.9,614.6,200.4,604.2,192.6,e1*2017/2400*2017/2400*G*0076*00,Option 2,AMT,12,1,,,Transmission Output Retarder,Measured,e1*2017/2400*2017/2400*O*0077*00,,,0,Measured,e4*2017/2400*2019/318*L*0008*02,Single reduction axle,2.211,Measured,e4*2017/2400*2019/318*P*0002*02,A15,Crankshaft mounted - Electronically controlled visco clutch,Variable displacement mech. controlled,,,,Standard technology,Medium Supply 2-stage + ESS + AMS,3.3.11.2675,2022-09-13T06:30:55.5153758Z,RDWH-CD0-01,Regional delivery,100,18015,2600,Diesel CI,60.7,0,89,1,1,3,190,654.69,7.19,251.8,209.2,2.3,80.4,25,0.00275,0.0962,8.93,0.0981,3.44,Regional delivery,100,28315,12900,Diesel CI,60.5,0,90,1,1,10.84,174,812.77,8.93,63.01,259.7,2.85,20.1,31.1,0.00341,0.0241,11.1,0.122,0.86,Long haul,100.185,18015,2600,Diesel CI,79.8,0,86.2,1,1,1.97,47,614.72,6.76,236.43,196.4,2.16,75.5,23.5,0.00258,0.0904,8.39,0.0922,3.23,Long haul,100.185,34715,19300,Diesel CI,78.8,0,90,1,1,13.85,58,798.05,8.77,41.35,255,2.8,13.2,30.5,0.00335,0.0158,10.9,0.12,0.564,Urban delivery,99.999,18015,2600,Diesel CI,26.2,0,85.3,1.11,1,3.27,1615,1028.64,11.3,395.63,328.6,3.61,126.4,39.3,0.00432,0.151,14,0.154,5.4,Urban delivery,99.999,28315,12900,Diesel CI,26,0,86.4,1.17,1,10.46,1540,1420.73,15.61,110.13,453.9,4.99,35.2,54.3,0.00597,0.0421,19.4,0.213,1.5,Regional delivery EMS,100,24315,3500,Diesel CI,60.6,0,89,1,1,8.19,177,831.56,5.92,237.59,265.7,1.89,75.9,31.8,0.00226,0.0908,11.3,0.0807,3.24,Regional delivery EMS,100,38315,17500,Diesel CI,59.6,0,90,1,1,19.03,189,1044.21,7.43,59.67,333.6,2.37,19.1,39.9,0.00284,0.0228,14.2,0.101,0.814,Long haul EMS,100.185,24315,3500,Diesel CI,79.6,0,88,0.96,1,6.22,52,779.65,5.55,222.76,249.1,1.77,71.2,29.8,0.00212,0.0851,10.6,0.0757,3.04,Long haul EMS,100.185,47315,26500,Diesel CI,77,0,90,1,1,25.46,73,1027.98,7.32,38.79,328.4,2.34,12.4,39.3,0.0028,0.0148,14,0.0998,0.529,,,,,,,,,,,,,,,,,,,,,,,,,,,,,,,,,,,,,,,,,,,,,,,,,,,,,,,,,,,,,,,,,,,,,,,,,,,,,,,,,,,,,,,,,,,,,,,,,1,385/65 R22.5,e13*2017/2400*2017/2400*T*0163*00,0.005,No,2,315/70 R22.5,e13*2017/2400*2017/2400*T*0170*00,0.006,Yes,,,,,,,,,,,,,,,,,,,,,,,724,1104,745.28,,0,0
Match,Yes,DAF Trucks N.V.,DAF Trucks N.V.,XF 480 FT      ,5,5-LH,No,No,No,No,Diesel CI,20.5,NL,N3,BC,20500,C,Diesel,No,No,,20221116,1127755,"Hugo van der Goeslaan 1, 5643TW Eindhoven",N3,7865,,4x2,Yes,No,5615256,1308,DAF Trucks NV,,DAF,,90,2,nP2gTPnrCOOxdW0IgtjIPZt7RUzElaDqnAqWiO/uIUQ=,,,2022-11-16,No,Yes,No,Yes,e4*2017/2400*2019/318*E*0816*00,e4*595/2009*2019/1939E*0149,355,550,1600,12.9,614.6,200.4,604.2,192.6,e1*2017/2400*2017/2400*G*0076*00,Option 2,AMT,12,1,,,Transmission Output Retarder,Measured,e1*2017/2400*2017/2400*O*0077*00,,,0,Measured,e4*2017/2400*2019/318*L*0008*02,Single reduction axle,2.211,Measured,e4*2017/2400*2019/318*P*0002*02,A15,Crankshaft mounted - Electronically controlled visco clutch,Variable displacement mech. controlled,,,,Standard technology,Medium Supply 2-stage + ESS + AMS,3.3.11.2675,2022-09-13T06:27:53.682033Z,RDWH-CD0-01,Regional delivery,100,17965,2600,Diesel CI,60.7,0,89,1,1,2.99,190,653.98,7.19,251.53,208.9,2.3,80.4,25,0.00275,0.0961,8.92,0.098,3.43,Regional delivery,100,28265,12900,Diesel CI,60.5,0,90,1,1,10.84,174,811.59,8.92,62.91,259.3,2.85,20.1,31,0.00341,0.024,11.1,0.122,0.858,Long haul,100.185,17965,2600,Diesel CI,79.8,0,86.1,1,1,1.94,47,614.22,6.75,236.24,196.2,2.16,75.5,23.5,0.00258,0.0903,8.38,0.0921,3.22,Long haul,100.185,34665,19300,Diesel CI,78.8,0,90,1,1,13.79,58,797.42,8.76,41.32,254.8,2.8,13.2,30.5,0.00335,0.0158,10.9,0.12,0.564,Urban delivery,99.999,17965,2600,Diesel CI,26.2,0,85.3,1.11,1,3.26,1620,1026.74,11.28,394.9,328,3.6,126.2,39.2,0.00431,0.151,14,0.154,5.39,Urban delivery,99.999,28265,12900,Diesel CI,26,0,86.4,1.17,1,10.41,1544,1418.97,15.59,110,453.3,4.98,35.1,54.2,0.00596,0.042,19.4,0.213,1.5,Regional delivery EMS,100,24265,3500,Diesel CI,60.6,0,89,1,1,8.13,177,830.79,5.91,237.37,265.4,1.89,75.8,31.7,0.00226,0.0907,11.3,0.0807,3.24,Regional delivery EMS,100,38265,17500,Diesel CI,59.6,0,90,1,1,19.04,189,1043.58,7.43,59.63,333.4,2.37,19.1,39.9,0.00284,0.0228,14.2,0.101,0.814,Long haul EMS,100.185,24265,3500,Diesel CI,79.6,0,88,0.96,1,6.1,48,778.79,5.54,222.51,248.8,1.77,71.1,29.8,0.00212,0.085,10.6,0.0756,3.04,Long haul EMS,100.185,47265,26500,Diesel CI,77,0,90,1,1,25.46,74,1027.54,7.31,38.77,328.3,2.34,12.4,39.3,0.00279,0.0148,14,0.0998,0.529,,,,,,,,,,,,,,,,,,,,,,,,,,,,,,,,,,,,,,,,,,,,,,,,,,,,,,,,,,,,,,,,,,,,,,,,,,,,,,,,,,,,,,,,,,,,,,,,,1,385/65 R22.5,e13*2017/2400*2017/2400*T*0163*00,0.005,No,2,315/70 R22.5,e13*2017/2400*2017/2400*T*0170*00,0.006,Yes,,,,,,,,,,,,,,,,,,,,,,,724,1104,744.64,,0,0
Match,Yes,DAF Trucks N.V.,DAF Trucks N.V.,XF 480 FT      ,5,5-LH,No,No,No,No,Diesel CI,20.5,NL,N3,BC,20500,C,Diesel,No,No,,20220927,1127757,"Hugo van der Goeslaan 1, 5643TW Eindhoven",N3,7865,,4x2,Yes,No,5596869,12887,DAF Trucks NV,,DAF,,90,2,77Dx6NjCpb7PTTcv/r3LhInW3SkCTr6rYHnoPHb0VTg=,,,2022-09-27,No,Yes,No,Yes,e4*2017/2400*2019/318*E*0816*00,e4*595/2009*2019/1939E*0149,355,550,1600,12.9,614.6,200.4,604.2,192.6,e1*2017/2400*2017/2400*G*0076*00,Option 2,AMT,12,1,,,Transmission Output Retarder,Measured,e1*2017/2400*2017/2400*O*0077*00,,,0,Measured,e4*2017/2400*2019/318*L*0008*02,Single reduction axle,2.211,Measured,e4*2017/2400*2019/318*P*0002*02,A15,Crankshaft mounted - Electronically controlled visco clutch,Variable displacement mech. controlled,,,,Standard technology,Medium Supply 2-stage + ESS + AMS,3.3.11.2675,2022-09-13T06:28:48.8640869Z,RDWH-CD0-01,Regional delivery,100,17965,2600,Diesel CI,60.7,0,89,1,1,2.99,190,653.98,7.19,251.53,208.9,2.3,80.4,25,0.00275,0.0961,8.92,0.098,3.43,Regional delivery,100,28265,12900,Diesel CI,60.5,0,90,1,1,10.84,174,811.59,8.92,62.91,259.3,2.85,20.1,31,0.00341,0.024,11.1,0.122,0.858,Long haul,100.185,17965,2600,Diesel CI,79.8,0,86.1,1,1,1.94,47,614.22,6.75,236.24,196.2,2.16,75.5,23.5,0.00258,0.0903,8.38,0.0921,3.22,Long haul,100.185,34665,19300,Diesel CI,78.8,0,90,1,1,13.79,58,797.42,8.76,41.32,254.8,2.8,13.2,30.5,0.00335,0.0158,10.9,0.12,0.564,Urban delivery,99.999,17965,2600,Diesel CI,26.2,0,85.3,1.11,1,3.26,1620,1026.74,11.28,394.9,328,3.6,126.2,39.2,0.00431,0.151,14,0.154,5.39,Urban delivery,99.999,28265,12900,Diesel CI,26,0,86.4,1.17,1,10.41,1544,1418.97,15.59,110,453.3,4.98,35.1,54.2,0.00596,0.042,19.4,0.213,1.5,Regional delivery EMS,100,24265,3500,Diesel CI,60.6,0,89,1,1,8.13,177,830.79,5.91,237.37,265.4,1.89,75.8,31.7,0.00226,0.0907,11.3,0.0807,3.24,Regional delivery EMS,100,38265,17500,Diesel CI,59.6,0,90,1,1,19.04,189,1043.58,7.43,59.63,333.4,2.37,19.1,39.9,0.00284,0.0228,14.2,0.101,0.814,Long haul EMS,100.185,24265,3500,Diesel CI,79.6,0,88,0.96,1,6.1,48,778.79,5.54,222.51,248.8,1.77,71.1,29.8,0.00212,0.085,10.6,0.0756,3.04,Long haul EMS,100.185,47265,26500,Diesel CI,77,0,90,1,1,25.46,74,1027.54,7.31,38.77,328.3,2.34,12.4,39.3,0.00279,0.0148,14,0.0998,0.529,,,,,,,,,,,,,,,,,,,,,,,,,,,,,,,,,,,,,,,,,,,,,,,,,,,,,,,,,,,,,,,,,,,,,,,,,,,,,,,,,,,,,,,,,,,,,,,,,1,385/65 R22.5,e13*2017/2400*2017/2400*T*0163*00,0.005,No,2,315/70 R22.5,e13*2017/2400*2017/2400*T*0170*00,0.006,Yes,,,,,,,,,,,,,,,,,,,,,,,724,1104,744.64,,0,0
Match,Yes,DAF Trucks N.V.,DAF Trucks N.V.,XF 480 FT      ,5,5-LH,No,No,No,No,Diesel CI,20.5,NL,N3,BC,20500,C,Diesel,No,No,,20221207,1127759,"Hugo van der Goeslaan 1, 5643TW Eindhoven",N3,7845,,4x2,Yes,No,5617202,3259,DAF Trucks NV,,DAF,,90,2,BzFL7y9q/dDeyX/k6ayWHOBU5pCqBPxi2fGDQuHngiQ=,,,2022-12-07,No,Yes,No,Yes,e4*2017/2400*2019/318*E*0816*00,e4*595/2009*2019/1939E*0149,355,550,1600,12.9,614.6,200.4,604.2,192.6,e1*2017/2400*2017/2400*G*0076*00,Option 2,AMT,12,1,,,Transmission Output Retarder,Measured,e1*2017/2400*2017/2400*O*0077*00,,,0,Measured,e4*2017/2400*2019/318*L*0008*02,Single reduction axle,2.211,Measured,e4*2017/2400*2019/318*P*0002*02,A15,Crankshaft mounted - Electronically controlled visco clutch,Variable displacement mech. controlled,,,,Standard technology,Medium Supply 2-stage + ESS + AMS,3.3.11.2675,2022-09-13T06:33:51.2402654Z,RDWH-CD0-01,Regional delivery,100,17945,2600,Diesel CI,60.7,0,89,1,1,2.96,190,653.79,7.18,251.46,208.9,2.3,80.3,25,0.00275,0.0961,8.92,0.098,3.43,Regional delivery,100,28245,12900,Diesel CI,60.5,0,90,1,1,10.81,171,811.15,8.91,62.88,259.2,2.85,20.1,31,0.00341,0.024,11.1,0.122,0.858,Long haul,100.185,17945,2600,Diesel CI,79.8,0,86.1,1,1,1.94,47,613.99,6.75,236.15,196.2,2.16,75.4,23.5,0.00258,0.0902,8.38,0.092,3.22,Long haul,100.185,34645,19300,Diesel CI,78.8,0,90,1,1,13.76,59,797.24,8.76,41.31,254.7,2.8,13.2,30.5,0.00335,0.0158,10.9,0.12,0.564,Urban delivery,99.999,17945,2600,Diesel CI,26.2,0,85.4,1.11,1,3.27,1621,1025.92,11.27,394.58,327.8,3.6,126.1,39.2,0.00431,0.151,14,0.154,5.38,Urban delivery,99.999,28245,12900,Diesel CI,26,0,86.4,1.17,1,10.42,1542,1417.04,15.57,109.85,452.7,4.98,35.1,54.2,0.00595,0.042,19.3,0.212,1.5,Regional delivery EMS,100,24245,3500,Diesel CI,60.6,0,89,1,1,8.12,177,830.47,5.91,237.28,265.3,1.89,75.8,31.7,0.00226,0.0907,11.3,0.0806,3.24,Regional delivery EMS,100,38245,17500,Diesel CI,59.6,0,90,1,1,19.07,186,1043.32,7.43,59.62,333.3,2.37,19,39.9,0.00284,0.0228,14.2,0.101,0.813,Long haul EMS,100.185,24245,3500,Diesel CI,79.6,0,88,1,1,6.07,48,778.58,5.54,222.45,248.7,1.77,71.1,29.8,0.00212,0.085,10.6,0.0756,3.03,Long haul EMS,100.185,47245,26500,Diesel CI,77,0,90,1,1,25.43,74,1027.35,7.31,38.77,328.2,2.34,12.4,39.3,0.00279,0.0148,14,0.0998,0.529,,,,,,,,,,,,,,,,,,,,,,,,,,,,,,,,,,,,,,,,,,,,,,,,,,,,,,,,,,,,,,,,,,,,,,,,,,,,,,,,,,,,,,,,,,,,,,,,,1,385/65 R22.5,e13*2017/2400*2017/2400*T*0163*00,0.005,No,2,315/70 R22.5,e13*2017/2400*2017/2400*T*0170*00,0.006,Yes,,,,,,,,,,,,,,,,,,,,,,,724,1104,744.43,,0,0
Match,Yes,DAF Trucks N.V.,DAF Trucks N.V.,XF 530 FT      ,5,5-LH,No,No,No,No,Diesel CI,19.5,DE,N3,BC,19500,C,Diesel,No,No,,20221117,1127843,"Hugo van der Goeslaan 1, 5643TW Eindhoven",N3,7639,,4x2,Yes,Yes,6103490,131458,DAF TRUCKS (NL),,DAF,,90,2,XLCRDO/L,,,2022-11-17,No,Yes,No,No,e4*2017/2400*2019/318*E*0815*00,e4*595/2009*2019/1939E*0149,390,550,1675,12.9,614.6,200.4,604.2,192.6,e1*2017/2400*2017/2400*G*0076*00,Option 2,AMT,12,1,,,Transmission Output Retarder,Measured,e1*2017/2400*2017/2400*O*0077*00,,,0,Measured,e1*2017/2400*2019/318*L*0371*00,Single reduction axle,2.529,Measured,e4*2017/2400*2019/318*P*0002*02,A15,Crankshaft mounted - Electronically controlled visco clutch,Variable displacement mech. controlled,,,,"Standard technology - LED headlights, all",Medium Supply 2-stage + ESS + AMS,3.3.11.2675,2022-09-14T06:37:09.0481143Z,RDWH-CD0-01,Regional delivery,100,17739,2600,Diesel CI,60.8,0,87.5,1,1,2.05,164,675.76,7.43,259.91,215.9,2.37,83,25.8,0.00284,0.0993,9.22,0.101,3.55,Regional delivery,100,28039,12900,Diesel CI,60.7,0,87.5,1,1,7.53,164,845.86,9.3,65.57,270.2,2.97,20.9,32.3,0.00355,0.0251,11.5,0.127,0.895,Long haul,100.185,17739,2600,Diesel CI,79.9,0,86.5,1,1,0.93,37,635.22,6.98,244.31,202.9,2.23,78.1,24.3,0.00267,0.0934,8.67,0.0952,3.33,Long haul,100.185,34439,19300,Diesel CI,79.4,0,87.5,1,1,9.67,47,834.22,9.17,43.22,266.5,2.93,13.8,31.9,0.0035,0.0165,11.4,0.125,0.59,Urban delivery,99.999,17739,2600,Diesel CI,26.3,0,85.2,1.21,1,2.5,1506,1045.39,11.49,402.07,334,3.67,128.5,40,0.00439,0.154,14.3,0.157,5.49,Urban delivery,99.999,28039,12900,Diesel CI,26.1,0,86.2,1.09,1,8.74,1472,1443.6,15.86,111.91,461.2,5.07,35.8,55.2,0.00606,0.0428,19.7,0.216,1.53,Regional delivery EMS,100,24039,3500,Diesel CI,60.8,0,87.5,1,1,5.6,160,860.16,6.12,245.76,274.8,1.96,78.5,32.9,0.00234,0.0939,11.7,0.0835,3.35,Regional delivery EMS,100,38039,17500,Diesel CI,60.1,0,87.5,1,1,15.79,174,1090.86,7.76,62.33,348.5,2.48,19.9,41.7,0.00297,0.0238,14.9,0.106,0.85,Long haul EMS,100.185,24039,3500,Diesel CI,79.8,0,86.5,0.97,1,4.08,37,802.12,5.71,229.18,256.3,1.82,73.2,30.7,0.00218,0.0876,10.9,0.0779,3.13,Long haul EMS,100.185,47039,26500,Diesel CI,78,0,87.5,1,1,20.18,59,1076.78,7.66,40.63,344,2.45,13,41.2,0.00293,0.0155,14.7,0.105,0.554,,,,,,,,,,,,,,,,,,,,,,,,,,,,,,,,,,,,,,,,,,,,,,,,,,,,,,,,,,,,,,,,,,,,,,,,,,,,,,,,,,,,,,,,,,,,,,,,,1,385/55 R22.5,e13*2017/2400*2017/2400*T*0167*00,0.0049,No,2,315/70 R22.5,e13*2017/2400*2017/2400*T*0170*00,0.006,Yes,,,,,,,,,,,,,,,,,,,,,,,724,1116,776.55,,0,0
Match,Yes,DAF Trucks N.V.,DAF Trucks N.V.,XG+ 530 FT     ,5,5-LH,No,No,No,No,Diesel CI,19.5,DE,N3,BC,19500,C,Diesel,No,No,,20230307,1127847,"Hugo van der Goeslaan 1, 5643TW Eindhoven",N3,7979,,4x2,Yes,No,6098131,126098,DAF TRUCKS (NL),,DAF,,90,2,HLDYEW2Q,,,2023-03-07,No,Yes,No,Yes,e4*2017/2400*2019/318*E*0867*01,e4*595/2009*2019/1939E*00170,390,550,1600,12.9,621.6,198.2,598.8,189.7,e1*2017/2400*2017/2400*G*0076*00,Option 2,AMT,12,1,,,Transmission Output Retarder,Measured,e1*2017/2400*2017/2400*O*0077*00,,,0,Measured,e1*2017/2400*2019/318*L*0372*00,Single reduction axle,2.4,Measured,e4*2017/2400*2019/318*P*0919*00,A11,Crankshaft mounted - Electronically controlled visco clutch,Variable displacement mech. controlled,,,,"Standard technology - LED headlights, all",Medium Supply 2-stage + ESS + AMS,3.3.11.2675,2022-09-14T06:58:52.809966Z,RDWH-CD0-01,Regional delivery,100,18079,2600,Diesel CI,60.8,0,89,1,1,1.92,156,603.57,6.63,232.14,192.8,2.12,74.2,23.1,0.00253,0.0887,8.23,0.0905,3.17,Regional delivery,100,28379,12900,Diesel CI,60.6,0,90,1,1,7.06,152,758.95,8.34,58.83,242.5,2.66,18.8,29,0.00319,0.0225,10.4,0.114,0.803,Long haul,100.185,18079,2600,Diesel CI,79.8,0,88,1,1,0.85,37,552.11,6.07,212.35,176.4,1.94,67.8,21.1,0.00232,0.0812,7.53,0.0828,2.9,Long haul,100.185,34779,19300,Diesel CI,79.3,0,90,1,1,9.94,37,731,8.03,37.88,233.5,2.57,12.1,27.9,0.00307,0.0145,9.97,0.11,0.517,Urban delivery,99.999,18079,2600,Diesel CI,26.3,0,86.1,1.2,1,2.31,1532,1015.74,11.16,390.67,324.5,3.57,124.8,38.8,0.00427,0.149,13.9,0.152,5.33,Urban delivery,99.999,28379,12900,Diesel CI,26.1,0,86.7,1.18,1,8.36,1501,1403.07,15.42,108.76,448.3,4.93,34.7,53.6,0.00589,0.0416,19.1,0.21,1.48,Regional delivery EMS,100,24379,3500,Diesel CI,60.7,0,89,1,1,5.26,152,775.37,5.52,221.53,247.7,1.76,70.8,29.6,0.00211,0.0847,10.6,0.0753,3.02,Regional delivery EMS,100,38379,17500,Diesel CI,60.1,0,90,1,1,15.91,156,985.99,7.02,56.34,315,2.24,18,37.7,0.00268,0.0215,13.5,0.0957,0.769,Long haul EMS,100.185,24379,3500,Diesel CI,79.7,0,88,0.97,1,3.89,36,710.9,5.06,203.12,227.1,1.62,64.9,27.2,0.00193,0.0776,9.7,0.069,2.77,Long haul EMS,100.185,47379,26500,Diesel CI,78,0,90,0.98,1,19.83,44,958.6,6.82,36.17,306.3,2.18,11.6,36.6,0.00261,0.0138,13.1,0.0931,0.493,,,,,,,,,,,,,,,,,,,,,,,,,,,,,,,,,,,,,,,,,,,,,,,,,,,,,,,,,,,,,,,,,,,,,,,,,,,,,,,,,,,,,,,,,,,,,,,,,1,385/65 R22.5,e4*2017/2400*2019/0318*T*0681*00,0.0056,No,2,315/70 R22.5,e4*2017/2400*2017/2400*T*0119*00,0.0043,Yes,,,,,,,,,,,,,,,,,,,,,,,724,1116,680.83,,0,0
Match,Yes,DAF Trucks N.V.,DAF Trucks N.V.,XG  530 FT     ,5,5-LH,No,No,No,No,Diesel CI,20.5,DE,N3,BC,20500,C,Diesel,No,No,,20221006,1127849,"Hugo van der Goeslaan 1, 5643TW Eindhoven",N3,7821,,4x2,Yes,Yes,6098996,126963,DAF TRUCKS (NL),,DAF,,90,2,PJM1QCG+,,,2022-10-06,No,Yes,No,Yes,e4*2017/2400*2019/318*E*0867*01,e4*595/2009*2019/1939E*00170,390,550,1600,12.9,621.6,198.2,598.8,189.7,e1*2017/2400*2017/2400*G*0076*00,Option 2,AMT,12,1,,,Transmission Output Retarder,Measured,e1*2017/2400*2017/2400*O*0077*00,,,0,Measured,e1*2017/2400*2019/318*L*0372*00,Single reduction axle,2.4,Measured,e4*2017/2400*2019/318*P*0921*00,A16,Crankshaft mounted - Electronically controlled visco clutch,Variable displacement mech. controlled,,,,"Standard technology - LED headlights, all",Medium Supply 2-stage + ESS + AMS,3.3.11.2675,2022-09-14T07:05:37.7638217Z,RDWH-CD0-01,Regional delivery,100,17921,2600,Diesel CI,60.8,0,89,1,1,2.33,158,656.69,7.22,252.57,209.8,2.31,80.7,25.1,0.00276,0.0965,8.96,0.0984,3.45,Regional delivery,100,28221,12900,Diesel CI,60.6,0,90,1,1,7.9,158,816.58,8.97,63.3,260.9,2.87,20.2,31.2,0.00343,0.0242,11.1,0.122,0.864,Long haul,100.185,17921,2600,Diesel CI,79.9,0,85.7,1,1,1.01,39,615.33,6.76,236.67,196.6,2.16,75.6,23.5,0.00258,0.0904,8.39,0.0922,3.23,Long haul,100.185,34621,19300,Diesel CI,79.1,0,90,1,1,10.51,51,798.53,8.78,41.37,255.1,2.8,13.2,30.5,0.00335,0.0158,10.9,0.12,0.564,Urban delivery,99.999,17921,2600,Diesel CI,26.3,0,85.3,1.12,1,2.38,1525,1039.61,11.42,399.85,332.1,3.65,127.7,39.7,0.00437,0.153,14.2,0.156,5.45,Urban delivery,99.999,28221,12900,Diesel CI,26.1,0,86.3,1.11,1,8.48,1496,1431.02,15.73,110.93,457.2,5.02,35.4,54.7,0.00601,0.0424,19.5,0.215,1.51,Regional delivery EMS,100,24221,3500,Diesel CI,60.7,0,89,1,1,6.17,150,834.63,5.94,238.46,266.7,1.9,76.2,31.9,0.00227,0.0911,11.4,0.081,3.25,Regional delivery EMS,100,38221,17500,Diesel CI,60,0,90,1,1,15.57,180,1052.24,7.49,60.13,336.2,2.39,19.2,40.2,0.00286,0.023,14.4,0.102,0.82,Long haul EMS,100.185,24221,3500,Diesel CI,79.7,0,88,1,1,5.91,37,776.72,5.53,221.92,248.2,1.77,70.9,29.7,0.00211,0.0848,10.6,0.0754,3.03,Long haul EMS,100.185,47221,26500,Diesel CI,77.6,0,90,0.98,1,22.81,62,1025.87,7.3,38.71,327.8,2.33,12.4,39.2,0.00279,0.0148,14,0.0996,0.528,,,,,,,,,,,,,,,,,,,,,,,,,,,,,,,,,,,,,,,,,,,,,,,,,,,,,,,,,,,,,,,,,,,,,,,,,,,,,,,,,,,,,,,,,,,,,,,,,1,385/65 R22.5,e13*2017/2400*2017/2400*T*0163*00,0.005,No,2,315/80 R22.5,e13*2017/2400*2017/2400*T*0171*00,0.0064,Yes,,,,,,,,,,,,,,,,,,,,,,,724,1116,746.07,,0,0
Match,Yes,DAF Trucks N.V.,DAF Trucks N.V.,XF  480 FT     ,5,5-LH,No,No,No,No,Diesel CI,19.5,DE,N3,BC,19500,C,Diesel,No,No,,20230324,1127851,"Hugo van der Goeslaan 1, 5643TW Eindhoven",N3,7344,,4x2,Yes,Yes,6099007,126974,DAF TRUCKS (NL),,DAF,,90,2,S5FQIECO,,,2023-03-24,No,Yes,No,No,e4*2017/2400*2019/318*E*0866*01,e4*595/2009*2019/1939E*00170,355,550,1600,12.9,621.6,198.2,598.8,189.7,e1*2017/2400*2017/2400*G*0076*00,Option 2,AMT,12,1,,,Transmission Output Retarder,Measured,e1*2017/2400*2017/2400*O*0077*00,,,0,Measured,e1*2017/2400*2019/318*L*0373*00,Single reduction axle,2.471,Measured,e4*2017/2400*2019/318*P*0920*00,A16,Crankshaft mounted - Electronically controlled visco clutch,Variable displacement mech. controlled,,,,"Standard technology - LED headlights, all",Medium Supply 2-stage + ESS + AMS,3.3.11.2675,2022-09-14T07:08:43.1730683Z,RDWH-CD0-01,Regional delivery,100,17444,2600,Diesel CI,60.8,0,87.3,1,1,2.8,172,658.73,7.24,253.36,210.5,2.31,80.9,25.2,0.00277,0.0968,8.99,0.0988,3.46,Regional delivery,100,27744,12900,Diesel CI,60.6,0,87.5,1,1,10.25,158,822.35,9.04,63.75,262.7,2.89,20.4,31.4,0.00345,0.0244,11.2,0.123,0.87,Long haul,100.185,17444,2600,Diesel CI,79.9,0,86.5,1,1,1.38,40,619.2,6.8,238.15,197.8,2.17,76.1,23.7,0.0026,0.091,8.45,0.0928,3.25,Long haul,100.185,34144,19300,Diesel CI,78.9,0,87.5,1,1,14.22,47,809.44,8.89,41.94,258.6,2.84,13.4,30.9,0.0034,0.016,11,0.121,0.572,Urban delivery,99.999,17444,2600,Diesel CI,26.2,0,85.1,1.14,1,3.81,1609,1016.69,11.17,391.03,324.8,3.57,124.9,38.9,0.00427,0.149,13.9,0.152,5.33,Urban delivery,99.999,27744,12900,Diesel CI,26.1,0,86.1,1.18,1,11.11,1524,1407.82,15.47,109.13,449.8,4.94,34.9,53.8,0.00591,0.0417,19.2,0.211,1.49,Regional delivery EMS,100,23744,3500,Diesel CI,60.7,0,87.5,1,1,7.6,158,834.22,5.94,238.35,266.5,1.9,76.2,31.9,0.00227,0.0911,11.4,0.081,3.25,Regional delivery EMS,100,37744,17500,Diesel CI,59.7,0,87.5,1,1,20.38,174,1053.88,7.5,60.22,336.7,2.4,19.2,40.3,0.00287,0.023,14.4,0.102,0.822,Long haul EMS,100.185,23744,3500,Diesel CI,79.6,0,86.5,1,1,6.97,40,777.01,5.53,222,248.2,1.77,70.9,29.7,0.00211,0.0848,10.6,0.0754,3.03,Long haul EMS,100.185,46744,26500,Diesel CI,77.1,0,87.5,0.98,1,26.03,60,1038.4,7.39,39.18,331.8,2.36,12.5,39.7,0.00282,0.015,14.2,0.101,0.535,,,,,,,,,,,,,,,,,,,,,,,,,,,,,,,,,,,,,,,,,,,,,,,,,,,,,,,,,,,,,,,,,,,,,,,,,,,,,,,,,,,,,,,,,,,,,,,,,1,315/80 R22.5,e13*2017/2400*2017/2400*T*0160*00,0.0055,No,2,315/80 R22.5,e13*2017/2400*2017/2400*T*0171*00,0.0064,Yes,,,,,,,,,,,,,,,,,,,,,,,724,1116,754.46,,0,0
Match,Yes,DAF Trucks N.V.,DAF Trucks N.V.,XF  450 FT     ,5,5-LH,No,No,No,No,Diesel CI,19.5,DE,N3,BC,19500,C,Diesel,No,No,,20221215,1127853,"Hugo van der Goeslaan 1, 5643TW Eindhoven",N3,6919,,4x2,Yes,Yes,6097211,125178,DAF TRUCKS (NL),,DAF,,90,2,6VEDKLYW,,,2022-12-15,No,Yes,No,Yes,e4*2017/2400*2019/318*E*0865*01,e4*595/2009*2019/1939E*00168,330,550,1600,10.8,616.1,200.1,588.2,188.6,e1*2017/2400*2017/2400*G*0076*00,Option 2,AMT,12,1,,,Transmission Output Retarder,Measured,e1*2017/2400*2017/2400*O*0077*00,,,0,Measured,e1*2017/2400*2019/318*L*0373*00,Single reduction axle,2.375,Measured,e4*2017/2400*2019/318*P*0920*00,A15,Crankshaft mounted - Electronically controlled visco clutch,Variable displacement mech. controlled,,,,"Standard technology - LED headlights, all",Medium Supply 2-stage + ESS + AMS,3.3.11.2675,2022-09-14T12:20:41.0683359Z,RDWH-CD0-01,Regional delivery,100,17019,2600,Diesel CI,60.7,0,89,1,1,3.17,155,631.34,6.94,242.82,201.7,2.22,77.6,24.1,0.00265,0.0928,8.61,0.0946,3.31,Regional delivery,100,27319,12900,Diesel CI,60.3,0,90,1,1,11.06,169,787.9,8.66,61.08,251.7,2.77,19.5,30.1,0.00331,0.0233,10.7,0.118,0.833,Long haul,100.185,17019,2600,Diesel CI,79.8,0,85.5,1,1,2.03,38,588.17,6.46,226.22,187.9,2.06,72.3,22.5,0.00247,0.0865,8.02,0.0882,3.09,Long haul,100.185,33719,19300,Diesel CI,78.4,0,90,1,1,14.89,51,765.68,8.41,39.67,244.6,2.69,12.7,29.3,0.00322,0.0152,10.4,0.115,0.541,Urban delivery,99.999,17019,2600,Diesel CI,26.2,0,85.3,1.17,1,3.68,1548,1008.22,11.08,387.78,322.1,3.54,123.9,38.5,0.00423,0.148,13.8,0.151,5.29,Urban delivery,99.999,27319,12900,Diesel CI,25.9,0,86.3,1.1,1,11.69,1575,1406.2,15.45,109.01,449.3,4.94,34.8,53.7,0.00591,0.0417,19.2,0.211,1.49,Regional delivery EMS,100,23319,3500,Diesel CI,60.5,0,89,1,1,8.44,151,805.39,5.73,230.11,257.3,1.83,73.5,30.8,0.00219,0.0879,11,0.0782,3.14,Regional delivery EMS,100,37319,17500,Diesel CI,59.3,0,90,1,1,21.23,184,1015.5,7.23,58.03,324.4,2.31,18.5,38.8,0.00276,0.0222,13.9,0.0986,0.792,Long haul EMS,100.185,23319,3500,Diesel CI,79.4,0,86.6,0.99,1,7.42,40,744.73,5.3,212.78,237.9,1.69,68,28.5,0.00203,0.0813,10.2,0.0723,2.9,Long haul EMS,100.185,46319,26500,Diesel CI,76.4,0,90,1,1,27.75,63,988.68,7.04,37.31,315.9,2.25,11.9,37.8,0.00269,0.0143,13.5,0.096,0.509,,,,,,,,,,,,,,,,,,,,,,,,,,,,,,,,,,,,,,,,,,,,,,,,,,,,,,,,,,,,,,,,,,,,,,,,,,,,,,,,,,,,,,,,,,,,,,,,,1,315/70 R22.5,e13*2017/2400*2017/2400*T*0071*00,0.0055,No,2,315/70 R22.5,e13*2017/2400*2017/2400*T*0170*00,0.006,Yes,,,,,,,,,,,,,,,,,,,,,,,724,1116,715.28,,0,0
Match,Yes,DAF Trucks N.V.,DAF Trucks N.V.,XF 480 FT      ,5,5-LH,No,No,No,No,Diesel CI,20.5,FR,N3,BC,20500,C,Diesel,No,No,,20221109,1127865,"Hugo van der Goeslaan 1, 5643TW Eindhoven",N3,7819,,4x2,Yes,Yes,5420521,75481,DAF TRUCKS NV,,DAF,,90,2,Ijo500ZzlOLAPVTGDP8hnZlrduWEjdZyWklOciNnvJA=,,,2022-11-09,No,Yes,No,No,e4*2017/2400*2019/318*E*0816*00,e4*595/2009*2019/1939E*0149,355,550,1600,12.9,614.6,200.4,604.2,192.6,e1*2017/2400*2017/2400*G*0076*00,Option 2,AMT,12,1,,,Transmission Output Retarder,Measured,e1*2017/2400*2017/2400*O*0077*00,,,0,Measured,e4*2017/2400*2019/318*L*0008*02,Single reduction axle,2.375,Measured,e4*2017/2400*2019/318*P*0001*01,A16,Crankshaft mounted - Electronically controlled visco clutch,Variable displacement mech. controlled,,,,"Standard technology - LED headlights, all",Medium Supply 2-stage + ESS + AMS,3.3.11.2675,2022-09-14T06:20:42.7039811Z,RDWH-CD0-01,Regional delivery,100,17919,2600,Diesel CI,60.8,0,87.5,1,1,2.84,175,680.93,7.48,261.9,217.6,2.39,83.7,26,0.00286,0.1,9.29,0.102,3.57,Regional delivery,100,28219,12900,Diesel CI,60.6,0,87.5,1,1,9.92,158,850.73,9.35,65.95,271.8,2.99,21.1,32.5,0.00357,0.0252,11.6,0.128,0.9,Long haul,100.185,17919,2600,Diesel CI,79.9,0,86.5,1,1,1.56,41,641.7,7.05,246.81,205,2.25,78.9,24.5,0.00269,0.0943,8.75,0.0962,3.37,Long haul,100.185,34619,19300,Diesel CI,79.2,0,87.5,1,1,12.82,46,844.02,9.27,43.73,269.7,2.96,14,32.3,0.00354,0.0167,11.5,0.127,0.597,Urban delivery,99.999,17919,2600,Diesel CI,26.2,0,85.2,1.14,1,3.34,1646,1039.13,11.42,399.66,332,3.65,127.7,39.7,0.00436,0.153,14.2,0.156,5.45,Urban delivery,99.999,28219,12900,Diesel CI,26,0,86.1,1.19,1,10.43,1573,1427.25,15.68,110.64,456,5.01,35.3,54.5,0.00599,0.0423,19.5,0.214,1.51,Regional delivery EMS,100,24219,3500,Diesel CI,60.7,0,87.5,1,1,7.53,164,863.49,6.15,246.71,275.9,1.96,78.8,33,0.00235,0.0943,11.8,0.0838,3.37,Regional delivery EMS,100,38219,17500,Diesel CI,59.8,0,87.5,1,1,19.4,184,1090.44,7.76,62.31,348.4,2.48,19.9,41.7,0.00297,0.0238,14.9,0.106,0.85,Long haul EMS,100.185,24219,3500,Diesel CI,79.6,0,86.5,1,1,6.85,39,806.01,5.74,230.29,257.5,1.83,73.6,30.8,0.00219,0.088,11,0.0783,3.14,Long haul EMS,100.185,47219,26500,Diesel CI,77.3,0,87.5,0.97,1,25.86,54,1078.64,7.68,40.7,344.6,2.45,13,41.2,0.00293,0.0156,14.7,0.105,0.555,,,,,,,,,,,,,,,,,,,,,,,,,,,,,,,,,,,,,,,,,,,,,,,,,,,,,,,,,,,,,,,,,,,,,,,,,,,,,,,,,,,,,,,,,,,,,,,,,1,315/70 R22.5,e2*2400/2017*2400/2017*T*8841*00,0.0059,No,2,315/70 R22.5,e2*2400/2017*2400/2017*T*8871*00,0.0068,Yes,,,,,,,,,,,,,,,,,,,,,,,724,1093,784.97,,0,0
Match,Yes,DAF Trucks N.V.,DAF Trucks N.V.,XF 480 FT      ,5,5-LH,No,No,No,No,Diesel CI,20.5,FR,N3,BC,20500,C,Diesel,No,No,,20221011,1127867,"Hugo van der Goeslaan 1, 5643TW Eindhoven",N3,7341,,4x2,Yes,No,5420456,75416,DAF TRUCKS NV,,DAF,,90,2,d4rILFUEW6c1TGCZZJm0+pq46Brqj6gPDE+zPFRervM=,,,2022-10-11,No,Yes,No,Yes,e4*2017/2400*2019/318*E*0816*00,e4*595/2009*2019/1939E*0149,355,550,1600,12.9,614.6,200.4,604.2,192.6,e1*2017/2400*2017/2400*G*0076*00,Option 2,AMT,12,1,,,None,,,,,0,Measured,e4*2017/2400*2019/318*L*0008*02,Single reduction axle,2.375,Measured,e4*2017/2400*2019/318*P*0002*02,A15,Crankshaft mounted - Electronically controlled visco clutch,Variable displacement mech. controlled,,,,"Standard technology - LED headlights, all",Medium Supply 2-stage + ESS + AMS,3.3.11.2675,2022-09-14T06:23:09.4770681Z,RDWH-CD0-01,Regional delivery,100,17441,2600,Diesel CI,60.7,0,89,1,1,2.39,172,636.93,7,244.97,203.5,2.24,78.3,24.3,0.00267,0.0936,8.69,0.0955,3.34,Regional delivery,100,27741,12900,Diesel CI,60.5,0,90,1,1,9.14,164,792.07,8.7,61.4,253.1,2.78,19.6,30.3,0.00333,0.0235,10.8,0.119,0.838,Long haul,100.185,17441,2600,Diesel CI,79.8,0,85.9,1,1,1.51,41,602.23,6.62,231.63,192.4,2.11,74,23,0.00253,0.0885,8.22,0.0903,3.16,Long haul,100.185,34141,19300,Diesel CI,79,0,90,1,1,11.38,48,777.17,8.54,40.27,248.3,2.73,12.9,29.7,0.00326,0.0154,10.6,0.117,0.549,Urban delivery,99.999,17441,2600,Diesel CI,26.2,0,85.4,1.13,1,2.92,1655,999.09,10.98,384.27,319.2,3.51,122.8,38.2,0.0042,0.147,13.6,0.15,5.24,Urban delivery,99.999,27741,12900,Diesel CI,26,0,86.3,1.15,1,9.75,1561,1377.99,15.14,106.82,440.3,4.84,34.1,52.7,0.00579,0.0408,18.8,0.207,1.46,Regional delivery EMS,100,23741,3500,Diesel CI,60.6,0,89,1,1,6.8,167,812.7,5.78,232.2,259.6,1.85,74.2,31.1,0.00221,0.0887,11.1,0.0789,3.17,Regional delivery EMS,100,37741,17500,Diesel CI,59.7,0,90,1,1,18.48,180,1016.6,7.24,58.09,324.8,2.31,18.6,38.9,0.00277,0.0222,13.9,0.0987,0.792,Long haul EMS,100.185,23741,3500,Diesel CI,79.7,0,88,1,1,6.14,39,763.85,5.44,218.24,244,1.74,69.7,29.2,0.00208,0.0834,10.4,0.0742,2.98,Long haul EMS,100.185,46741,26500,Diesel CI,77.3,0,90,0.98,1,24.17,52,1003.58,7.14,37.87,320.6,2.28,12.1,38.4,0.00273,0.0145,13.7,0.0974,0.517,,,,,,,,,,,,,,,,,,,,,,,,,,,,,,,,,,,,,,,,,,,,,,,,,,,,,,,,,,,,,,,,,,,,,,,,,,,,,,,,,,,,,,,,,,,,,,,,,1,315/70 R22.5,e13*2017/2400*2019/318*T*0249*00,0.0048,No,2,315/70 R22.5,e13*2017/2400*2019/318*T*0252*00,0.0049,Yes,,,,,,,,,,,,,,,,,,,,,,,724,1093,726.77,,0,0
Match,Yes,DAF Trucks N.V.,DAF Trucks N.V.,XF 480 FT      ,5,5-LH,No,No,No,No,Diesel CI,20.5,FR,N3,BC,20500,C,Diesel,No,No,,20221005,1127869,"Hugo van der Goeslaan 1, 5643TW Eindhoven",N3,7539,,4x2,Yes,No,5420520,75480,DAF TRUCKS NV,,DAF,,90,2,NhzuMTRHHyWIZhrqKaf8Bfenihrbbv09lxUs0LlXrwg=,,,2022-10-05,No,Yes,No,Yes,e4*2017/2400*2019/318*E*0816*00,e4*595/2009*2019/1939E*0149,355,550,1600,12.9,614.6,200.4,604.2,192.6,e1*2017/2400*2017/2400*G*0076*00,Option 2,AMT,12,1,,,None,,,,,0,Measured,e4*2017/2400*2019/318*L*0008*02,Single reduction axle,2.375,Measured,e4*2017/2400*2019/318*P*0001*01,A15,Crankshaft mounted - Electronically controlled visco clutch,Variable displacement mech. controlled,,,,"Standard technology - LED headlights, all",Medium Supply 2-stage + ESS + AMS,3.3.11.2675,2022-09-14T06:23:57.9072157Z,RDWH-CD0-01,Regional delivery,100,17639,2600,Diesel CI,60.7,0,89,1,1,2.6,174,642.01,7.06,246.93,205.1,2.25,78.9,24.5,0.0027,0.0944,8.76,0.0962,3.37,Regional delivery,100,27939,12900,Diesel CI,60.5,0,90,1,1,9.25,162,800.33,8.79,62.04,255.7,2.81,19.8,30.6,0.00336,0.0237,10.9,0.12,0.846,Long haul,100.185,17639,2600,Diesel CI,79.8,0,86,1,1,1.57,42,606.41,6.66,233.23,193.7,2.13,74.5,23.2,0.00255,0.0891,8.27,0.0909,3.18,Long haul,100.185,34339,19300,Diesel CI,79,0,90,1,1,11.72,49,788.83,8.67,40.87,252,2.77,13.1,30.1,0.00331,0.0156,10.8,0.118,0.558,Urban delivery,99.999,17639,2600,Diesel CI,26.2,0,85.3,1.13,1,3.13,1650,1010.49,11.1,388.65,322.8,3.55,124.2,38.6,0.00424,0.149,13.8,0.151,5.3,Urban delivery,99.999,27939,12900,Diesel CI,26,0,86.3,1.1,1,10.02,1561,1393.78,15.32,108.04,445.3,4.89,34.5,53.3,0.00585,0.0413,19,0.209,1.47,Regional delivery EMS,100,23939,3500,Diesel CI,60.6,0,89,1,1,7.08,166,821.89,5.85,234.83,262.6,1.87,75,31.4,0.00224,0.0897,11.2,0.0798,3.2,Regional delivery EMS,100,37939,17500,Diesel CI,59.7,0,90,1,1,18.61,186,1032.21,7.35,58.98,329.8,2.35,18.8,39.4,0.00281,0.0225,14.1,0.1,0.805,Long haul EMS,100.185,23939,3500,Diesel CI,79.6,0,88,0.96,1,6.33,40,769.09,5.47,219.74,245.7,1.75,70.2,29.4,0.00209,0.084,10.5,0.0747,3,Long haul EMS,100.185,46939,26500,Diesel CI,77.1,0,90,0.97,1,24.66,53,1015.26,7.23,38.31,324.4,2.31,12.2,38.8,0.00276,0.0146,13.9,0.0986,0.523,,,,,,,,,,,,,,,,,,,,,,,,,,,,,,,,,,,,,,,,,,,,,,,,,,,,,,,,,,,,,,,,,,,,,,,,,,,,,,,,,,,,,,,,,,,,,,,,,1,315/70 R22.5,e2*2017/2400*2019/318*T*9616*00,0.004,No,2,315/70 R22.5,e2*2400/2017*2400/2017*T*8871*00,0.0068,Yes,,,,,,,,,,,,,,,,,,,,,,,724,1093,735.98,,0,0
Match,Yes,DAF Trucks N.V.,DAF Trucks N.V.,XG  530 FT     ,5,5-LH,No,No,No,No,Diesel CI,19.5,FR,N3,BC,19500,C,Diesel,No,No,,20221006,1127875,"Hugo van der Goeslaan 1, 5643TW Eindhoven",N3,8152,,4x2,Yes,No,5417390,72350,DAF TRUCKS NV,,DAF,,90,2,bCkDAZlxViGy3pG3XFmujD5DYB7hg+RdZItAwPARtlE=,,,2022-10-06,No,Yes,No,No,e4*2017/2400*2019/318*E*0867*01,e4*595/2009*2019/1939E*00170,390,550,1600,12.9,621.6,198.2,598.8,189.7,e1*2017/2400*2017/2400*G*0076*00,Option 2,AMT,12,1,,,Transmission Output Retarder,Measured,e1*2017/2400*2017/2400*O*0077*00,,,0,Measured,e1*2017/2400*2019/318*L*0372*00,Single reduction axle,2.4,Measured,e4*2017/2400*2019/318*P*0921*00,A11,Crankshaft mounted - Electronically controlled visco clutch,Variable displacement mech. controlled,,,,"Standard technology - LED headlights, all",Medium Supply 2-stage + ESS + AMS,3.3.11.2675,2022-09-14T07:31:03.5248832Z,RDWH-CD0-01,Regional delivery,100,18252,2600,Diesel CI,60.9,0,87.5,1,1,2.21,159,619.65,6.81,238.33,198,2.18,76.1,23.7,0.0026,0.0911,8.45,0.0929,3.25,Regional delivery,100,28552,12900,Diesel CI,60.7,0,87.5,1,1,7.33,160,787.38,8.65,61.04,251.6,2.76,19.5,30.1,0.00331,0.0233,10.7,0.118,0.833,Long haul,100.185,18252,2600,Diesel CI,80,0,86.5,1,1,1,39,565.99,6.22,217.69,180.8,1.99,69.5,21.6,0.00238,0.0832,7.72,0.0848,2.97,Long haul,100.185,34952,19300,Diesel CI,79.4,0,87.5,1,1,10.95,49,763.71,8.39,39.57,244,2.68,12.6,29.2,0.00321,0.0151,10.4,0.114,0.54,Urban delivery,99.999,18252,2600,Diesel CI,26.3,0,85.5,1.09,1,2.41,1511,1025.82,11.27,394.54,327.7,3.6,126.1,39.2,0.00431,0.151,14,0.154,5.38,Urban delivery,99.999,28552,12900,Diesel CI,26.1,0,86.7,1.1,1,8.36,1496,1417.2,15.57,109.86,452.8,4.98,35.1,54.2,0.00595,0.042,19.3,0.212,1.5,Regional delivery EMS,100,24552,3500,Diesel CI,60.8,0,87.5,1,1,5.78,151,800.14,5.69,228.61,255.6,1.82,73,30.6,0.00218,0.0874,10.9,0.0777,3.12,Regional delivery EMS,100,38552,17500,Diesel CI,60.1,0,87.5,1,1,15.95,176,1028.39,7.32,58.77,328.6,2.34,18.8,39.3,0.0028,0.0225,14,0.0999,0.802,Long haul EMS,100.185,24552,3500,Diesel CI,79.8,0,87.2,0.96,1,5.44,37,729.13,5.19,208.32,232.9,1.66,66.6,27.9,0.00198,0.0796,9.95,0.0708,2.84,Long haul EMS,100.185,47552,26500,Diesel CI,77.9,0,87.5,0.97,1,21.91,63,1000.13,7.12,37.74,319.5,2.27,12.1,38.2,0.00272,0.0144,13.6,0.0971,0.515,,,,,,,,,,,,,,,,,,,,,,,,,,,,,,,,,,,,,,,,,,,,,,,,,,,,,,,,,,,,,,,,,,,,,,,,,,,,,,,,,,,,,,,,,,,,,,,,,1,385/65 R22.5,e2*2017/2400*2019/318*T*9620*00,0.0047,No,2,315/80 R22.5,e2*2017/2400*2019/318*T*5012*00,0.0057,Yes,,,,,,,,,,,,,,,,,,,,,,,724,1093,707.66,,0,0
Match,Yes,DAF Trucks N.V.,DAF Trucks N.V.,XF 480 FT      ,5,5-LH,No,No,No,No,Diesel CI,20.5,NL,N3,BC,20500,C,Diesel,No,No,,20221128,1127897,"Hugo van der Goeslaan 1, 5643TW Eindhoven",N3,7955,,4x2,Yes,No,5617650,3708,DAF Trucks NV,,DAF,,90,2,fSKYQ0FH13OX1dNf1qayY00TSmhG/ZoNn3nTTaSKHIc=,,,2022-11-28,No,Yes,No,Yes,e4*2017/2400*2019/318*E*0816*00,e4*595/2009*2019/1939E*0149,355,550,1600,12.9,614.6,200.4,604.2,192.6,e1*2017/2400*2017/2400*G*0076*00,Option 2,AMT,12,1,,,Transmission Output Retarder,Measured,e1*2017/2400*2017/2400*O*0077*00,,,0,Measured,e4*2017/2400*2019/318*L*0008*02,Single reduction axle,2.211,Measured,e4*2017/2400*2019/318*P*0002*02,A15,Crankshaft mounted - Electronically controlled visco clutch,Variable displacement mech. controlled,,,,Standard technology,Medium Supply 2-stage + ESS + AMS,3.3.11.2675,2022-09-14T06:45:46.3557893Z,RDWH-CD0-01,Regional delivery,100,18055,2600,Diesel CI,60.7,0,89,1,1,3.03,191,655.37,7.2,252.07,209.4,2.3,80.5,25,0.00275,0.0963,8.94,0.0982,3.44,Regional delivery,100,28355,12900,Diesel CI,60.5,0,90,1,1,10.88,173,813,8.93,63.02,259.7,2.85,20.1,31.1,0.00341,0.0241,11.1,0.122,0.86,Long haul,100.185,18055,2600,Diesel CI,79.8,0,86.2,1,1,1.98,48,615.06,6.76,236.56,196.5,2.16,75.6,23.5,0.00258,0.0904,8.39,0.0922,3.23,Long haul,100.185,34755,19300,Diesel CI,78.8,0,90,1,1,13.92,58,798.58,8.78,41.38,255.1,2.8,13.2,30.5,0.00335,0.0158,10.9,0.12,0.564,Urban delivery,99.999,18055,2600,Diesel CI,26.2,0,85.3,1.11,1,3.28,1615,1030.14,11.32,396.21,329.1,3.62,126.6,39.4,0.00433,0.151,14.1,0.154,5.41,Urban delivery,99.999,28355,12900,Diesel CI,26,0,86.4,1.17,1,10.51,1538,1422.33,15.63,110.26,454.4,4.99,35.2,54.4,0.00597,0.0421,19.4,0.213,1.5,Regional delivery EMS,100,24355,3500,Diesel CI,60.6,0,89,1,1,8.26,177,832.4,5.92,237.83,265.9,1.89,76,31.8,0.00226,0.0909,11.4,0.0808,3.24,Regional delivery EMS,100,38355,17500,Diesel CI,59.6,0,90,1,1,19.17,190,1045.07,7.44,59.72,333.9,2.38,19.1,39.9,0.00284,0.0228,14.3,0.101,0.815,Long haul EMS,100.185,24355,3500,Diesel CI,79.6,0,88,0.96,1,6.18,50,780.04,5.55,222.87,249.2,1.77,71.2,29.8,0.00212,0.0852,10.6,0.0757,3.04,Long haul EMS,100.185,47355,26500,Diesel CI,77,0,90,1,1,25.59,74,1030.15,7.33,38.87,329.1,2.34,12.4,39.4,0.0028,0.0149,14.1,0.1,0.53,,,,,,,,,,,,,,,,,,,,,,,,,,,,,,,,,,,,,,,,,,,,,,,,,,,,,,,,,,,,,,,,,,,,,,,,,,,,,,,,,,,,,,,,,,,,,,,,,1,385/65 R22.5,e13*2017/2400*2017/2400*T*0163*00,0.005,No,2,315/70 R22.5,e13*2017/2400*2017/2400*T*0170*00,0.006,Yes,,,,,,,,,,,,,,,,,,,,,,,724,1104,745.74,,0,0
Match,Yes,DAF Trucks N.V.,DAF Trucks N.V.,XG  480 FT     ,5,5-LH,No,No,No,No,Diesel CI,20.5,NL,N3,BC,20500,C,Diesel,No,No,,20221116,1127899,"Hugo van der Goeslaan 1, 5643TW Eindhoven",N3,7841,,4x2,Yes,Yes,5615100,1151,DAF Trucks NV,,DAF,,90,2,jv2zfkQ1PAGXVdPVxFzsANJfrowrod8LY5ofps8MjZ4=,,,2022-11-16,No,Yes,No,No,e4*2017/2400*2019/318*E*0866*01,e4*595/2009*2019/1939E*00170,355,550,1600,12.9,621.6,198.2,598.8,189.7,e1*2017/2400*2017/2400*G*0076*00,Option 2,AMT,12,1,,,Transmission Output Retarder,Measured,e1*2017/2400*2017/2400*O*0077*00,,,0,Measured,e1*2017/2400*2019/318*L*0373*00,Single reduction axle,2.375,Measured,e4*2017/2400*2019/318*P*0921*00,A12,Crankshaft mounted - Electronically controlled visco clutch,Variable displacement mech. controlled,,,,"Standard technology - LED headlights, all",Medium Supply 2-stage + ESS + AMS,3.3.11.2675,2022-09-14T12:19:39.0685735Z,RDWH-CD0-01,Regional delivery,100,17941,2600,Diesel CI,60.8,0,87.5,1,1,2.9,166,605.23,6.65,232.78,193.4,2.12,74.4,23.1,0.00254,0.089,8.26,0.0907,3.18,Regional delivery,100,28241,12900,Diesel CI,60.6,0,87.5,1,1,9.43,170,761.31,8.37,59.02,243.2,2.67,18.9,29.1,0.0032,0.0226,10.4,0.114,0.805,Long haul,100.185,17941,2600,Diesel CI,79.9,0,86.5,1,1,1.36,39,555.34,6.1,213.59,177.4,1.95,68.2,21.2,0.00233,0.0816,7.58,0.0833,2.91,Long haul,100.185,34641,19300,Diesel CI,79.1,0,87.5,1,1,12.03,48,738.03,8.11,38.24,235.8,2.59,12.2,28.2,0.0031,0.0146,10.1,0.111,0.522,Urban delivery,99.999,17941,2600,Diesel CI,26.2,0,85.5,1.18,1,3.91,1600,1002.04,11.01,385.4,320.1,3.52,123.1,38.3,0.00421,0.147,13.7,0.15,5.26,Urban delivery,99.999,28241,12900,Diesel CI,26,0,86.7,1.17,1,10.86,1513,1381.44,15.18,107.09,441.4,4.85,34.2,52.8,0.0058,0.0409,18.8,0.207,1.46,Regional delivery EMS,100,24241,3500,Diesel CI,60.7,0,87.5,1,1,7.36,163,775.3,5.52,221.51,247.7,1.76,70.8,29.6,0.00211,0.0847,10.6,0.0753,3.02,Regional delivery EMS,100,38241,17500,Diesel CI,59.8,0,87.5,1,1,19.19,179,988.48,7.04,56.48,315.8,2.25,18,37.8,0.00269,0.0216,13.5,0.096,0.771,Long haul EMS,100.185,24241,3500,Diesel CI,79.7,0,86.9,1,1,6.11,39,712.22,5.07,203.49,227.5,1.62,65,27.2,0.00194,0.0778,9.72,0.0692,2.78,Long haul EMS,100.185,47241,26500,Diesel CI,77.4,0,87.5,0.98,1,24.11,48,964.41,6.86,36.39,308.1,2.19,11.6,36.9,0.00262,0.0139,13.2,0.0936,0.496,,,,,,,,,,,,,,,,,,,,,,,,,,,,,,,,,,,,,,,,,,,,,,,,,,,,,,,,,,,,,,,,,,,,,,,,,,,,,,,,,,,,,,,,,,,,,,,,,1,385/65 R22.5,e2*2400/2017*2400/2017*T*8804*00,0.005,No,2,315/70 R22.5,e2*2400/2017*2400/2017*T*8840*00,0.004,Yes,,,,,,,,,,,,,,,,,,,,,,,724,1104,686.35,,0,0
Match,Yes,DAF Trucks N.V.,DAF Trucks N.V.,XG+ 530 FT     ,5,5-LH,No,No,No,No,Diesel CI,19.5,DE,N3,BC,19500,C,Diesel,No,No,,20221028,1127993,"Hugo van der Goeslaan 1, 5643TW Eindhoven",N3,7756,,4x2,Yes,Yes,6098353,126320,DAF TRUCKS (NL),,DAF,,90,2,448SQFZC,,,2022-10-28,No,Yes,No,No,e4*2017/2400*2019/318*E*0867*01,e4*595/2009*2019/1939E*00170,390,550,1600,12.9,621.6,198.2,598.8,189.7,e1*2017/2400*2017/2400*G*0076*00,Option 2,AMT,12,1,,,Transmission Output Retarder,Measured,e1*2017/2400*2017/2400*O*0077*00,,,0,Measured,e1*2017/2400*2019/318*L*0372*00,Single reduction axle,2.4,Measured,e4*2017/2400*2019/318*P*0919*00,A12,Crankshaft mounted - Electronically controlled visco clutch,Variable displacement mech. controlled,,,,"Standard technology - LED headlights, all",Medium Supply 2-stage + ESS + AMS,3.3.11.2675,2022-09-15T06:58:52.8957896Z,RDWH-CD0-01,Regional delivery,100,17856,2600,Diesel CI,60.9,0,87.5,1,1,2.09,151,630.6,6.93,242.54,201.5,2.21,77.5,24.1,0.00265,0.0927,8.6,0.0945,3.31,Regional delivery,100,28156,12900,Diesel CI,60.7,0,87.5,1,1,7.39,158,799.4,8.78,61.97,255.4,2.81,19.8,30.6,0.00336,0.0237,10.9,0.12,0.845,Long haul,100.185,17856,2600,Diesel CI,79.9,0,86.5,1,1,0.82,36,579.82,6.37,223.01,185.2,2.04,71.2,22.2,0.00243,0.0852,7.91,0.0869,3.04,Long haul,100.185,34556,19300,Diesel CI,79.4,0,87.5,1,1,10.18,37,780.58,8.58,40.44,249.4,2.74,12.9,29.8,0.00328,0.0155,10.6,0.117,0.552,Urban delivery,99.999,17856,2600,Diesel CI,26.3,0,85.4,1.19,1,2.24,1541,1023.41,11.25,393.62,327,3.59,125.8,39.1,0.0043,0.15,14,0.153,5.37,Urban delivery,99.999,28156,12900,Diesel CI,26.1,0,86.5,1.18,1,8.36,1499,1414.5,15.54,109.65,451.9,4.97,35,54.1,0.00594,0.0419,19.3,0.212,1.5,Regional delivery EMS,100,24156,3500,Diesel CI,60.8,0,87.5,1,1,5.41,150,811.88,5.78,231.97,259.4,1.85,74.1,31,0.00221,0.0886,11.1,0.0788,3.16,Regional delivery EMS,100,38156,17500,Diesel CI,60.2,0,87.5,1,1,15.63,160,1042.02,7.42,59.54,332.9,2.37,19,39.8,0.00283,0.0228,14.2,0.101,0.812,Long haul EMS,100.185,24156,3500,Diesel CI,79.9,0,86.5,1,1,3.98,36,742.64,5.29,212.18,237.3,1.69,67.8,28.4,0.00202,0.0811,10.1,0.0721,2.89,Long haul EMS,100.185,47156,26500,Diesel CI,78,0,87.5,1,1,20.56,46,1017.13,7.24,38.38,325,2.31,12.3,38.9,0.00277,0.0147,13.9,0.0988,0.524,,,,,,,,,,,,,,,,,,,,,,,,,,,,,,,,,,,,,,,,,,,,,,,,,,,,,,,,,,,,,,,,,,,,,,,,,,,,,,,,,,,,,,,,,,,,,,,,,1,385/65 R22.5,e2*2400/2017*2400/2017*T*8804*00,0.005,No,2,315/70 R22.5,e2*2400/2017*2400/2017*T*8871*00,0.0068,Yes,,,,,,,,,,,,,,,,,,,,,,,724,1116,723.19,,0,0
Match,Yes,DAF Trucks N.V.,DAF Trucks N.V.,XF 480 FT      ,5,5-LH,No,No,No,No,Diesel CI,20.5,FR,N3,BC,20500,C,Diesel,No,No,,20221014,1127997,"Hugo van der Goeslaan 1, 5643TW Eindhoven",N3,7819,,4x2,Yes,Yes,5420524,75484,DAF TRUCKS NV,,DAF,,90,2,7muMnXNK+aCDSbCG4biUIS0cv+8q4+vZZRvXXaRy4Ek=,,,2022-10-14,No,Yes,No,No,e4*2017/2400*2019/318*E*0816*00,e4*595/2009*2019/1939E*0149,355,550,1600,12.9,614.6,200.4,604.2,192.6,e1*2017/2400*2017/2400*G*0076*00,Option 2,AMT,12,1,,,Transmission Output Retarder,Measured,e1*2017/2400*2017/2400*O*0077*00,,,0,Measured,e4*2017/2400*2019/318*L*0008*02,Single reduction axle,2.375,Measured,e4*2017/2400*2019/318*P*0001*01,A16,Crankshaft mounted - Electronically controlled visco clutch,Variable displacement mech. controlled,,,,"Standard technology - LED headlights, all",Medium Supply 2-stage + ESS + AMS,3.3.11.2675,2022-09-15T21:52:58.6823998Z,RDWH-CD0-01,Regional delivery,100,17919,2600,Diesel CI,60.8,0,87.5,1,1,2.84,175,680.93,7.48,261.9,217.6,2.39,83.7,26,0.00286,0.1,9.29,0.102,3.57,Regional delivery,100,28219,12900,Diesel CI,60.6,0,87.5,1,1,9.92,158,850.73,9.35,65.95,271.8,2.99,21.1,32.5,0.00357,0.0252,11.6,0.128,0.9,Long haul,100.185,17919,2600,Diesel CI,79.9,0,86.5,1,1,1.56,41,641.7,7.05,246.81,205,2.25,78.9,24.5,0.00269,0.0943,8.75,0.0962,3.37,Long haul,100.185,34619,19300,Diesel CI,79.2,0,87.5,1,1,12.82,46,844.02,9.27,43.73,269.7,2.96,14,32.3,0.00354,0.0167,11.5,0.127,0.597,Urban delivery,99.999,17919,2600,Diesel CI,26.2,0,85.2,1.14,1,3.34,1646,1039.13,11.42,399.66,332,3.65,127.7,39.7,0.00436,0.153,14.2,0.156,5.45,Urban delivery,99.999,28219,12900,Diesel CI,26,0,86.1,1.19,1,10.43,1573,1427.25,15.68,110.64,456,5.01,35.3,54.5,0.00599,0.0423,19.5,0.214,1.51,Regional delivery EMS,100,24219,3500,Diesel CI,60.7,0,87.5,1,1,7.53,164,863.49,6.15,246.71,275.9,1.96,78.8,33,0.00235,0.0943,11.8,0.0838,3.37,Regional delivery EMS,100,38219,17500,Diesel CI,59.8,0,87.5,1,1,19.4,184,1090.44,7.76,62.31,348.4,2.48,19.9,41.7,0.00297,0.0238,14.9,0.106,0.85,Long haul EMS,100.185,24219,3500,Diesel CI,79.6,0,86.5,1,1,6.85,39,806.01,5.74,230.29,257.5,1.83,73.6,30.8,0.00219,0.088,11,0.0783,3.14,Long haul EMS,100.185,47219,26500,Diesel CI,77.3,0,87.5,0.97,1,25.86,54,1078.64,7.68,40.7,344.6,2.45,13,41.2,0.00293,0.0156,14.7,0.105,0.555,,,,,,,,,,,,,,,,,,,,,,,,,,,,,,,,,,,,,,,,,,,,,,,,,,,,,,,,,,,,,,,,,,,,,,,,,,,,,,,,,,,,,,,,,,,,,,,,,1,315/70 R22.5,e2*2400/2017*2400/2017*T*8841*00,0.0059,No,2,315/70 R22.5,e2*2400/2017*2400/2017*T*8871*00,0.0068,Yes,,,,,,,,,,,,,,,,,,,,,,,724,1093,784.97,,0,0
Match,Yes,DAF Trucks N.V.,DAF Trucks N.V.,XF  480 FT     ,5,5-LH,No,No,No,No,Diesel CI,19.5,FR,N3,BC,19500,C,Diesel,No,No,,20221017,1128001,"Hugo van der Goeslaan 1, 5643TW Eindhoven",N3,7251,,4x2,Yes,No,5417400,72360,DAF TRUCKS NV,,DAF,,90,2,aISuYIVoqVwywlXiB1nxMhRb6prHnmgsv6J9tV2EeBU=,,,2022-10-17,No,Yes,No,Yes,e4*2017/2400*2019/318*E*0866*01,e4*595/2009*2019/1939E*00170,355,550,1600,12.9,621.6,198.2,598.8,189.7,e1*2017/2400*2017/2400*G*0076*00,Option 2,AMT,12,1,,,None,,,,,0,Measured,e1*2017/2400*2019/318*L*0373*00,Single reduction axle,2.375,Measured,e4*2017/2400*2019/318*P*0920*00,A11,Crankshaft mounted - Electronically controlled visco clutch,Variable displacement mech. controlled,,,,"Standard technology - LED headlights, all",Medium Supply 2-stage + ESS + AMS,3.3.11.2675,2022-09-15T07:00:32.6783375Z,RDWH-CD0-01,Regional delivery,100,17351,2600,Diesel CI,60.7,0,89,1,1,2.4,168,567.41,6.24,218.23,181.3,1.99,69.7,21.7,0.00238,0.0834,7.74,0.0851,2.98,Regional delivery,100,27651,12900,Diesel CI,60.5,0,90,1,1,8.47,164,713.57,7.84,55.32,228,2.51,17.7,27.3,0.003,0.0211,9.73,0.107,0.755,Long haul,100.185,17351,2600,Diesel CI,79.8,0,88,1,1,1.35,41,521.06,5.73,200.41,166.5,1.83,64,19.9,0.00219,0.0766,7.11,0.0781,2.73,Long haul,100.185,34051,19300,Diesel CI,79.1,0,90,1,1,11.11,45,687.45,7.55,35.62,219.6,2.41,11.4,26.3,0.00289,0.0136,9.38,0.103,0.486,Urban delivery,99.999,17351,2600,Diesel CI,26.2,0,85.5,1.19,1,3.45,1615,965.88,10.61,371.49,308.6,3.39,118.7,36.9,0.00406,0.142,13.2,0.145,5.07,Urban delivery,99.999,27651,12900,Diesel CI,26,0,86.8,1,1,10.1,1514,1345.48,14.79,104.3,429.9,4.72,33.3,51.4,0.00565,0.0399,18.4,0.202,1.42,Regional delivery EMS,100,23651,3500,Diesel CI,60.6,0,89,1,1,6.53,163,734.54,5.23,209.87,234.7,1.67,67.1,28.1,0.002,0.0802,10,0.0713,2.86,Regional delivery EMS,100,37651,17500,Diesel CI,59.8,0,90,1,1,18.07,173,932.88,6.64,53.31,298,2.12,17,35.7,0.00254,0.0204,12.7,0.0906,0.727,Long haul EMS,100.185,23651,3500,Diesel CI,79.7,0,88.2,1,1,5.12,40,675.39,4.81,192.97,215.8,1.54,61.7,25.8,0.00184,0.0737,9.21,0.0656,2.63,Long haul EMS,100.185,46651,26500,Diesel CI,77.4,0,90,0.98,1,22.79,49,907.04,6.46,34.23,289.8,2.06,10.9,34.7,0.00247,0.0131,12.4,0.0881,0.467,,,,,,,,,,,,,,,,,,,,,,,,,,,,,,,,,,,,,,,,,,,,,,,,,,,,,,,,,,,,,,,,,,,,,,,,,,,,,,,,,,,,,,,,,,,,,,,,,1,315/70 R22.5,e2*2017/2400*2019/318*T*9616*00,0.004,No,2,315/70 R22.5,e2*2400/2017*2400/2017*T*8840*00,0.004,Yes,,,,,,,,,,,,,,,,,,,,,,,724,1093,640.75,,0,0
Match,Yes,DAF Trucks N.V.,DAF Trucks N.V.,XF  530 FT     ,5,5-LH,No,No,No,No,Diesel CI,19.5,FR,N3,BC,19500,C,Diesel,No,No,,20221007,1128003,"Hugo van der Goeslaan 1, 5643TW Eindhoven",N3,7513,,4x2,Yes,Yes,5417405,72365,DAF TRUCKS NV,,DAF,,90,2,7XCSQ+y72dLUscARL0vBnvIYwmLcjI0kte4djHmVxwA=,,,2022-10-07,No,Yes,No,Yes,e4*2017/2400*2019/318*E*0867*01,e4*595/2009*2019/1939E*00170,390,550,1600,12.9,621.6,198.2,598.8,189.7,e1*2017/2400*2017/2400*G*0076*00,Option 2,AMT,12,1,,,Transmission Output Retarder,Measured,e1*2017/2400*2017/2400*O*0077*00,,,0,Measured,e1*2017/2400*2019/318*L*0371*00,Single reduction axle,2.529,Measured,e4*2017/2400*2019/318*P*0920*00,A12,Crankshaft mounted - Electronically controlled visco clutch,Variable displacement mech. controlled,,,,"Standard technology - LED headlights, all",Medium Supply 2-stage + ESS + AMS,3.3.11.2675,2022-09-15T07:10:27.148764Z,RDWH-CD0-01,Regional delivery,100,17613,2600,Diesel CI,60.8,0,89,1,1,1.9,157,614.19,6.75,236.23,196.2,2.16,75.5,23.5,0.00258,0.0903,8.38,0.0921,3.22,Regional delivery,100,27913,12900,Diesel CI,60.7,0,90,1,1,7.3,154,774.14,8.51,60.01,247.3,2.72,19.2,29.6,0.00325,0.0229,10.6,0.116,0.819,Long haul,100.185,17613,2600,Diesel CI,79.8,0,88,1,1,0.8,39,567.24,6.23,218.17,181.2,1.99,69.7,21.7,0.00238,0.0834,7.74,0.085,2.98,Long haul,100.185,34313,19300,Diesel CI,79.3,0,90,1,1,9.79,36,751.37,8.26,38.93,240.1,2.64,12.4,28.7,0.00316,0.0149,10.3,0.113,0.531,Urban delivery,99.999,17613,2600,Diesel CI,26.2,0,85.9,1.21,1,2.23,1533,1013.81,11.14,389.93,323.9,3.56,124.6,38.7,0.00426,0.149,13.8,0.152,5.32,Urban delivery,99.999,27913,12900,Diesel CI,26.1,0,86.5,1.18,1,8.1,1489,1409.18,15.49,109.24,450.2,4.95,34.9,53.9,0.00592,0.0417,19.2,0.211,1.49,Regional delivery EMS,100,23913,3500,Diesel CI,60.7,0,89,1,1,5.5,146,791.36,5.63,226.1,252.8,1.8,72.2,30.2,0.00215,0.0864,10.8,0.0768,3.08,Regional delivery EMS,100,37913,17500,Diesel CI,60.2,0,90,1,1,15.13,166,1009.85,7.19,57.71,322.6,2.3,18.4,38.6,0.00275,0.0221,13.8,0.0981,0.787,Long haul EMS,100.185,23913,3500,Diesel CI,79.8,0,88,1,1,4,36,728.65,5.19,208.19,232.8,1.66,66.5,27.8,0.00198,0.0796,9.94,0.0707,2.84,Long haul EMS,100.185,46913,26500,Diesel CI,77.9,0,90,1,1,20.53,50,981.7,6.99,37.05,313.6,2.23,11.8,37.5,0.00267,0.0142,13.4,0.0953,0.505,,,,,,,,,,,,,,,,,,,,,,,,,,,,,,,,,,,,,,,,,,,,,,,,,,,,,,,,,,,,,,,,,,,,,,,,,,,,,,,,,,,,,,,,,,,,,,,,,1,315/80 R22.5,e2*2017/2400*2020/1181*T*5014*00,0.005,No,2,315/80 R22.5,e2*2017/2400*2019/318*T*5012*00,0.0057,Yes,,,,,,,,,,,,,,,,,,,,,,,724,1093,699.13,,0,0
Match,Yes,DAF Trucks N.V.,DAF Trucks N.V.,XG  480 FT     ,5,5-LH,No,No,No,No,Diesel CI,19,DE,N3,BC,19000,C,Diesel,No,No,,20221024,1128133,"Hugo van der Goeslaan 1, 5643TW Eindhoven",N3,8034,,4x2,Yes,No,6098193,126160,DAF TRUCKS (NL),,DAF,,90,2,/WDWTBMN,,,2022-10-24,No,Yes,No,Yes,e4*2017/2400*2019/318*E*0866*01,e4*595/2009*2019/1939E*00170,355,550,1600,12.9,621.6,198.2,598.8,189.7,e1*2017/2400*2017/2400*G*0076*00,Option 2,AMT,12,1,,,Transmission Output Retarder,Measured,e1*2017/2400*2017/2400*O*0077*00,,,0,Measured,e1*2017/2400*2019/318*L*0373*00,Single reduction axle,2.211,Measured,e4*2017/2400*2019/318*P*0921*00,A12,Crankshaft mounted - Electronically controlled visco clutch,Variable displacement mech. controlled,,,,"Standard technology - LED headlights, all",Medium Supply 2-stage + ESS + AMS,3.3.11.2675,2022-09-15T22:15:44.5933605Z,RDWH-CD0-01,Regional delivery,100,18134,2600,Diesel CI,60.7,0,89,1,1,2.68,162,616.08,6.77,236.96,196.8,2.16,75.7,23.5,0.00259,0.0906,8.4,0.0924,3.23,Regional delivery,100,28434,12900,Diesel CI,60.5,0,90,1,1,9.53,160,770.56,8.47,59.73,246.2,2.71,19.1,29.4,0.00324,0.0228,10.5,0.116,0.815,Long haul,100.185,18134,2600,Diesel CI,79.8,0,88,1,1,1.47,40,568.86,6.25,218.79,181.7,2,69.9,21.7,0.00239,0.0836,7.76,0.0853,2.98,Long haul,100.185,34834,19300,Diesel CI,79,0,90,1,1,11.89,47,749.09,8.23,38.81,239.3,2.63,12.4,28.6,0.00315,0.0148,10.2,0.112,0.529,Urban delivery,99.999,18134,2600,Diesel CI,26.2,0,85.4,1.2,1,3.76,1580,1027.96,11.3,395.37,328.4,3.61,126.3,39.3,0.00432,0.151,14,0.154,5.39,Urban delivery,99.999,28434,12900,Diesel CI,26,0,86.5,1.09,1,11.34,1500,1411.1,15.51,109.39,450.8,4.95,34.9,53.9,0.00593,0.0418,19.3,0.212,1.49,Regional delivery EMS,100,24434,3500,Diesel CI,60.6,0,89,1,1,7.39,158,787.11,5.6,224.89,251.5,1.79,71.8,30.1,0.00214,0.0859,10.7,0.0764,3.07,Regional delivery EMS,100,38434,17500,Diesel CI,59.6,0,90,1,1,19.04,177,996.35,7.09,56.93,318.3,2.27,18.2,38.1,0.00271,0.0218,13.6,0.0967,0.777,Long haul EMS,100.185,24434,3500,Diesel CI,79.6,0,88,1,1,5.92,39,724.19,5.15,206.91,231.4,1.65,66.1,27.7,0.00197,0.0791,9.88,0.0703,2.82,Long haul EMS,100.185,47434,26500,Diesel CI,77.2,0,90,0.98,1,23.71,49,969.55,6.9,36.59,309.8,2.2,11.7,37.1,0.00264,0.014,13.2,0.0941,0.499,,,,,,,,,,,,,,,,,,,,,,,,,,,,,,,,,,,,,,,,,,,,,,,,,,,,,,,,,,,,,,,,,,,,,,,,,,,,,,,,,,,,,,,,,,,,,,,,,1,315/60 R22.5,e2*2017/2400*2019/318*T*9619*00,0.0051,No,2,295/60 R22.5,e2*2400/2017*2400/2017*T*8808*00,0.0064,Yes,,,,,,,,,,,,,,,,,,,,,,,724,1116,697.94,,0,0
Match,Yes,DAF Trucks N.V.,DAF Trucks N.V.,XG+ 530 FT     ,5,5-LH,No,No,No,No,Diesel CI,19.5,DE,N3,BC,19500,C,Diesel,No,No,,20221021,1128135,"Hugo van der Goeslaan 1, 5643TW Eindhoven",N3,8066,,4x2,Yes,No,6098446,126413,DAF TRUCKS (NL),,DAF,,90,2,ZDTTJB70,,,2022-10-21,No,Yes,No,Yes,e4*2017/2400*2019/318*E*0867*01,e4*595/2009*2019/1939E*00170,390,550,1600,12.9,621.6,198.2,598.8,189.7,e1*2017/2400*2017/2400*G*0076*00,Option 2,AMT,12,1,,,Transmission Output Retarder,Measured,e1*2017/2400*2017/2400*O*0077*00,,,0,Measured,e1*2017/2400*2019/318*L*0372*00,Single reduction axle,2.4,Measured,e4*2017/2400*2019/318*P*0919*00,A10,Crankshaft mounted - Electronically controlled visco clutch,Variable displacement mech. controlled,,,,"Standard technology - LED headlights, all",Medium Supply 2-stage + ESS + AMS,3.3.11.2675,2022-09-15T22:22:16.2262549Z,RDWH-CD0-01,Regional delivery,100,18166,2600,Diesel CI,60.8,0,89,1,1,1.88,153,590.76,6.49,227.21,188.7,2.07,72.6,22.6,0.00248,0.0868,8.06,0.0886,3.1,Regional delivery,100,28466,12900,Diesel CI,60.6,0,90,1,1,6.93,151,743.67,8.17,57.65,237.6,2.61,18.4,28.4,0.00312,0.022,10.1,0.111,0.786,Long haul,100.185,18166,2600,Diesel CI,79.8,0,88.1,1,1,0.81,34,537.96,5.91,206.91,171.9,1.89,66.1,20.6,0.00226,0.0791,7.34,0.0806,2.82,Long haul,100.185,34866,19300,Diesel CI,79.3,0,90,1,1,9.96,35,714.95,7.86,37.04,228.4,2.51,11.8,27.3,0.003,0.0142,9.75,0.107,0.505,Urban delivery,99.999,18166,2600,Diesel CI,26.3,0,85.6,1,1,2.32,1530,1011.06,11.11,388.87,323,3.55,124.2,38.6,0.00425,0.149,13.8,0.152,5.31,Urban delivery,99.999,28466,12900,Diesel CI,26.1,0,86.8,1.17,1,8.31,1498,1394.21,15.32,108.08,445.4,4.89,34.5,53.3,0.00586,0.0413,19,0.209,1.47,Regional delivery EMS,100,24466,3500,Diesel CI,60.7,0,89,1,1,5.22,150,764.31,5.44,218.37,244.2,1.74,69.8,29.2,0.00208,0.0835,10.4,0.0742,2.98,Regional delivery EMS,100,38466,17500,Diesel CI,60.2,0,90,1,1,15.53,164,972.13,6.92,55.55,310.6,2.21,17.7,37.2,0.00264,0.0212,13.3,0.0944,0.758,Long haul EMS,100.185,24466,3500,Diesel CI,79.7,0,88.3,0.97,1,3.79,36,697.93,4.97,199.41,223,1.59,63.7,26.7,0.0019,0.0762,9.52,0.0678,2.72,Long haul EMS,100.185,47466,26500,Diesel CI,78,0,90,1,1,19.57,43,943.35,6.71,35.6,301.4,2.15,11.4,36.1,0.00257,0.0136,12.9,0.0916,0.486,,,,,,,,,,,,,,,,,,,,,,,,,,,,,,,,,,,,,,,,,,,,,,,,,,,,,,,,,,,,,,,,,,,,,,,,,,,,,,,,,,,,,,,,,,,,,,,,,1,385/55 R22.5,e13*2017/2400*2017/2400*T*0181*00,0.004,No,2,315/70 R22.5,e13*2017/2400*2019/318*T*0252*00,0.0049,Yes,,,,,,,,,,,,,,,,,,,,,,,724,1116,665.45,,0,0
Match,Yes,DAF Trucks N.V.,DAF Trucks N.V.,XG+ 530 FT     ,5,5-LH,No,No,No,No,Diesel CI,19.5,DE,N3,BC,19500,C,Diesel,No,No,,20230106,1128137,"Hugo van der Goeslaan 1, 5643TW Eindhoven",N3,8076,,4x2,Yes,No,6098480,126447,DAF TRUCKS (NL),,DAF,,90,2,RXKPTGBG,,,2023-01-06,No,Yes,No,Yes,e4*2017/2400*2019/318*E*0867*01,e4*595/2009*2019/1939E*00170,390,550,1600,12.9,621.6,198.2,598.8,189.7,e1*2017/2400*2017/2400*G*0076*00,Option 2,AMT,12,1,,,Transmission Output Retarder,Measured,e1*2017/2400*2017/2400*O*0077*00,,,0,Measured,e1*2017/2400*2019/318*L*0372*00,Single reduction axle,2.4,Measured,e4*2017/2400*2019/318*P*0919*00,A10,Crankshaft mounted - Electronically controlled visco clutch,Variable displacement mech. controlled,,,,"Standard technology - LED headlights, all",Medium Supply 2-stage + ESS + AMS,3.3.11.2675,2022-09-15T22:25:01.3224003Z,RDWH-CD0-01,Regional delivery,100,18176,2600,Diesel CI,60.8,0,89,1,1,1.88,153,590.91,6.49,227.27,188.8,2.07,72.6,22.6,0.00248,0.0869,8.06,0.0886,3.1,Regional delivery,100,28476,12900,Diesel CI,60.6,0,90,1,1,6.93,151,743.81,8.17,57.66,237.6,2.61,18.4,28.4,0.00312,0.022,10.1,0.112,0.787,Long haul,100.185,18176,2600,Diesel CI,79.8,0,88.1,1,1,0.81,34,538.07,5.91,206.95,171.9,1.89,66.1,20.6,0.00226,0.0791,7.34,0.0807,2.82,Long haul,100.185,34876,19300,Diesel CI,79.3,0,90,1,1,9.96,35,715.07,7.86,37.05,228.5,2.51,11.8,27.3,0.003,0.0142,9.76,0.107,0.505,Urban delivery,99.999,18176,2600,Diesel CI,26.3,0,85.6,1,1,2.33,1534,1011.33,11.11,388.97,323.1,3.55,124.3,38.6,0.00425,0.149,13.8,0.152,5.31,Urban delivery,99.999,28476,12900,Diesel CI,26.1,0,86.8,1.17,1,8.32,1498,1394.51,15.32,108.1,445.5,4.9,34.5,53.3,0.00586,0.0413,19,0.209,1.47,Regional delivery EMS,100,24476,3500,Diesel CI,60.7,0,89,1,1,5.22,150,764.46,5.44,218.42,244.2,1.74,69.8,29.2,0.00208,0.0835,10.4,0.0742,2.98,Regional delivery EMS,100,38476,17500,Diesel CI,60.2,0,90,1,1,15.53,164,972.27,6.92,55.56,310.6,2.21,17.8,37.2,0.00264,0.0212,13.3,0.0944,0.758,Long haul EMS,100.185,24476,3500,Diesel CI,79.7,0,88.3,0.97,1,3.79,36,698.05,4.97,199.44,223,1.59,63.7,26.7,0.0019,0.0762,9.52,0.0678,2.72,Long haul EMS,100.185,47476,26500,Diesel CI,78,0,90,1,1,19.59,43,943.44,6.71,35.6,301.4,2.15,11.4,36.1,0.00257,0.0136,12.9,0.0916,0.486,,,,,,,,,,,,,,,,,,,,,,,,,,,,,,,,,,,,,,,,,,,,,,,,,,,,,,,,,,,,,,,,,,,,,,,,,,,,,,,,,,,,,,,,,,,,,,,,,1,385/55 R22.5,e13*2017/2400*2017/2400*T*0181*00,0.004,No,2,315/70 R22.5,e13*2017/2400*2019/318*T*0252*00,0.0049,Yes,,,,,,,,,,,,,,,,,,,,,,,724,1116,665.57,,0,0
